{
"type": "FeatureCollection",
"name": "CONDOMINIOS",
"crs": { "type": "name", "properties": { "name": "urn:ogc:def:crs:OGC:1.3:CRS84" } },
"features": [
{ "type": "Feature", "properties": { "nome": "Condomínio Residencial Spazio Aurea", "LAYER": "CONDOMINIOS" }, "geometry": { "type": "Polygon", "coordinates": [ [ [ -48.162378323009321, -21.807253718215165 ], [ -48.162560439299476, -21.80739237710101 ], [ -48.162839521735663, -21.807161061394407 ], [ -48.162889939606202, -21.807216271467105 ], [ -48.163042019811812, -21.80708980986676 ], [ -48.162918877044639, -21.806960358708853 ], [ -48.162999214963392, -21.806895476256333 ], [ -48.162851486431265, -21.806764457005936 ], [ -48.162378323009321, -21.807253718215165 ] ] ] } },
{ "type": "Feature", "properties": { "nome": "Condominio Residencial Dos Ipes I", "LAYER": "CONDOMINIOS" }, "geometry": { "type": "Polygon", "coordinates": [ [ [ -48.162479053472829, -21.770638201965223 ], [ -48.162410247454297, -21.771129966913964 ], [ -48.162260082979842, -21.772108605899529 ], [ -48.162423536482002, -21.772167981759804 ], [ -48.16252214195233, -21.772203754467057 ], [ -48.16252278313425, -21.772200485514613 ], [ -48.162620168398504, -21.772237795566618 ], [ -48.162711172865663, -21.772272660953455 ], [ -48.162712620796071, -21.772273215680151 ], [ -48.162749940167316, -21.772003348440176 ], [ -48.162804746871302, -21.771633124539701 ], [ -48.162843293709543, -21.771371572238014 ], [ -48.162906099989648, -21.771018126707428 ], [ -48.162579056545937, -21.770702567593581 ], [ -48.162479053472829, -21.770638201965223 ] ] ] } },
{ "type": "Feature", "properties": { "nome": "ED. Jardim Paulistano", "LAYER": "CONDOMINIOS" }, "geometry": { "type": "Polygon", "coordinates": [ [ [ -48.157125305886936, -21.776124665401529 ], [ -48.157068777501102, -21.776495273735332 ], [ -48.157070827634023, -21.776498830073603 ], [ -48.157073521688361, -21.77650198994737 ], [ -48.157076773953456, -21.776504652826151 ], [ -48.157080480959259, -21.776506733991027 ], [ -48.157083793391585, -21.776507908009691 ], [ -48.1574964149316, -21.776563233866369 ], [ -48.157545782300161, -21.776230587433663 ], [ -48.157353645000612, -21.776206167517664 ], [ -48.157361717386074, -21.776156439687099 ], [ -48.157125305886936, -21.776124665401529 ] ] ] } },
{ "type": "Feature", "properties": { "nome": "Condomínio Edifício Terra Brasil", "LAYER": "CONDOMINIOS" }, "geometry": { "type": "Polygon", "coordinates": [ [ [ -48.182396107942751, -21.798080129021958 ], [ -48.182490524097666, -21.797710510709955 ], [ -48.182099651725309, -21.797616880806252 ], [ -48.181948653479942, -21.798174622519966 ], [ -48.182058781871163, -21.798204161274118 ], [ -48.182169181213602, -21.798233772619668 ], [ -48.182263645086493, -21.798259109682281 ], [ -48.182344826354765, -21.798280884041073 ], [ -48.182396107942751, -21.798080129021958 ] ] ] } },
{ "type": "Feature", "properties": { "nome": "Edifício Portal Da Vila", "LAYER": "CONDOMINIOS" }, "geometry": { "type": "Polygon", "coordinates": [ [ [ -48.160680243325707, -21.790009543644373 ], [ -48.16069420671689, -21.790193250674292 ], [ -48.160712025931531, -21.790451195722888 ], [ -48.160759986656664, -21.790455394946761 ], [ -48.160808064168542, -21.790458196834546 ], [ -48.160856211804088, -21.790459598666658 ], [ -48.160904382832157, -21.790459599082322 ], [ -48.160936486757969, -21.790458820738493 ], [ -48.160968566451231, -21.790457419850409 ], [ -48.161000608073145, -21.790455397022345 ], [ -48.16123978222803, -21.790441940112721 ], [ -48.161125756449508, -21.790117652062417 ], [ -48.161100857396235, -21.790050481424036 ], [ -48.160680243325707, -21.790009543644373 ] ] ] } },
{ "type": "Feature", "properties": { "nome": "Condomínio Professor Ulisses Dos Santos Ribeiro (Cociza)", "LAYER": "CONDOMINIOS" }, "geometry": { "type": "Polygon", "coordinates": [ [ [ -48.170774588419043, -21.785670105720651 ], [ -48.170715840232326, -21.785346669512474 ], [ -48.170635867053889, -21.785028927079388 ], [ -48.17058832738784, -21.784889411031454 ], [ -48.170500395037344, -21.784738966483015 ], [ -48.170446723644019, -21.784647139430898 ], [ -48.169944364100964, -21.785034059373647 ], [ -48.170287261057858, -21.785158669010755 ], [ -48.170201655978467, -21.785350208441635 ], [ -48.169745817148396, -21.785187471989609 ], [ -48.16964163989185, -21.785269118727644 ], [ -48.16956624399733, -21.785327373326297 ], [ -48.169199006543366, -21.785642594255478 ], [ -48.169164654928259, -21.785651836862868 ], [ -48.169147148427761, -21.785674585975169 ], [ -48.169585119866198, -21.785948734225521 ], [ -48.169722387187541, -21.78604146904825 ], [ -48.169818698594526, -21.786104099369574 ], [ -48.16993371568752, -21.786178893670101 ], [ -48.169823004781755, -21.786365142584433 ], [ -48.170834153720804, -21.786597511982023 ], [ -48.170849753902139, -21.786359850265104 ], [ -48.1708560901263, -21.786325585614644 ], [ -48.170838983168977, -21.786257360081105 ], [ -48.170832600463321, -21.786124067525119 ], [ -48.170823115895665, -21.786035363979288 ], [ -48.170813642577798, -21.785900031468142 ], [ -48.170802533647795, -21.785815060775246 ], [ -48.170798135284102, -21.785781418275484 ], [ -48.170774588419043, -21.785670105720651 ] ] ] } },
{ "type": "Feature", "properties": { "nome": "Residencial Sevelha", "LAYER": "CONDOMINIOS" }, "geometry": { "type": "Polygon", "coordinates": [ [ [ -48.161860369312748, -21.789455219895139 ], [ -48.161596258452803, -21.789399184968435 ], [ -48.161525201163236, -21.789669689816606 ], [ -48.1617133612055, -21.7897078339447 ], [ -48.161716041229575, -21.789708332526317 ], [ -48.161718737960499, -21.789708745115504 ], [ -48.161721448235951, -21.789709071228444 ], [ -48.161724168877754, -21.789709310482714 ], [ -48.161726896695534, -21.789709462597759 ], [ -48.161729628490541, -21.789709527395193 ], [ -48.161732361059336, -21.789709504799038 ], [ -48.161735091197592, -21.7897093948358 ], [ -48.161737815703802, -21.789709197634402 ], [ -48.161740531383096, -21.789708913426125 ], [ -48.161743235050949, -21.789708542544204 ], [ -48.161745923536884, -21.78970808542358 ], [ -48.16174859368828, -21.789707542600297 ], [ -48.161751242373995, -21.78970691471087 ], [ -48.161753866488048, -21.789706202491605 ], [ -48.161756462953271, -21.789705406777689 ], [ -48.161759028724944, -21.789704528502202 ], [ -48.161761560794297, -21.789703568695046 ], [ -48.161764056192141, -21.789702528481754 ], [ -48.161766511992241, -21.789701409082124 ], [ -48.16176892531481, -21.789700211808807 ], [ -48.161771293329878, -21.789698938065769 ], [ -48.1617736132606, -21.789697589346705 ], [ -48.161775882386515, -21.789696167233139 ], [ -48.161778098046746, -21.789694673392717 ], [ -48.161780257643102, -21.789693109577218 ], [ -48.161782358643151, -21.789691477620405 ], [ -48.161784398583144, -21.789689779435999 ], [ -48.161786375070967, -21.789688017015379 ], [ -48.161788285788916, -21.78968619242524 ], [ -48.161790128496371, -21.78968430780516 ], [ -48.161791901032508, -21.789682365365149 ], [ -48.161793601318756, -21.789680367383003 ], [ -48.161795227361303, -21.789678316201648 ], [ -48.161796777253358, -21.78967621422639 ], [ -48.161798249177473, -21.789674063922106 ], [ -48.161799641407569, -21.789671867810341 ], [ -48.16180095231109, -21.789669628466338 ], [ -48.161802180350797, -21.789667348516097 ], [ -48.161803324086648, -21.789665030633156 ], [ -48.161804382177436, -21.789662677535578 ], [ -48.16180535338242, -21.789660291982727 ], [ -48.161806236562704, -21.789657876772004 ], [ -48.161807030682638, -21.78965543473559 ], [ -48.161860369312755, -21.789455219895139 ], [ -48.161860369312748, -21.789455219895139 ] ] ] } },
{ "type": "Feature", "properties": { "nome": "Residencial Marbella", "LAYER": "CONDOMINIOS" }, "geometry": { "type": "Polygon", "coordinates": [ [ [ -48.162025334433928, -21.789205069545933 ], [ -48.16195161067985, -21.789476401468082 ], [ -48.162222136237368, -21.78953517100592 ], [ -48.162300844975874, -21.789265025287197 ], [ -48.162025334433928, -21.789205069545933 ] ] ] } },
{ "type": "Feature", "properties": { "nome": "Residencial Mayorca", "LAYER": "CONDOMINIOS" }, "geometry": { "type": "Polygon", "coordinates": [ [ [ -48.161660459783199, -21.78915477864016 ], [ -48.161596258452803, -21.789399184968435 ], [ -48.161860369312748, -21.789455219895139 ], [ -48.161930969069608, -21.789190211630498 ], [ -48.16166732644259, -21.789128459828067 ], [ -48.161660459783199, -21.78915477864016 ] ] ] } },
{ "type": "Feature", "properties": { "nome": "Residencial Ibéria", "LAYER": "CONDOMINIOS" }, "geometry": { "type": "Polygon", "coordinates": [ [ [ -48.161738026971889, -21.788857475235059 ], [ -48.161667326442853, -21.789128459828127 ], [ -48.161930969069601, -21.789190211630512 ], [ -48.161983791571124, -21.788991932514257 ], [ -48.161984465427018, -21.788989202053411 ], [ -48.161985037616731, -21.788986451432393 ], [ -48.161985507453622, -21.788983683952093 ], [ -48.16198587437384, -21.788980902933631 ], [ -48.161986137937099, -21.788978111714403 ], [ -48.161986297827092, -21.788975313643963 ], [ -48.161986353851972, -21.788972512080175 ], [ -48.161986305944495, -21.78896971038505 ], [ -48.161986154162165, -21.78896691192076 ], [ -48.161985898687128, -21.78896412004562 ], [ -48.161985539825984, -21.788961338110038 ], [ -48.16198507800938, -21.788958569452433 ], [ -48.161984513791538, -21.788955817395394 ], [ -48.161983847849541, -21.788953085241484 ], [ -48.161983080982566, -21.788950376269444 ], [ -48.1619822141109, -21.788947693730176 ], [ -48.161981248274849, -21.788945040842869 ], [ -48.161980184633435, -21.788942420791116 ], [ -48.161979024463122, -21.788939836719134 ], [ -48.161977769156174, -21.788937291727905 ], [ -48.161976420219013, -21.788934788871575 ], [ -48.161974979270454, -21.788932331153685 ], [ -48.161973448039703, -21.788929921523639 ], [ -48.161971828364322, -21.788927562873084 ], [ -48.161970122188009, -21.788925258032542 ], [ -48.161968331558271, -21.788923009767956 ], [ -48.161966458623944, -21.788920820777296 ], [ -48.161964505632653, -21.788918693687513 ], [ -48.16196247492811, -21.788916631051215 ], [ -48.16196036894722, -21.788914635343662 ], [ -48.161958190217319, -21.788912708959788 ], [ -48.161955941352964, -21.78891085421137 ], [ -48.161953625052917, -21.788909073324181 ], [ -48.161951244096855, -21.788907368435392 ], [ -48.161948801342056, -21.788905741590963 ], [ -48.161946299719943, -21.788904194743157 ], [ -48.161943742232594, -21.788902729748287 ], [ -48.161941131949099, -21.788901348364405 ], [ -48.161938472001957, -21.788900052249261 ], [ -48.161935765583237, -21.788898842958233 ], [ -48.161738026971889, -21.788857475235059 ] ] ] } },
{ "type": "Feature", "properties": { "nome": "Edifício City Center", "LAYER": "CONDOMINIOS" }, "geometry": { "type": "Polygon", "coordinates": [ [ [ -48.176041296877138, -21.790510921794844 ], [ -48.175719129976578, -21.790443301659639 ], [ -48.175711291399708, -21.79047206635493 ], [ -48.17567984674907, -21.790587456514114 ], [ -48.17581397377014, -21.790615554848042 ], [ -48.175807625558868, -21.790641986719077 ], [ -48.175876807554197, -21.790657222828774 ], [ -48.176001368974006, -21.790684655197062 ], [ -48.176041296877138, -21.790510921794844 ] ] ] } },
{ "type": "Feature", "properties": { "nome": "Residencial Maria", "LAYER": "CONDOMINIOS" }, "geometry": { "type": "Polygon", "coordinates": [ [ [ -48.184427115704196, -21.788695721956806 ], [ -48.184372068012507, -21.788897156188114 ], [ -48.18459449062631, -21.788954757246263 ], [ -48.184611049985683, -21.788944742727594 ], [ -48.184668897275749, -21.788761771019438 ], [ -48.184427115704196, -21.788695721956806 ] ] ] } },
{ "type": "Feature", "properties": { "nome": "Edifício Piazza Del Carmo", "LAYER": "CONDOMINIOS" }, "geometry": { "type": "Polygon", "coordinates": [ [ [ -48.185368915444286, -21.798958384253229 ], [ -48.185426629089271, -21.798785464320776 ], [ -48.185321641948256, -21.798758401461477 ], [ -48.18495279880424, -21.798662762726448 ], [ -48.184857919214728, -21.79899141118776 ], [ -48.185239133811692, -21.799086086454146 ], [ -48.18531941529897, -21.799107699358927 ], [ -48.185368915444286, -21.798958384253229 ] ] ] } },
{ "type": "Feature", "properties": { "nome": "Edifício ABL Studio", "LAYER": "CONDOMINIOS" }, "geometry": { "type": "Polygon", "coordinates": [ [ [ -48.175449496670161, -21.803027762252061 ], [ -48.175398203089365, -21.803202682057648 ], [ -48.175396695614332, -21.80321714902604 ], [ -48.175565022001628, -21.803237611277872 ], [ -48.175827085218941, -21.803256198305974 ], [ -48.175944903700476, -21.802897143839399 ], [ -48.175768331469385, -21.802880298341638 ], [ -48.175701522641596, -21.802875031806014 ], [ -48.175634563388464, -21.802871840044315 ], [ -48.175567527571282, -21.80287072657697 ], [ -48.175498735207576, -21.802872126541583 ], [ -48.175461646367239, -21.803029051279729 ], [ -48.175449496670161, -21.803027762252061 ] ] ] } },
{ "type": "Feature", "properties": { "nome": "Amsterdam Residence", "LAYER": "CONDOMINIOS" }, "geometry": { "type": "Polygon", "coordinates": [ [ [ -48.175010854355442, -21.802964616703065 ], [ -48.174959218766638, -21.803124016839465 ], [ -48.175398203089365, -21.803202682057648 ], [ -48.175449496670161, -21.803027762252061 ], [ -48.175010854355442, -21.802964616703065 ] ] ] } },
{ "type": "Feature", "properties": { "nome": "Condomínio Oswaldo Pagotto", "LAYER": "CONDOMINIOS" }, "geometry": { "type": "Polygon", "coordinates": [ [ [ -48.149256251083024, -21.782421178642171 ], [ -48.149422155997584, -21.7823714700503 ], [ -48.149440746991615, -21.782365972488879 ], [ -48.149479059354618, -21.782354924256122 ], [ -48.149587586635818, -21.782323627910809 ], [ -48.149615275471454, -21.782315643182187 ], [ -48.149628464844476, -21.78231161900159 ], [ -48.149707115338266, -21.782287622094906 ], [ -48.14982987170589, -21.782250168032334 ], [ -48.149926369157761, -21.782221514876678 ], [ -48.150049870720721, -21.782185144783121 ], [ -48.150153525646118, -21.782154619256314 ], [ -48.15007033860654, -21.781993905947385 ], [ -48.150026272394108, -21.781904225016113 ], [ -48.149987749270146, -21.781818844984297 ], [ -48.149965270711157, -21.781825481022782 ], [ -48.149881680767862, -21.781850158108927 ], [ -48.149849826874814, -21.78185849234433 ], [ -48.149754455096868, -21.781882880760257 ], [ -48.14966189338714, -21.781906550524635 ], [ -48.149570422633502, -21.781929535594163 ], [ -48.149476053432238, -21.781952885493489 ], [ -48.149424618596164, -21.781965612058002 ], [ -48.149374709925951, -21.781977960984012 ], [ -48.149380966190819, -21.782000931836517 ], [ -48.149311775347016, -21.782021228048254 ], [ -48.149151553813695, -21.782068705349424 ], [ -48.149256251083024, -21.782421178642171 ] ] ] } },
{ "type": "Feature", "properties": { "nome": "Edifício Primavera", "LAYER": "CONDOMINIOS" }, "geometry": { "type": "Polygon", "coordinates": [ [ [ -48.179518027934655, -21.77624333020184 ], [ -48.179466049905997, -21.776569431815748 ], [ -48.179677538057689, -21.776606716985103 ], [ -48.179681990807254, -21.776520658155658 ], [ -48.179685973029883, -21.776443693065474 ], [ -48.179693769773294, -21.776293003548044 ], [ -48.179694385489739, -21.776281103436045 ], [ -48.179518027934655, -21.77624333020184 ] ] ] } },
{ "type": "Feature", "properties": { "nome": "Condomínio Residencial Vitta Praças do Sol", "LAYER": "CONDOMINIOS" }, "geometry": { "type": "Polygon", "coordinates": [ [ [ -48.14736313699094, -21.78327227565569 ], [ -48.147341435590128, -21.783228037232806 ], [ -48.147297681119532, -21.783138843428642 ], [ -48.147252009616423, -21.783045741626687 ], [ -48.147247104389805, -21.783047855265476 ], [ -48.147211275389708, -21.782975075254583 ], [ -48.147166612170622, -21.782884350155868 ], [ -48.14717179891371, -21.782882231051673 ], [ -48.147163774545184, -21.782865873251001 ], [ -48.147160439938865, -21.782866712406328 ], [ -48.147072777899616, -21.78268037491727 ], [ -48.146193970037622, -21.783066142556766 ], [ -48.14679086539256, -21.784263315889543 ], [ -48.147665157876681, -21.783877804502055 ], [ -48.147603943326118, -21.783755681560976 ], [ -48.147563874251496, -21.783675743814225 ], [ -48.147520134821626, -21.783588442616104 ], [ -48.147474089599257, -21.783496569181906 ], [ -48.147444106206521, -21.783436743926856 ], [ -48.147385803425969, -21.783318481278233 ], [ -48.14736313699094, -21.78327227565569 ] ] ] } },
{ "type": "Feature", "properties": { "nome": "Conjunto Habitacional Araraquara H Manoel Rodrigues", "LAYER": "CONDOMINIOS" }, "geometry": { "type": "Polygon", "coordinates": [ [ [ -48.141288663967593, -21.771777498895194 ], [ -48.141202242819233, -21.771811816410995 ], [ -48.141071367209392, -21.771864939240615 ], [ -48.141021344352254, -21.771899637486584 ], [ -48.140999131113738, -21.771947102578597 ], [ -48.140988992007131, -21.771977396004075 ], [ -48.140988210316259, -21.772003822540213 ], [ -48.141001809344324, -21.772082439601366 ], [ -48.141031372801223, -21.772166382096582 ], [ -48.141067931636996, -21.772233392146912 ], [ -48.141159973665445, -21.772373116671051 ], [ -48.141185626044127, -21.772384769223883 ], [ -48.141455304443483, -21.772096872499873 ], [ -48.141648848236393, -21.771887888975932 ], [ -48.141443014770381, -21.771772730967996 ], [ -48.141415468036747, -21.771759932671333 ], [ -48.141354630949159, -21.771751872384044 ], [ -48.141288663967593, -21.771777498895194 ] ] ] } },
{ "type": "Feature", "properties": { "nome": "Edifício Itamaracá", "LAYER": "CONDOMINIOS" }, "geometry": { "type": "Polygon", "coordinates": [ [ [ -48.172339274389756, -21.799243824797749 ], [ -48.172360894967859, -21.799379426496461 ], [ -48.172414780514664, -21.799374982260325 ], [ -48.172806282572871, -21.799346024598307 ], [ -48.17280634608322, -21.799346019430008 ], [ -48.172786810408311, -21.799186666783775 ], [ -48.172339274389756, -21.799243824797749 ] ] ] } },
{ "type": "Feature", "properties": { "nome": "Edifício Portobello", "LAYER": "CONDOMINIOS" }, "geometry": { "type": "Polygon", "coordinates": [ [ [ -48.15981736336888, -21.770532587571996 ], [ -48.15983564044457, -21.770521315349317 ], [ -48.159844939235356, -21.770501448048488 ], [ -48.159854965098233, -21.770451182294806 ], [ -48.159880824246571, -21.770318480436586 ], [ -48.159633523351928, -21.770278246821626 ], [ -48.159615936607182, -21.770500718299218 ], [ -48.159797363500459, -21.770531745024503 ], [ -48.15981736336888, -21.770532587571996 ] ] ] } },
{ "type": "Feature", "properties": { "nome": null, "LAYER": "CONDOMINIOS" }, "geometry": { "type": "Polygon", "coordinates": [ [ [ -48.14061531368143, -21.770054485371563 ], [ -48.140603561917722, -21.770067624331613 ], [ -48.140596311996418, -21.770081045580735 ], [ -48.14073390522735, -21.771260369792444 ], [ -48.140736782641845, -21.771278472178878 ], [ -48.140754874096757, -21.771349642999333 ], [ -48.140765046182324, -21.771384829772622 ], [ -48.140786443179785, -21.771428054423644 ], [ -48.140791407092777, -21.77143365018263 ], [ -48.14079669726037, -21.771436712261526 ], [ -48.140804805208603, -21.771437385933226 ], [ -48.140812522137601, -21.771433675800711 ], [ -48.140817491182752, -21.771428415459614 ], [ -48.141345065937834, -21.770521244792572 ], [ -48.141394196611067, -21.770417886299366 ], [ -48.140999872711127, -21.7702459439728 ], [ -48.141017188840394, -21.770214028404535 ], [ -48.140920423761656, -21.770191629657521 ], [ -48.140878281092341, -21.770181874641761 ], [ -48.140898789700245, -21.770018687535032 ], [ -48.140640515856973, -21.770044253698781 ], [ -48.14061531368143, -21.770054485371563 ] ] ] } },
{ "type": "Feature", "properties": { "nome": "Associação Jardim dos Flamboyants", "LAYER": "CONDOMINIOS" }, "geometry": { "type": "Polygon", "coordinates": [ [ [ -48.179151728855075, -21.749165703242227 ], [ -48.179136167260339, -21.749603915081636 ], [ -48.181145463482501, -21.750198369318195 ], [ -48.18168037947818, -21.749952838838304 ], [ -48.181849847004109, -21.749875138443162 ], [ -48.181989462298567, -21.749810147605256 ], [ -48.182119451621759, -21.749752031409752 ], [ -48.182253007119698, -21.749692320670281 ], [ -48.182444103078467, -21.749604647860298 ], [ -48.182695643035913, -21.749490510405529 ], [ -48.182723065308451, -21.749478094134329 ], [ -48.182748875999096, -21.749466358957417 ], [ -48.182913000364607, -21.749390876934029 ], [ -48.182937696229232, -21.749378669645033 ], [ -48.182957433086102, -21.749369200181242 ], [ -48.183024191405039, -21.749155964014523 ], [ -48.183338001488508, -21.74825130840015 ], [ -48.183679916297045, -21.747265927887938 ], [ -48.183684005969056, -21.747240465764431 ], [ -48.183648110522185, -21.746965033720063 ], [ -48.183545935982366, -21.74692303462426 ], [ -48.183377369694526, -21.746857011952589 ], [ -48.183284747493538, -21.746755961412067 ], [ -48.179357990485798, -21.745577647148757 ], [ -48.179312950295305, -21.745589333119188 ], [ -48.179272269243654, -21.745637233508848 ], [ -48.179261204846433, -21.745876643623681 ], [ -48.179258158428517, -21.745944790075363 ], [ -48.179246758275774, -21.746213764658901 ], [ -48.179239001722429, -21.746397011446383 ], [ -48.179234108076606, -21.746519422015549 ], [ -48.17923204956633, -21.746569979170594 ], [ -48.179221122728784, -21.746850024120096 ], [ -48.179208333316673, -21.747167920146335 ], [ -48.179204946547721, -21.747251755831783 ], [ -48.179196077809756, -21.747487451681575 ], [ -48.179184113360705, -21.747802975245552 ], [ -48.179181575314871, -21.747870562031054 ], [ -48.179172131257481, -21.748124328709629 ], [ -48.179162075210499, -21.748432097397327 ], [ -48.179159806922236, -21.748484593812012 ], [ -48.179136633035199, -21.749059829360085 ], [ -48.179129935459336, -21.749130845585743 ], [ -48.179151728855075, -21.749165703242227 ] ] ] } },
{ "type": "Feature", "properties": { "nome": "Maison La Rochelle", "LAYER": "CONDOMINIOS" }, "geometry": { "type": "Polygon", "coordinates": [ [ [ -48.177550038306144, -21.795287414798931 ], [ -48.177626024194112, -21.795397947392196 ], [ -48.177815010121066, -21.795441853540069 ], [ -48.177882914058493, -21.795191042234539 ], [ -48.177600001187791, -21.795120620501816 ], [ -48.177550038306144, -21.795287414798931 ] ] ] } },
{ "type": "Feature", "properties": { "nome": "Morada do Sol", "LAYER": "CONDOMINIOS" }, "geometry": { "type": "Polygon", "coordinates": [ [ [ -48.179815182580903, -21.796520759751751 ], [ -48.179471474056569, -21.796439362945275 ], [ -48.179357179526505, -21.796816197148946 ], [ -48.179708101146176, -21.796901637119387 ], [ -48.179815182580903, -21.796520759751751 ] ] ] } },
{ "type": "Feature", "properties": { "nome": "Residencial Cordoba", "LAYER": "CONDOMINIOS" }, "geometry": { "type": "Polygon", "coordinates": [ [ [ -48.16195161067985, -21.7894764014681 ], [ -48.161897312439578, -21.789676239148896 ], [ -48.161897199461912, -21.789679265982407 ], [ -48.161897197982384, -21.789682294654181 ], [ -48.161897308002736, -21.789685321582713 ], [ -48.161897529392888, -21.789688343188573 ], [ -48.161897861891049, -21.789691355898636 ], [ -48.161898305104025, -21.789694356150275 ], [ -48.161898858507726, -21.789697340395609 ], [ -48.161899521447722, -21.789700305105676 ], [ -48.161900293140107, -21.789703246774611 ], [ -48.161901172672309, -21.789706161923839 ], [ -48.161902159004256, -21.789709047106079 ], [ -48.161903250969615, -21.789711898909523 ], [ -48.161904447277095, -21.789714713961821 ], [ -48.161905746512041, -21.789717488934112 ], [ -48.161907147138074, -21.789720220544886 ], [ -48.161908647498912, -21.789722905563963 ], [ -48.161910245820337, -21.789725540816182 ], [ -48.161911940212313, -21.789728123185306 ], [ -48.161913728671145, -21.78973064961761 ], [ -48.161915609081959, -21.789733117125497 ], [ -48.161917579221097, -21.789735522791069 ], [ -48.161919636758824, -21.789737863769552 ], [ -48.161921779262052, -21.789740137292686 ], [ -48.161924004197182, -21.789742340671939 ], [ -48.161926308933197, -21.789744471301745 ], [ -48.161928690744666, -21.789746526662576 ], [ -48.161931146815022, -21.789748504323917 ], [ -48.161933674239904, -21.789750401947096 ], [ -48.161936270030544, -21.789752217288139 ], [ -48.161938931117355, -21.789753948200339 ], [ -48.161941654353512, -21.789755592636848 ], [ -48.161944436518716, -21.78975714865307 ], [ -48.161947274322962, -21.789758614408939 ], [ -48.161950164410477, -21.789759988171173 ], [ -48.161953103363622, -21.789761268315253 ], [ -48.161956087707019, -21.78976245332737 ], [ -48.161959113911571, -21.789763541806217 ], [ -48.161962178398717, -21.78976453246462 ], [ -48.161965277544589, -21.789765424131087 ], [ -48.161968407684355, -21.789766215751232 ], [ -48.161971565116538, -21.789766906388881 ], [ -48.161974746107369, -21.789767495227391 ], [ -48.16197794689522, -21.789767981570403 ], [ -48.161981163695074, -21.789768364842814 ], [ -48.162144023712543, -21.789803269111374 ], [ -48.162222136237361, -21.78953517100592 ], [ -48.16195161067985, -21.7894764014681 ] ] ] } },
{ "type": "Feature", "properties": { "nome": "Residencial Mariana", "LAYER": "CONDOMINIOS" }, "geometry": { "type": "Polygon", "coordinates": [ [ [ -48.13928279368308, -21.76767270829966 ], [ -48.139324514598243, -21.767761269924286 ], [ -48.139546200729363, -21.767670955625825 ], [ -48.139588098527142, -21.767770326793912 ], [ -48.139811879099241, -21.767686873534377 ], [ -48.13969540327561, -21.767439530798359 ], [ -48.139476097203712, -21.767523008924719 ], [ -48.139506280359946, -21.767583412190302 ], [ -48.13928279368308, -21.76767270829966 ] ] ] } },
{ "type": "Feature", "properties": { "nome": "Residencial Alcântara", "LAYER": "CONDOMINIOS" }, "geometry": { "type": "Polygon", "coordinates": [ [ [ -48.168675682768061, -21.792763614711809 ], [ -48.168550337191682, -21.79329097786319 ], [ -48.169579123396545, -21.793547714992087 ], [ -48.169708245139589, -21.793024395208207 ], [ -48.168675682768061, -21.792763614711809 ] ] ] } },
{ "type": "Feature", "properties": { "nome": "Residencial Bahamas", "LAYER": "CONDOMINIOS" }, "geometry": { "type": "Polygon", "coordinates": [ [ [ -48.192749974772831, -21.783463967601897 ], [ -48.192553746513369, -21.78410363985855 ], [ -48.192816543736413, -21.78412294480384 ], [ -48.192998529059572, -21.783522820457261 ], [ -48.192749974772831, -21.783463967601897 ] ] ] } },
{ "type": "Feature", "properties": { "nome": "Residencial Paris", "LAYER": "CONDOMINIOS" }, "geometry": { "type": "Polygon", "coordinates": [ [ [ -48.176176503707396, -21.800934859460249 ], [ -48.176170076346082, -21.800957231419261 ], [ -48.176122192858088, -21.80112390100345 ], [ -48.176139197740191, -21.801128574131848 ], [ -48.176111914535255, -21.801212937412931 ], [ -48.176192196295844, -21.801235301737886 ], [ -48.176282358901879, -21.801260418545642 ], [ -48.176370797352092, -21.801285054996484 ], [ -48.17641390779599, -21.801297064327201 ], [ -48.176455959472669, -21.801308778703426 ], [ -48.176544664284251, -21.801039214707636 ], [ -48.176398555521082, -21.800998317945382 ], [ -48.176176503707396, -21.800934859460249 ] ] ] } },
{ "type": "Feature", "properties": { "nome": "Ramos Residencial", "LAYER": "CONDOMINIOS" }, "geometry": { "type": "Polygon", "coordinates": [ [ [ -48.177049722023185, -21.801184789727436 ], [ -48.177025167326207, -21.80127180482949 ], [ -48.177054667207543, -21.801280149698613 ], [ -48.177168173169363, -21.801312257988151 ], [ -48.177172226811173, -21.801300114808502 ], [ -48.177258488926583, -21.801324042075585 ], [ -48.17733790414524, -21.801346070114331 ], [ -48.177406972363407, -21.801365228086759 ], [ -48.177445208452767, -21.801375833904945 ], [ -48.177473683132867, -21.801383732124496 ], [ -48.17750994078051, -21.801271576275081 ], [ -48.177473933406091, -21.801261997339505 ], [ -48.177411668588839, -21.801245595696937 ], [ -48.177206776248674, -21.801191623281831 ], [ -48.177196986237064, -21.801222970598918 ], [ -48.177049722023185, -21.801184789727436 ] ] ] } },
{ "type": "Feature", "properties": { "nome": "Condomínio Parque Residencial Aleteia", "LAYER": "CONDOMINIOS" }, "geometry": { "type": "Polygon", "coordinates": [ [ [ -48.14263675454005, -21.779751077987942 ], [ -48.142348796259576, -21.779730654044933 ], [ -48.142338497307676, -21.779643832908739 ], [ -48.142327553109901, -21.779551572233395 ], [ -48.142316928479552, -21.779462005488888 ], [ -48.142306416252353, -21.77937338626144 ], [ -48.142284180161006, -21.77919327696549 ], [ -48.14226417227043, -21.77899748517385 ], [ -48.141929340339971, -21.778934397926495 ], [ -48.141811809939455, -21.779425567691536 ], [ -48.141768536390352, -21.779608870290357 ], [ -48.141752617491711, -21.77968871326242 ], [ -48.141937758408758, -21.779700152132438 ], [ -48.141940429777769, -21.779930491984647 ], [ -48.141945136147726, -21.780230103807924 ], [ -48.142042997639322, -21.780228182271475 ], [ -48.142138775788737, -21.780226301585603 ], [ -48.142236204929276, -21.780224447639185 ], [ -48.142284306958011, -21.780224168273012 ], [ -48.142332794707585, -21.780223886652429 ], [ -48.142429313497331, -21.780223326021396 ], [ -48.142427062239626, -21.78016211029955 ], [ -48.142425259429899, -21.780071957040178 ], [ -48.14241973504582, -21.779980181277768 ], [ -48.142662691010422, -21.779976953728028 ], [ -48.14263675454005, -21.779751077987942 ] ] ] } },
{ "type": "Feature", "properties": { "nome": "Residencial Parque Arthoria", "LAYER": "CONDOMINIOS" }, "geometry": { "type": "Polygon", "coordinates": [ [ [ -48.14049217616045, -21.781336799591489 ], [ -48.140502607930785, -21.781500336715684 ], [ -48.140534573050999, -21.782042525203615 ], [ -48.140561162613174, -21.78204019108879 ], [ -48.140549060387514, -21.781840848279128 ], [ -48.140638526423864, -21.781832828042447 ], [ -48.140724118864547, -21.7818252316765 ], [ -48.140815578088471, -21.781817114580523 ], [ -48.140903771947706, -21.781809264990557 ], [ -48.140993351126106, -21.781801060741682 ], [ -48.141080516071128, -21.781793077556003 ], [ -48.141178059244091, -21.781784143802184 ], [ -48.141190416673979, -21.781982730673501 ], [ -48.141418294516541, -21.781961748603763 ], [ -48.141414318285662, -21.78187982141889 ], [ -48.141406937551665, -21.781773153657397 ], [ -48.141496535651413, -21.781765297939629 ], [ -48.141598192014783, -21.781756384925497 ], [ -48.141691566540246, -21.781748329026716 ], [ -48.141782897484916, -21.781740993194319 ], [ -48.141840659131425, -21.781736353669228 ], [ -48.141868194128918, -21.781733541645718 ], [ -48.141961789632383, -21.781723983128604 ], [ -48.14206409260548, -21.781713535291111 ], [ -48.142056418676752, -21.78155301890698 ], [ -48.142052521386425, -21.781471498911017 ], [ -48.142048656198547, -21.7814028253873 ], [ -48.142040127469386, -21.781251293866603 ], [ -48.142037995222559, -21.781251412729578 ], [ -48.141580857009316, -21.781276557843697 ], [ -48.141263425907155, -21.781294019389321 ], [ -48.141060131538147, -21.78130563362976 ], [ -48.140942806381275, -21.781311860795988 ], [ -48.140840629002227, -21.781317468898237 ], [ -48.14073565495638, -21.781323811960245 ], [ -48.140627196917578, -21.781329781040665 ], [ -48.14049217616045, -21.781336799591489 ] ] ] } },
{ "type": "Feature", "properties": { "nome": "LUME RESIDENCIAL", "LAYER": "CONDOMINIOS" }, "geometry": { "type": "Polygon", "coordinates": [ [ [ -48.17399316128234, -21.776092599971701 ], [ -48.173355314929765, -21.776691990439058 ], [ -48.17366131835621, -21.776987098273043 ], [ -48.174447851830301, -21.776286739603886 ], [ -48.174334929218219, -21.776168125002471 ], [ -48.174193639921477, -21.776292410743956 ], [ -48.17399316128234, -21.776092599971701 ] ] ] } },
{ "type": "Feature", "properties": { "nome": "Edifício Summer Hill", "LAYER": "CONDOMINIOS" }, "geometry": { "type": "Polygon", "coordinates": [ [ [ -48.179842977368587, -21.776422086927724 ], [ -48.179872806658786, -21.776418063282307 ], [ -48.179902749079965, -21.77641668003568 ], [ -48.180066266684086, -21.776409234584779 ], [ -48.18020121575794, -21.775976535626867 ], [ -48.179723021607636, -21.776036395094287 ], [ -48.179723239853566, -21.776108121601641 ], [ -48.17970712035526, -21.776212519581009 ], [ -48.179707088717876, -21.776212763404441 ], [ -48.179694385489739, -21.776281103436045 ], [ -48.179693769773294, -21.776293003548044 ], [ -48.179685973029883, -21.776443693065474 ], [ -48.179842977368587, -21.776422086927724 ] ] ] } },
{ "type": "Feature", "properties": { "nome": "Condomínio Residencial Castro Alves\n", "LAYER": "CONDOMINIOS" }, "geometry": { "type": "Polygon", "coordinates": [ [ [ -48.190807498386093, -21.796145203355081 ], [ -48.19076272600438, -21.79614350836717 ], [ -48.190739422049958, -21.796142758824772 ], [ -48.190606292545333, -21.79613850224365 ], [ -48.190646832434211, -21.795980048174069 ], [ -48.190687835722571, -21.79583016313174 ], [ -48.190694447965498, -21.795807607556053 ], [ -48.190700644438238, -21.795786470227839 ], [ -48.190720329921767, -21.795719318839982 ], [ -48.190096576081523, -21.795576562719848 ], [ -48.190084995167041, -21.795577346672559 ], [ -48.190072945158377, -21.795579383137255 ], [ -48.190058946544895, -21.795585316529891 ], [ -48.190051083666539, -21.795591041084965 ], [ -48.19004315082794, -21.795599765301883 ], [ -48.190032049086348, -21.795622777336767 ], [ -48.189793423803849, -21.796388430913822 ], [ -48.189820220502675, -21.796394603221287 ], [ -48.190207409183508, -21.796486186555672 ], [ -48.190360402871995, -21.79652319127894 ], [ -48.190332444034127, -21.796615251965335 ], [ -48.190700177114657, -21.796702466319058 ], [ -48.190882560616053, -21.796148158888403 ], [ -48.190807498386093, -21.796145203355081 ] ] ] } },
{ "type": "Feature", "properties": { "nome": "Residencial Gramado", "LAYER": "CONDOMINIOS" }, "geometry": { "type": "Polygon", "coordinates": [ [ [ -48.145526606091536, -21.791218208542261 ], [ -48.145532178777742, -21.791221104675319 ], [ -48.145537888590873, -21.791223796115343 ], [ -48.145543701680339, -21.791226199262713 ], [ -48.145554732534045, -21.791229990122382 ], [ -48.145566111636832, -21.791232808854772 ], [ -48.14557751492125, -21.791234115817609 ], [ -48.145590038461414, -21.791233345176035 ], [ -48.145602590947504, -21.791230764853388 ], [ -48.145614759403962, -21.791227190636601 ], [ -48.14562762479845, -21.791222058426019 ], [ -48.145640014307475, -21.791215694593888 ], [ -48.145652154301544, -21.791208960549618 ], [ -48.145663757544604, -21.791202193333046 ], [ -48.145675123072508, -21.791195073412243 ], [ -48.14568648859936, -21.791187953490528 ], [ -48.145839759237596, -21.791099916809937 ], [ -48.14585018454266, -21.791094061565637 ], [ -48.145891887370951, -21.791069061131843 ], [ -48.145927328380871, -21.791045095571853 ], [ -48.145960510753866, -21.791018685547485 ], [ -48.145980982716274, -21.79099983585618 ], [ -48.146000475970858, -21.790979926936281 ], [ -48.146018623020495, -21.7909590128247 ], [ -48.146031651378394, -21.790943962368548 ], [ -48.146037699450687, -21.790936347496899 ], [ -48.146044005174488, -21.790928408227153 ], [ -48.146052435351365, -21.790911303574724 ], [ -48.146055297299696, -21.790900139900035 ], [ -48.146056812228004, -21.790888443918647 ], [ -48.146055840028737, -21.790876865855413 ], [ -48.146054339695624, -21.79087144015136 ], [ -48.146052289387448, -21.790866040522559 ], [ -48.146049703170696, -21.79086103861512 ], [ -48.146042844696595, -21.790853471759132 ], [ -48.146025407829512, -21.790841098763796 ], [ -48.145993658243057, -21.790829041627919 ], [ -48.145480748056393, -21.790793111310069 ], [ -48.14547111315985, -21.790831121003531 ], [ -48.145459681996293, -21.790879334713257 ], [ -48.145447684364875, -21.790923329588807 ], [ -48.145435754860898, -21.790967352728757 ], [ -48.145428749256681, -21.791011910986036 ], [ -48.145427031229303, -21.7910413106591 ], [ -48.145427341689562, -21.791070930783615 ], [ -48.145432245128951, -21.791099542235219 ], [ -48.145440875550868, -21.791122780379204 ], [ -48.145452757239561, -21.791145304506699 ], [ -48.145467206544403, -21.791166239141006 ], [ -48.145479617359996, -21.791179975950609 ], [ -48.145493386766589, -21.791192871718792 ], [ -48.145507156175647, -21.791205767486066 ], [ -48.145519982746649, -21.791214270564179 ], [ -48.145526606091536, -21.791218208542261 ] ] ] } },
{ "type": "Feature", "properties": { "nome": "Edifício Villagio", "LAYER": "CONDOMINIOS" }, "geometry": { "type": "Polygon", "coordinates": [ [ [ -48.182839574052501, -21.803362666649448 ], [ -48.18265061292098, -21.803313456028398 ], [ -48.18262596279655, -21.803324789848972 ], [ -48.182582799608547, -21.80348126963181 ], [ -48.182793307339224, -21.803532859070444 ], [ -48.182839574052501, -21.803362666649448 ] ] ] } },
{ "type": "Feature", "properties": { "nome": "Condomínio Residencial Parque Acanto", "LAYER": "CONDOMINIOS" }, "geometry": { "type": "Polygon", "coordinates": [ [ [ -48.142439359562026, -21.839415984288646 ], [ -48.141872463905507, -21.838907964969742 ], [ -48.139954768511316, -21.84024736426873 ], [ -48.140515463524288, -21.840760254305479 ], [ -48.142439359562026, -21.839415984288646 ] ] ] } },
{ "type": "Feature", "properties": { "nome": "Residencial Monte Carlo", "LAYER": "CONDOMINIOS" }, "geometry": { "type": "Polygon", "coordinates": [ [ [ -48.178785206638139, -21.791637671896311 ], [ -48.178680328920073, -21.791947582521274 ], [ -48.179053341110347, -21.792058092275756 ], [ -48.179065159551691, -21.792062623680973 ], [ -48.179077401537675, -21.792065238860712 ], [ -48.179133787568105, -21.791885843491741 ], [ -48.178942296099109, -21.791839844667539 ], [ -48.178987227065726, -21.791685469185239 ], [ -48.178785206638139, -21.791637671896311 ] ] ] } },
{ "type": "Feature", "properties": { "nome": "Edificio Mario De Andrade", "LAYER": "CONDOMINIOS" }, "geometry": { "type": "Polygon", "coordinates": [ [ [ -48.181859266161673, -21.793074799040433 ], [ -48.18226921428905, -21.79316065803987 ], [ -48.182284405658741, -21.79315151244726 ], [ -48.18233904983861, -21.792977816986863 ], [ -48.182015328074442, -21.792905632805383 ], [ -48.18205068831233, -21.792777353443874 ], [ -48.181950326320795, -21.792750976444886 ], [ -48.181859266161673, -21.793074799040433 ] ] ] } },
{ "type": "Feature", "properties": { "nome": "Edificio Itamaraty", "LAYER": "CONDOMINIOS" }, "geometry": { "type": "Polygon", "coordinates": [ [ [ -48.175499828602369, -21.791146740731996 ], [ -48.175187719046889, -21.791075675250408 ], [ -48.175161736822218, -21.791164788568597 ], [ -48.175480622196638, -21.79123509103713 ], [ -48.175500467993011, -21.791155299746453 ], [ -48.175497760793832, -21.791154685126845 ], [ -48.175499828602369, -21.791146740731996 ] ] ] } },
{ "type": "Feature", "properties": { "nome": "Edificio Oitis", "LAYER": "CONDOMINIOS" }, "geometry": { "type": "Polygon", "coordinates": [ [ [ -48.178576548883385, -21.791746027331104 ], [ -48.17839562848016, -21.791699973624013 ], [ -48.178392739072557, -21.791710627751566 ], [ -48.178334717242066, -21.791696902634552 ], [ -48.178297293812626, -21.791688050074008 ], [ -48.178254054833928, -21.791677821831076 ], [ -48.17821223346813, -21.791667928912442 ], [ -48.178209469194528, -21.791677516556362 ], [ -48.178164743460272, -21.791664356465795 ], [ -48.178100030241467, -21.791855292091729 ], [ -48.178223813326703, -21.791886788663344 ], [ -48.178510870395357, -21.79195994180423 ], [ -48.178576548883385, -21.791746027331104 ] ] ] } },
{ "type": "Feature", "properties": { "nome": "Edificio Graziela", "LAYER": "CONDOMINIOS" }, "geometry": { "type": "Polygon", "coordinates": [ [ [ -48.179688256275455, -21.796393964841027 ], [ -48.179666114954742, -21.796488271691587 ], [ -48.179815182580903, -21.796520759751751 ], [ -48.179898606242375, -21.796537916207402 ], [ -48.180190029373804, -21.796608473669412 ], [ -48.180259192434931, -21.796391882965185 ], [ -48.180081711724974, -21.79635175351477 ], [ -48.179894882614064, -21.796306093821524 ], [ -48.179859440238978, -21.796436154826196 ], [ -48.179688256275455, -21.796393964841027 ] ] ] } },
{ "type": "Feature", "properties": { "nome": "Le Premier", "LAYER": "CONDOMINIOS" }, "geometry": { "type": "Polygon", "coordinates": [ [ [ -48.175817570135102, -21.797443003842336 ], [ -48.175703707835964, -21.79781175666438 ], [ -48.175716912720048, -21.797841242689589 ], [ -48.176205525592728, -21.797977800780938 ], [ -48.176319748091132, -21.797589468335421 ], [ -48.175817570135102, -21.797443003842336 ] ] ] } },
{ "type": "Feature", "properties": { "nome": "Hotel Uirapuru", "LAYER": "CONDOMINIOS" }, "geometry": { "type": "Polygon", "coordinates": [ [ [ -48.173104088746989, -21.792972959574403 ], [ -48.173081745310206, -21.792968137155782 ], [ -48.173053270146802, -21.793083210913217 ], [ -48.173063466718929, -21.793098507533678 ], [ -48.173468991180144, -21.793182162720772 ], [ -48.173564696081527, -21.792823541818127 ], [ -48.17316396419595, -21.79274194871622 ], [ -48.173104088746989, -21.792972959574403 ] ] ] } },
{ "type": "Feature", "properties": { "nome": "Edificio Sotto", "LAYER": "CONDOMINIOS" }, "geometry": { "type": "Polygon", "coordinates": [ [ [ -48.175179510180513, -21.796316937608346 ], [ -48.175306286440076, -21.79593638778616 ], [ -48.175044838732425, -21.795869813915875 ], [ -48.17492524451594, -21.796249191456784 ], [ -48.175179510180513, -21.796316937608346 ] ] ] } },
{ "type": "Feature", "properties": { "nome": "Edificio Rosa de Prata", "LAYER": "CONDOMINIOS" }, "geometry": { "type": "Polygon", "coordinates": [ [ [ -48.173493181794719, -21.793565870169406 ], [ -48.17369018760477, -21.793611932379573 ], [ -48.173781820781464, -21.793633357175768 ], [ -48.173819831361811, -21.793474918200403 ], [ -48.173840673378301, -21.793386777501247 ], [ -48.173582072297471, -21.793327871821521 ], [ -48.173553451781132, -21.793345456732457 ], [ -48.173493181794719, -21.793565870169406 ] ] ] } },
{ "type": "Feature", "properties": { "nome": "Edificio Angelo Imirne", "LAYER": "CONDOMINIOS" }, "geometry": { "type": "Polygon", "coordinates": [ [ [ -48.178085271055807, -21.796788370247182 ], [ -48.178338168012949, -21.796852805287106 ], [ -48.178380614193266, -21.79670347773278 ], [ -48.178133704438359, -21.796642554237621 ], [ -48.178085271055807, -21.796788370247182 ] ] ] } },
{ "type": "Feature", "properties": { "nome": "Spot Residence Miami", "LAYER": "CONDOMINIOS" }, "geometry": { "type": "Polygon", "coordinates": [ [ [ -48.179168257411668, -21.799837983592216 ], [ -48.178867578764297, -21.799755827794836 ], [ -48.178819479546235, -21.799909092799449 ], [ -48.178721573699207, -21.799888380364695 ], [ -48.178691866996964, -21.79998952783809 ], [ -48.178758523879736, -21.800008847887746 ], [ -48.17869699464552, -21.800182413998751 ], [ -48.179037858470089, -21.800268478464407 ], [ -48.179168257411668, -21.799837983592216 ] ] ] } },
{ "type": "Feature", "properties": { "nome": "Residencial Bryan Chaves", "LAYER": "CONDOMINIOS" }, "geometry": { "type": "Polygon", "coordinates": [ [ [ -48.178794452366411, -21.805510520961377 ], [ -48.17940149671351, -21.805671828120452 ], [ -48.179440721763669, -21.805544264296298 ], [ -48.178834703503952, -21.805382578501941 ], [ -48.178794452366411, -21.805510520961377 ] ] ] } },
{ "type": "Feature", "properties": { "nome": "Edificio Don Benedette", "LAYER": "CONDOMINIOS" }, "geometry": { "type": "Polygon", "coordinates": [ [ [ -48.179688962489209, -21.797645681377624 ], [ -48.179605428039686, -21.797921149380571 ], [ -48.179750406167592, -21.797959799903186 ], [ -48.17977375404292, -21.797948046218046 ], [ -48.179853252534315, -21.797691537714659 ], [ -48.179688962489209, -21.797645681377624 ] ] ] } },
{ "type": "Feature", "properties": { "nome": "Edificio Italia", "LAYER": "CONDOMINIOS" }, "geometry": { "type": "Polygon", "coordinates": [ [ [ -48.17634873118616, -21.800274768746146 ], [ -48.176320488528447, -21.800361817390026 ], [ -48.176623432024414, -21.800449527883849 ], [ -48.176715880861174, -21.800476294242756 ], [ -48.176770753024421, -21.800309793706781 ], [ -48.176469972002877, -21.800229118517446 ], [ -48.176380197457853, -21.800203742783058 ], [ -48.176370196580628, -21.80020091592479 ], [ -48.17634873118616, -21.800274768746146 ] ] ] } },
{ "type": "Feature", "properties": { "nome": "Edificio Barra do Una", "LAYER": "CONDOMINIOS" }, "geometry": { "type": "Polygon", "coordinates": [ [ [ -48.176816487599552, -21.800112615949825 ], [ -48.176535752229796, -21.800026452446126 ], [ -48.176469972002877, -21.800229118517446 ], [ -48.176770753024421, -21.800309793706781 ], [ -48.176825462458986, -21.800143786944172 ], [ -48.176816487599552, -21.800112615949825 ] ] ] } },
{ "type": "Feature", "properties": { "nome": null, "LAYER": "CONDOMINIOS" }, "geometry": { "type": "Polygon", "coordinates": [ [ [ -48.14048946011615, -21.781774632068448 ], [ -48.140518854181373, -21.78204390653363 ], [ -48.140534573050999, -21.782042525203639 ], [ -48.140502607930785, -21.781500336715684 ], [ -48.14037148789825, -21.781511048109373 ], [ -48.140311513520864, -21.781515947471302 ], [ -48.140271773643818, -21.78151941940412 ], [ -48.140192313489266, -21.781526421113771 ], [ -48.140216336661126, -21.781796162209432 ], [ -48.140216606599502, -21.781796091800974 ], [ -48.140298603209324, -21.781789989812648 ], [ -48.140298172169736, -21.781785660463012 ], [ -48.140312112640309, -21.78178439552628 ], [ -48.140316286717749, -21.781822174453232 ], [ -48.140333507210393, -21.781978034365743 ], [ -48.140342499321925, -21.782059420463536 ], [ -48.140435529194086, -21.782051216764938 ], [ -48.14040486846217, -21.781778916754735 ], [ -48.14048946011615, -21.781774632068448 ] ] ] } },
{ "type": "Feature", "properties": { "nome": "Condomínio Edifício Independência", "LAYER": "CONDOMINIOS" }, "geometry": { "type": "Polygon", "coordinates": [ [ [ -48.176692371313692, -21.795840218723889 ], [ -48.176637265960622, -21.796007685792699 ], [ -48.176595859277924, -21.796136619960937 ], [ -48.176885161882744, -21.796211485996235 ], [ -48.176927148063022, -21.796221822476969 ], [ -48.176968783063906, -21.796091926721846 ], [ -48.177018690067918, -21.795937368812606 ], [ -48.177055442280867, -21.795824393102308 ], [ -48.176955366043003, -21.795797274708921 ], [ -48.176726834108329, -21.79573538166073 ], [ -48.176692371313692, -21.795840218723889 ] ] ] } },
{ "type": "Feature", "properties": { "nome": "Condomínio Edifício Residencial Casablanca", "LAYER": "CONDOMINIOS" }, "geometry": { "type": "Polygon", "coordinates": [ [ [ -48.178488644089526, -21.795571350224904 ], [ -48.178508882682387, -21.795602415716278 ], [ -48.178792752874301, -21.795669504049734 ], [ -48.178835880029574, -21.795538277451247 ], [ -48.178696539662326, -21.795505123893037 ], [ -48.178735105972905, -21.795380738947724 ], [ -48.178567350994747, -21.795332460884442 ], [ -48.178488644089526, -21.795571350224904 ] ] ] } },
{ "type": "Feature", "properties": { "nome": "Condomínio Edifício Residencial Filho", "LAYER": "CONDOMINIOS" }, "geometry": { "type": "Polygon", "coordinates": [ [ [ -48.174285580201904, -21.79689638359714 ], [ -48.174094073371677, -21.796858938924615 ], [ -48.173948171144254, -21.796833617502756 ], [ -48.173946363900072, -21.796839819866385 ], [ -48.173874102464524, -21.796827827750374 ], [ -48.173860763709691, -21.796877719219061 ], [ -48.173850108893063, -21.796916371193589 ], [ -48.173822469759159, -21.797018368266446 ], [ -48.173753098093336, -21.797274370657988 ], [ -48.174012327108116, -21.797349472225012 ], [ -48.174380084526646, -21.797458242410777 ], [ -48.174409514239073, -21.797443371491514 ], [ -48.174556397459064, -21.796971986881083 ], [ -48.174522384051372, -21.79696200747988 ], [ -48.17434738977046, -21.796913889944889 ], [ -48.174285580201904, -21.79689638359714 ] ] ] } },
{ "type": "Feature", "properties": { "nome": "Residencial Vovó Weiner", "LAYER": "CONDOMINIOS" }, "geometry": { "type": "Polygon", "coordinates": [ [ [ -48.184371785709729, -21.790953217005939 ], [ -48.184433449310646, -21.790968123225547 ], [ -48.184468917441642, -21.790856327119915 ], [ -48.184158222689611, -21.790785152071102 ], [ -48.184123454298948, -21.790893186479479 ], [ -48.184371785709729, -21.790953217005939 ] ] ] } },
{ "type": "Feature", "properties": { "nome": "Condomínio Edifício Portinari", "LAYER": "CONDOMINIOS" }, "geometry": { "type": "Polygon", "coordinates": [ [ [ -48.181923855921752, -21.78343291421152 ], [ -48.181846309292261, -21.783680511344578 ], [ -48.181871245420858, -21.783687812345715 ], [ -48.18225322036092, -21.783799649507838 ], [ -48.182340303683453, -21.783544415559145 ], [ -48.181923855921752, -21.78343291421152 ] ] ] } },
{ "type": "Feature", "properties": { "nome": "Condomínio Edifício Villa Lobos", "LAYER": "CONDOMINIOS" }, "geometry": { "type": "Polygon", "coordinates": [ [ [ -48.18146827391169, -21.783321234917867 ], [ -48.181393984246007, -21.783548075206294 ], [ -48.181846309292276, -21.783680511344588 ], [ -48.181923855921752, -21.78343291421152 ], [ -48.181485597209821, -21.783315571832031 ], [ -48.18146827391169, -21.783321234917867 ] ] ] } },
{ "type": "Feature", "properties": { "nome": "Condomínio Edifício Dom Pedro", "LAYER": "CONDOMINIOS" }, "geometry": { "type": "Polygon", "coordinates": [ [ [ -48.179877315823582, -21.804486875820206 ], [ -48.179818026242273, -21.804691597437973 ], [ -48.179994755277228, -21.804712865488785 ], [ -48.180056760862001, -21.804537011103715 ], [ -48.179877315823582, -21.804486875820206 ] ] ] } },
{ "type": "Feature", "properties": { "nome": "Residencial Parque Dos Trilhos", "LAYER": "CONDOMINIOS" }, "geometry": { "type": "Polygon", "coordinates": [ [ [ -48.169207739625556, -21.774846394299193 ], [ -48.167975228142197, -21.775183235141874 ], [ -48.168334272349661, -21.775653247217377 ], [ -48.16836098047655, -21.775647007753275 ], [ -48.168631165835976, -21.7755745043298 ], [ -48.169371621278295, -21.775372899852613 ], [ -48.169207739625556, -21.774846394299193 ] ] ] } },
{ "type": "Feature", "properties": { "nome": "Condomínio Santa Sofia", "LAYER": "CONDOMINIOS" }, "geometry": { "type": "Polygon", "coordinates": [ [ [ -48.154853587753124, -21.772594370380514 ], [ -48.154958317879746, -21.772621226693346 ], [ -48.154956952174608, -21.772625685793738 ], [ -48.155129856378004, -21.77265911196498 ], [ -48.155241444902749, -21.772350317022198 ], [ -48.154959733257229, -21.772295767920991 ], [ -48.154927524048887, -21.772386229989561 ], [ -48.154855224491236, -21.772589841382583 ], [ -48.154853587753124, -21.772594370380514 ] ] ] } },
{ "type": "Feature", "properties": { "nome": "Condomínio Edifício Roseiras I", "LAYER": "CONDOMINIOS" }, "geometry": { "type": "Polygon", "coordinates": [ [ [ -48.163466837567611, -21.765824954611571 ], [ -48.163524995703362, -21.765820220618178 ], [ -48.163515343405088, -21.765726580076514 ], [ -48.16350646595636, -21.765635023749304 ], [ -48.163497212890093, -21.76554500058112 ], [ -48.163489024456936, -21.765460224959742 ], [ -48.162989235649668, -21.76550717152708 ], [ -48.162977470316321, -21.765522238104509 ], [ -48.163013948954642, -21.765861818076413 ], [ -48.163126653878166, -21.765852644429902 ], [ -48.163242695535814, -21.765843199106577 ], [ -48.16335330503987, -21.765834195860752 ], [ -48.163466837567611, -21.765824954611571 ] ] ] } },
{ "type": "Feature", "properties": { "nome": "Condomínio Edifício Roseiras II", "LAYER": "CONDOMINIOS" }, "geometry": { "type": "Polygon", "coordinates": [ [ [ -48.162007477608888, -21.765598360324525 ], [ -48.162042256175823, -21.765942970004051 ], [ -48.16220411087555, -21.765929898820669 ], [ -48.162305695433254, -21.765921193919063 ], [ -48.162417294901431, -21.765911630753742 ], [ -48.162647918230363, -21.765891828075521 ], [ -48.162743409075183, -21.765883619951484 ], [ -48.162731080761404, -21.765764238747202 ], [ -48.162718513538884, -21.765642543987163 ], [ -48.162707276657052, -21.765533731516832 ], [ -48.162007477608888, -21.765598360324525 ] ] ] } },
{ "type": "Feature", "properties": { "nome": "Condomínio Residencial Via Veneto", "LAYER": "CONDOMINIOS" }, "geometry": { "type": "Polygon", "coordinates": [ [ [ -48.183716195789856, -21.775678674699741 ], [ -48.183559915701281, -21.775626993601691 ], [ -48.183471865782415, -21.775597875818722 ], [ -48.183418975960201, -21.775773988803458 ], [ -48.183703406587156, -21.775864869524703 ], [ -48.18375442110321, -21.775691337071848 ], [ -48.183716195789856, -21.775678674699741 ] ] ] } },
{ "type": "Feature", "properties": { "nome": "Condomínio Edifício Lago Azul", "LAYER": "CONDOMINIOS" }, "geometry": { "type": "Polygon", "coordinates": [ [ [ -48.192114242049342, -21.784328564657429 ], [ -48.192078445287436, -21.784319079626261 ], [ -48.19188806298925, -21.784268612164762 ], [ -48.191846086820455, -21.784418644355156 ], [ -48.191742720325969, -21.784751637411127 ], [ -48.191941163270322, -21.784797712404789 ], [ -48.191951747735651, -21.784796878431692 ], [ -48.191960555077991, -21.784794518945276 ], [ -48.191973509923443, -21.784783651840375 ], [ -48.19198144856901, -21.784770392750282 ], [ -48.191990493365182, -21.784740190706234 ], [ -48.192114242049342, -21.784328564657429 ] ] ] } },
{ "type": "Feature", "properties": { "nome": "Edifício Alamanda", "LAYER": "CONDOMINIOS" }, "geometry": { "type": "Polygon", "coordinates": [ [ [ -48.18283423869174, -21.798601733270619 ], [ -48.182945305925124, -21.798631578106555 ], [ -48.183063670094612, -21.798663383606375 ], [ -48.183147791220698, -21.798685987638876 ], [ -48.183097967713337, -21.798857313443445 ], [ -48.18317681200265, -21.798879513772711 ], [ -48.183230020730292, -21.798703888140491 ], [ -48.183244770248827, -21.798707953576194 ], [ -48.18326703213075, -21.798620554975475 ], [ -48.183290361637191, -21.79852896480789 ], [ -48.183314150849903, -21.798435569707554 ], [ -48.182903979156634, -21.798336228284047 ], [ -48.18283423869174, -21.798601733270619 ] ] ] } },
{ "type": "Feature", "properties": { "nome": "Condomínio Edifício Morumbi", "LAYER": "CONDOMINIOS" }, "geometry": { "type": "Polygon", "coordinates": [ [ [ -48.189304766682298, -21.796656611853706 ], [ -48.188919842674629, -21.79657080585099 ], [ -48.188820313029495, -21.796914372163414 ], [ -48.189339186158549, -21.797036521702243 ], [ -48.189365004201235, -21.79701618236902 ], [ -48.189457724120942, -21.796693099271828 ], [ -48.189304766682298, -21.796656611853706 ] ] ] } },
{ "type": "Feature", "properties": { "nome": "Edificio Domingos Barbieri", "LAYER": "CONDOMINIOS" }, "geometry": { "type": "Polygon", "coordinates": [ [ [ -48.174944188804304, -21.792544323823655 ], [ -48.175033384681718, -21.792561711774422 ], [ -48.175053275438628, -21.792497667278536 ], [ -48.175088878176908, -21.792369308393329 ], [ -48.175003112488028, -21.792348049879962 ], [ -48.174992757673216, -21.792383866973299 ], [ -48.174944188804304, -21.792544323823655 ] ] ] } },
{ "type": "Feature", "properties": { "nome": "Edifício De Carli", "LAYER": "CONDOMINIOS" }, "geometry": { "type": "Polygon", "coordinates": [ [ [ -48.178902886799342, -21.791223113248368 ], [ -48.178854291734879, -21.791381026266855 ], [ -48.179007962525709, -21.791420811735808 ], [ -48.179047846882, -21.791431151536266 ], [ -48.179056202316112, -21.791433317634773 ], [ -48.179144392738124, -21.791456180468344 ], [ -48.17914694488487, -21.791446879733108 ], [ -48.179250461003932, -21.791469176401002 ], [ -48.179289602485689, -21.791477607250023 ], [ -48.179317841369624, -21.791386711203856 ], [ -48.179083914632017, -21.791335485065247 ], [ -48.179103268962635, -21.791281462154764 ], [ -48.178902886799342, -21.791223113248368 ] ] ] } },
{ "type": "Feature", "properties": { "nome": "Edificio Cidade de Araraquara", "LAYER": "CONDOMINIOS" }, "geometry": { "type": "Polygon", "coordinates": [ [ [ -48.17542074815038, -21.79346424720795 ], [ -48.175389838709194, -21.793588893123331 ], [ -48.175394156077772, -21.793601474039672 ], [ -48.17565835478306, -21.793661776377018 ], [ -48.175692904004478, -21.793527079561191 ], [ -48.175633852170357, -21.793514474879892 ], [ -48.17542074815038, -21.79346424720795 ] ] ] } },
{ "type": "Feature", "properties": { "nome": null, "LAYER": "CONDOMINIOS" }, "geometry": { "type": "Polygon", "coordinates": [ [ [ -48.181585741308588, -21.790011313393691 ], [ -48.181732141667965, -21.790052108049874 ], [ -48.181776830268284, -21.790064560558644 ], [ -48.181861563209516, -21.789779875783235 ], [ -48.181399549502842, -21.789650353822289 ], [ -48.181370100258526, -21.789743419876235 ], [ -48.181647338666984, -21.789824015955894 ], [ -48.181614167532558, -21.78992487861218 ], [ -48.181585741308588, -21.790011313393691 ] ] ] } },
{ "type": "Feature", "properties": { "nome": "Edificio Itaquerê", "LAYER": "CONDOMINIOS" }, "geometry": { "type": "Polygon", "coordinates": [ [ [ -48.156795076790125, -21.785491035690416 ], [ -48.156784870457152, -21.785488283052967 ], [ -48.15665342320434, -21.785468550731864 ], [ -48.156621548478896, -21.785664564246595 ], [ -48.156815355580974, -21.785691749037483 ], [ -48.156835447459109, -21.785553406057495 ], [ -48.156835103703884, -21.785542510653197 ], [ -48.156833453609281, -21.785533707240351 ], [ -48.1568281073367, -21.785520303158133 ], [ -48.156820743302539, -21.785509956316279 ], [ -48.156810650592917, -21.785500601077516 ], [ -48.156801481631554, -21.785494164022513 ], [ -48.156795076790125, -21.785491035690416 ] ] ] } },
{ "type": "Feature", "properties": { "nome": null, "LAYER": "CONDOMINIOS" }, "geometry": { "type": "Polygon", "coordinates": [ [ [ -48.167079142855805, -21.790628627635627 ], [ -48.167290231211815, -21.790674319327486 ], [ -48.167290682630743, -21.79067254417831 ], [ -48.167381874201233, -21.790692579990665 ], [ -48.167469959561231, -21.79071193328172 ], [ -48.167478436602899, -21.7906681490789 ], [ -48.16747882734969, -21.790666130857865 ], [ -48.167482148927853, -21.79066697401996 ], [ -48.167518221647825, -21.790539464508019 ], [ -48.167541410395742, -21.790457486569203 ], [ -48.167147925734938, -21.79037435411313 ], [ -48.167079142855805, -21.790628627635627 ] ] ] } },
{ "type": "Feature", "properties": { "nome": "Condomínio Edifício Bradesco", "LAYER": "CONDOMINIOS" }, "geometry": { "type": "Polygon", "coordinates": [ [ [ -48.175639549112638, -21.79318396859642 ], [ -48.175632063399625, -21.793182305548761 ], [ -48.175627546371693, -21.793199119639905 ], [ -48.175513990824065, -21.793175528512496 ], [ -48.175483980886973, -21.793168109536765 ], [ -48.175457710069374, -21.793280704327088 ], [ -48.17574279977925, -21.793342299483381 ], [ -48.175753239655918, -21.793303528692565 ], [ -48.175760959912132, -21.793276000472119 ], [ -48.175766846467319, -21.793256857668624 ], [ -48.175676267897359, -21.793237159877897 ], [ -48.175687722227195, -21.793193661771177 ], [ -48.175639549112638, -21.79318396859642 ] ] ] } },
{ "type": "Feature", "properties": { "nome": "Condomínio Residencial San Remo", "LAYER": "CONDOMINIOS" }, "geometry": { "type": "Polygon", "coordinates": [ [ [ -48.1744771755355, -21.787996471797449 ], [ -48.174865473428333, -21.788089136691983 ], [ -48.174921372368601, -21.787883889683417 ], [ -48.174658508556654, -21.787823488073673 ], [ -48.174546139351555, -21.78779815102402 ], [ -48.174528808930127, -21.787794243346823 ], [ -48.1744771755355, -21.787996471797449 ] ] ] } },
{ "type": "Feature", "properties": { "nome": "Residencial São Matheus", "LAYER": "CONDOMINIOS" }, "geometry": { "type": "Polygon", "coordinates": [ [ [ -48.187413588562606, -21.793198262699683 ], [ -48.187410857842885, -21.793197754612873 ], [ -48.187324431485543, -21.793567872376535 ], [ -48.187631404948156, -21.793641071670969 ], [ -48.187694664402812, -21.793375727247081 ], [ -48.187722056838496, -21.793260828136283 ], [ -48.187723303810372, -21.793255597636968 ], [ -48.187618152333684, -21.793236246095336 ], [ -48.187515155155374, -21.793217160485312 ], [ -48.187413588562606, -21.793198262699683 ] ] ] } },
{ "type": "Feature", "properties": { "nome": "Residencial Vitória Régia", "LAYER": "CONDOMINIOS" }, "geometry": { "type": "Polygon", "coordinates": [ [ [ -48.18396876209647, -21.792393657004993 ], [ -48.183996389907321, -21.792299658251959 ], [ -48.183718011576346, -21.792227293563069 ], [ -48.183689648931427, -21.792321993655737 ], [ -48.18396876209647, -21.792393657004993 ] ] ] } },
{ "type": "Feature", "properties": { "nome": "Condomínio Solar Torino", "LAYER": "CONDOMINIOS" }, "geometry": { "type": "Polygon", "coordinates": [ [ [ -48.183823999021747, -21.790165458613032 ], [ -48.183851896917496, -21.79007629881654 ], [ -48.183879396394111, -21.789988495429732 ], [ -48.183907860303997, -21.789897363295179 ], [ -48.183939950884614, -21.789794757656637 ], [ -48.18347519577069, -21.789686666996769 ], [ -48.183467345302176, -21.789690043987733 ], [ -48.183460093147737, -21.789695643273344 ], [ -48.183456110242048, -21.789700382149931 ], [ -48.183327201173427, -21.790122910527607 ], [ -48.183652270093667, -21.790213400210774 ], [ -48.183616717495248, -21.790317453040707 ], [ -48.183604586013743, -21.790353050058641 ], [ -48.183754548457841, -21.790387030739112 ], [ -48.183785464251109, -21.790288398413313 ], [ -48.183823999021747, -21.790165458613032 ] ] ] } },
{ "type": "Feature", "properties": { "nome": "Condomínio Edifício Le Privilege Residence", "LAYER": "CONDOMINIOS" }, "geometry": { "type": "Polygon", "coordinates": [ [ [ -48.183364997684478, -21.791670718336551 ], [ -48.183393667033222, -21.791585213230679 ], [ -48.182918358062423, -21.791469681404411 ], [ -48.182798984078126, -21.791890241277017 ], [ -48.183267435652645, -21.791991785016229 ], [ -48.183310210338007, -21.791858962681886 ], [ -48.183337131511784, -21.791766464052692 ], [ -48.183364997684478, -21.791670718336551 ] ] ] } },
{ "type": "Feature", "properties": { "nome": "Condomínio Edifício Osório", "LAYER": "CONDOMINIOS" }, "geometry": { "type": "Polygon", "coordinates": [ [ [ -48.176959136932325, -21.788830033888793 ], [ -48.176801463968097, -21.788796929988447 ], [ -48.176779497649164, -21.788873483616356 ], [ -48.176735331326491, -21.789035446303728 ], [ -48.177009626866585, -21.789109316994104 ], [ -48.177020818308264, -21.789060151349922 ], [ -48.177107719468587, -21.788761879330139 ], [ -48.177121504008817, -21.788765237592504 ], [ -48.177142486197937, -21.788693606970085 ], [ -48.177003125171822, -21.788661270352058 ], [ -48.176959136932325, -21.788830033888793 ] ] ] } },
{ "type": "Feature", "properties": { "nome": "Edifício Central", "LAYER": "CONDOMINIOS" }, "geometry": { "type": "Polygon", "coordinates": [ [ [ -48.17659905454007, -21.788831792195456 ], [ -48.17655641928534, -21.788994369957994 ], [ -48.176735331326491, -21.789035446303728 ], [ -48.176779497649164, -21.788873483616356 ], [ -48.17659905454007, -21.788831792195456 ] ] ] } },
{ "type": "Feature", "properties": { "nome": "Edifício Regencia", "LAYER": "CONDOMINIOS" }, "geometry": { "type": "Polygon", "coordinates": [ [ [ -48.17567984674907, -21.790587456514114 ], [ -48.17565346825166, -21.790581839921185 ], [ -48.175629880701813, -21.790676707648707 ], [ -48.175595536650178, -21.790668810297344 ], [ -48.175582834358728, -21.790718965112099 ], [ -48.175558455918932, -21.790714473915774 ], [ -48.175547811456312, -21.790751926363715 ], [ -48.175765940206617, -21.790804679959848 ], [ -48.175807625558868, -21.790641986719077 ], [ -48.17581397377014, -21.790615554848042 ], [ -48.17567984674907, -21.790587456514114 ] ] ] } },
{ "type": "Feature", "properties": { "nome": "Edifício Evidence", "LAYER": "CONDOMINIOS" }, "geometry": { "type": "Polygon", "coordinates": [ [ [ -48.182572984695256, -21.790324724039586 ], [ -48.182677189839872, -21.790350090684115 ], [ -48.182664046086863, -21.790397187074237 ], [ -48.18282541561873, -21.790439088139472 ], [ -48.182849588918231, -21.790360520153353 ], [ -48.182880140543894, -21.790258946899808 ], [ -48.182911258038992, -21.790155492145388 ], [ -48.182945307272654, -21.790042290172842 ], [ -48.182964319436245, -21.789979081179922 ], [ -48.182862336095411, -21.789953277628445 ], [ -48.182890010364396, -21.789862176799126 ], [ -48.182900732888299, -21.789826879320884 ], [ -48.182809518002458, -21.789801292155865 ], [ -48.18269738501634, -21.78976983706594 ], [ -48.182674839528964, -21.789832245730409 ], [ -48.182421112015625, -21.789760696837192 ], [ -48.182240202784612, -21.790352095798532 ], [ -48.182549697958322, -21.790421335460366 ], [ -48.182572984695256, -21.790324724039586 ] ] ] } },
{ "type": "Feature", "properties": { "nome": "Edifício San Marco", "LAYER": "CONDOMINIOS" }, "geometry": { "type": "Polygon", "coordinates": [ [ [ -48.181259225940799, -21.791469116982455 ], [ -48.181284908529008, -21.79138541941095 ], [ -48.181304021744381, -21.791323130838059 ], [ -48.181304078632735, -21.791322945443078 ], [ -48.180892104071383, -21.791226036594018 ], [ -48.180844892449436, -21.791375739730245 ], [ -48.181259225940799, -21.791469116982455 ] ] ] } },
{ "type": "Feature", "properties": { "nome": "Edificio Toronto", "LAYER": "CONDOMINIOS" }, "geometry": { "type": "Polygon", "coordinates": [ [ [ -48.175940979695419, -21.798461424858246 ], [ -48.17592320329446, -21.798512880691057 ], [ -48.17632186119652, -21.798630684392869 ], [ -48.176365311307229, -21.798509807744004 ], [ -48.175965685347663, -21.798389080615458 ], [ -48.175940979695419, -21.798461424858246 ] ] ] } },
{ "type": "Feature", "properties": { "nome": "Edifício Alameda Dos Oitis", "LAYER": "CONDOMINIOS" }, "geometry": { "type": "Polygon", "coordinates": [ [ [ -48.179656736870442, -21.79022421437946 ], [ -48.179552268435607, -21.790545910785379 ], [ -48.179749802093149, -21.790598079084454 ], [ -48.179769723412299, -21.790540423256097 ], [ -48.179803537239536, -21.790442559914155 ], [ -48.179862449467173, -21.790272056854892 ], [ -48.179656736870442, -21.79022421437946 ] ] ] } },
{ "type": "Feature", "properties": { "nome": "Edifício Rosa De Ouro", "LAYER": "CONDOMINIOS" }, "geometry": { "type": "Polygon", "coordinates": [ [ [ -48.179429621470099, -21.790938740075436 ], [ -48.179396386462351, -21.791040475995626 ], [ -48.179371035578399, -21.791033667250815 ], [ -48.179358989049113, -21.791078402368587 ], [ -48.179800275479778, -21.791193440292759 ], [ -48.179855994125496, -21.791025665738136 ], [ -48.179446985614284, -21.790927946313353 ], [ -48.179442285324242, -21.790942174887693 ], [ -48.179429621470099, -21.790938740075436 ] ] ] } },
{ "type": "Feature", "properties": { "nome": "Edifício Vila Do Sol", "LAYER": "CONDOMINIOS" }, "geometry": { "type": "Polygon", "coordinates": [ [ [ -48.179150487632462, -21.789318143479257 ], [ -48.179179662441555, -21.789230294346218 ], [ -48.179213078558284, -21.789129673919977 ], [ -48.179007875854616, -21.78908059467561 ], [ -48.178604145992523, -21.78898122872797 ], [ -48.178352504561019, -21.789744932566133 ], [ -48.178351407617349, -21.789750824253019 ], [ -48.178351078172113, -21.789756796224118 ], [ -48.178351521017653, -21.789762761608745 ], [ -48.178352729712238, -21.789768633631709 ], [ -48.178354686673792, -21.789774326876149 ], [ -48.178357363435566, -21.78977975852564 ], [ -48.178360721060336, -21.78978484956901 ], [ -48.178364710706703, -21.789789525949839 ], [ -48.178369274339573, -21.789793719643345 ], [ -48.178374345574419, -21.789797369646255 ], [ -48.178379850642855, -21.789800422864051 ], [ -48.17873440896701, -21.789892178429007 ], [ -48.17894673083007, -21.789945472999758 ], [ -48.17897961522025, -21.789843075767475 ], [ -48.17900691457163, -21.789758444360544 ], [ -48.179058595422532, -21.789598263684734 ], [ -48.179079947607157, -21.789532087413306 ], [ -48.179120828939801, -21.789407449510026 ], [ -48.179150487632462, -21.789318143479257 ] ] ] } },
{ "type": "Feature", "properties": { "nome": "Residencial Orasil Wernek", "LAYER": "CONDOMINIOS" }, "geometry": { "type": "Polygon", "coordinates": [ [ [ -48.145502056429876, -21.771629276890746 ], [ -48.145304187322473, -21.772095902667278 ], [ -48.145335091504812, -21.772142962177224 ], [ -48.146021638838803, -21.772301011205158 ], [ -48.146072335291855, -21.772269314157505 ], [ -48.146185948326043, -21.771795041341818 ], [ -48.146156082093057, -21.771746064626047 ], [ -48.145720878776388, -21.771655963752007 ], [ -48.145561395088968, -21.771615747868449 ], [ -48.145502056429876, -21.771629276890746 ] ] ] } },
{ "type": "Feature", "properties": { "nome": "Residencial Vida Plena", "LAYER": "CONDOMINIOS" }, "geometry": { "type": "Polygon", "coordinates": [ [ [ -48.163163867519572, -21.790417776724247 ], [ -48.163223042946903, -21.79020188542377 ], [ -48.163235862297284, -21.790153980541504 ], [ -48.162365330353829, -21.789966419774217 ], [ -48.162267170040181, -21.790280493137988 ], [ -48.162172169116289, -21.790599104085434 ], [ -48.162969353081699, -21.790792265998434 ], [ -48.163053520335119, -21.790481133694332 ], [ -48.16314082649945, -21.790500868198155 ], [ -48.163163867519572, -21.790417776724247 ] ] ] } },
{ "type": "Feature", "properties": { "nome": "Residencial Villa Cinco", "LAYER": "CONDOMINIOS" }, "geometry": { "type": "Polygon", "coordinates": [ [ [ -48.179795009603204, -21.787371203339273 ], [ -48.179998101079768, -21.787419212325347 ], [ -48.180020792912366, -21.787349016006818 ], [ -48.179616543784277, -21.787242089820776 ], [ -48.179589615533253, -21.787325309031271 ], [ -48.179689684188965, -21.787347208776502 ], [ -48.179795009603204, -21.787371203339273 ] ] ] } },
{ "type": "Feature", "properties": { "nome": "Condomínio Spazio Amendoeiras", "LAYER": "CONDOMINIOS" }, "geometry": { "type": "Polygon", "coordinates": [ [ [ -48.188054287600366, -21.783186592694459 ], [ -48.187857618409666, -21.7834730974315 ], [ -48.188275884595036, -21.783733952487786 ], [ -48.188473196357911, -21.783451156877959 ], [ -48.188474910279467, -21.783448700406126 ], [ -48.18837469961796, -21.783386435316942 ], [ -48.18825740124268, -21.78331399150051 ], [ -48.188190673011412, -21.783272357164734 ], [ -48.188054287600366, -21.783186592694459 ] ] ] } },
{ "type": "Feature", "properties": { "nome": "Residencial Exclusive Casa de Repouso Araraquara", "LAYER": "CONDOMINIOS" }, "geometry": { "type": "Polygon", "coordinates": [ [ [ -48.172984745949186, -21.769606682172725 ], [ -48.172803525390066, -21.769904721205656 ], [ -48.172746622510537, -21.76999830451188 ], [ -48.172946558036408, -21.770104567394878 ], [ -48.173186386608002, -21.769712725266313 ], [ -48.172984745949186, -21.769606682172725 ] ] ] } },
{ "type": "Feature", "properties": { "nome": "Residencial Vila Carvalho", "LAYER": "CONDOMINIOS" }, "geometry": { "type": "Polygon", "coordinates": [ [ [ -48.162005396593251, -21.788126047482749 ], [ -48.162024031477124, -21.788038317454404 ], [ -48.161774259561106, -21.787977707552198 ], [ -48.161752752104128, -21.788066412891787 ], [ -48.161731829058304, -21.788151676737208 ], [ -48.161709474799899, -21.788238994086147 ], [ -48.161686774731251, -21.788327662054741 ], [ -48.161662251007932, -21.788437819593643 ], [ -48.161651011680313, -21.788434898993653 ], [ -48.16158640743889, -21.788716391701065 ], [ -48.161852504303859, -21.788773615207148 ], [ -48.161896866295898, -21.78858339984518 ], [ -48.161918319520822, -21.78849455456503 ], [ -48.161939338730704, -21.788407506553849 ], [ -48.161965359598156, -21.788301715226453 ], [ -48.161985053370131, -21.788221819934261 ], [ -48.161986842944053, -21.788213394929844 ], [ -48.162005396593251, -21.788126047482749 ] ] ] } },
{ "type": "Feature", "properties": { "nome": null, "LAYER": "CONDOMINIOS" }, "geometry": { "type": "Polygon", "coordinates": [ [ [ -48.176094050609642, -21.793963791807208 ], [ -48.176082057079732, -21.79401216617676 ], [ -48.176063851104821, -21.79408667823623 ], [ -48.175972367973564, -21.794066576675466 ], [ -48.175874972194372, -21.794048441131046 ], [ -48.175868732239415, -21.794069228182689 ], [ -48.175843729244072, -21.794162436744273 ], [ -48.175833755824364, -21.794200783035649 ], [ -48.175808395694432, -21.794301708337553 ], [ -48.175787405257452, -21.794383031566849 ], [ -48.175997692023444, -21.794435349978883 ], [ -48.176017642215861, -21.794362011388973 ], [ -48.17603410559434, -21.79430149062118 ], [ -48.176056018821683, -21.794219873672837 ], [ -48.176073685091389, -21.794155199809268 ], [ -48.176101837335935, -21.794046170886777 ], [ -48.176139062778233, -21.793898717486698 ], [ -48.176110474378468, -21.793892091669477 ], [ -48.176094050609642, -21.793963791807208 ] ] ] } },
{ "type": "Feature", "properties": { "nome": "Condomínio Barbieri", "LAYER": "CONDOMINIOS" }, "geometry": { "type": "Polygon", "coordinates": [ [ [ -48.157202663713839, -21.769530529278235 ], [ -48.157206362368896, -21.769637854068382 ], [ -48.157210107585207, -21.769746530067572 ], [ -48.157213813931598, -21.769854078295584 ], [ -48.157218469548233, -21.769962731935106 ], [ -48.157221716249289, -21.770065605614302 ], [ -48.157227008521666, -21.77023329475492 ], [ -48.157235750389674, -21.770236374837701 ], [ -48.157345099195645, -21.770274939902883 ], [ -48.157451963762689, -21.770313064851926 ], [ -48.157453022879942, -21.770310532178375 ], [ -48.157561400778334, -21.770349601590667 ], [ -48.157672383290979, -21.770389609854654 ], [ -48.15777975945705, -21.770422854720149 ], [ -48.157891297796532, -21.770460213643091 ], [ -48.158024159836494, -21.770134185763833 ], [ -48.158306736051365, -21.769444181772737 ], [ -48.158404495449687, -21.769205744729856 ], [ -48.157514441020545, -21.768988654063321 ], [ -48.157486557270126, -21.769196376929525 ], [ -48.157486615570321, -21.769200850851909 ], [ -48.157486987081434, -21.76922936054218 ], [ -48.157489125984767, -21.769393499567805 ], [ -48.157294812086, -21.769374642777187 ], [ -48.157294326789923, -21.769310236247676 ], [ -48.157195139223376, -21.769312189665428 ], [ -48.157198922086401, -21.769421957676414 ], [ -48.157202663713839, -21.769530529278235 ] ] ] } },
{ "type": "Feature", "properties": { "nome": "Residencial Sintonia", "LAYER": "CONDOMINIOS" }, "geometry": { "type": "Polygon", "coordinates": [ [ [ -48.158987383699014, -21.770661743678541 ], [ -48.158982436576636, -21.770674341271199 ], [ -48.158918984759588, -21.770824154984314 ], [ -48.159031232216897, -21.770862486486994 ], [ -48.159139655290915, -21.770899750155856 ], [ -48.159242464427017, -21.770935584687777 ], [ -48.159255018272852, -21.770939960380517 ], [ -48.15931032084292, -21.770823622459673 ], [ -48.15943067699741, -21.770561215034707 ], [ -48.159610507918941, -21.770594824008334 ], [ -48.159615936607182, -21.770500718299218 ], [ -48.159633523351928, -21.770278246821626 ], [ -48.159644939835779, -21.770173037616733 ], [ -48.159656743468886, -21.770064260360591 ], [ -48.159667204457371, -21.769967856127128 ], [ -48.159672879209715, -21.769915559821765 ], [ -48.159677992918304, -21.769868433825295 ], [ -48.159686627552958, -21.769773076648324 ], [ -48.159694711336968, -21.769683686968975 ], [ -48.159699941796291, -21.769625848969614 ], [ -48.159703136769693, -21.769595328373867 ], [ -48.159709953583146, -21.769530209387522 ], [ -48.158406364925625, -21.769201185032596 ], [ -48.158404495449687, -21.769205744729856 ], [ -48.158306736051365, -21.769444181772737 ], [ -48.158024159836494, -21.770134185763833 ], [ -48.158924287757408, -21.770450903063082 ], [ -48.158885583797328, -21.770545974134741 ], [ -48.158859603751743, -21.770609790533676 ], [ -48.158987383699014, -21.770661743678541 ] ] ] } },
{ "type": "Feature", "properties": { "nome": "Condomínio Vila Verde", "LAYER": "CONDOMINIOS" }, "geometry": { "type": "Polygon", "coordinates": [ [ [ -48.147735794757004, -21.790990080446054 ], [ -48.146513331203487, -21.791688853447717 ], [ -48.146511446686489, -21.791690638974725 ], [ -48.146509628768115, -21.79169248374566 ], [ -48.146507879582288, -21.791694385595051 ], [ -48.146506201182319, -21.791696342290422 ], [ -48.146504595538381, -21.791698351534883 ], [ -48.146503064535267, -21.791700410969931 ], [ -48.146501609970137, -21.791702518178063 ], [ -48.146500233550441, -21.791704670685757 ], [ -48.146498936891895, -21.791706865966283 ], [ -48.14649772151656, -21.79170910144272 ], [ -48.146496588851136, -21.791711374490969 ], [ -48.146495540225168, -21.791713682442808 ], [ -48.146494576869614, -21.791716022589039 ], [ -48.146493699915304, -21.791718392182709 ], [ -48.146492910391657, -21.791720788442255 ], [ -48.14649220922545, -21.791723208554824 ], [ -48.146491597239766, -21.791725649679602 ], [ -48.14649107515298, -21.791728108951055 ], [ -48.146490643577927, -21.791730583482384 ], [ -48.146490303021253, -21.791733070368842 ], [ -48.14649005388268, -21.791735566691212 ], [ -48.14648989645471, -21.791738069519198 ], [ -48.146489830922114, -21.791740575914869 ], [ -48.146489857361829, -21.791743082936065 ], [ -48.146489975742831, -21.79174558763993 ], [ -48.146490185926162, -21.791748087086333 ], [ -48.146490487665098, -21.791750578341283 ], [ -48.146490880605441, -21.791753058480431 ], [ -48.146491364285964, -21.791755524592475 ], [ -48.146491938138887, -21.791757973782563 ], [ -48.146492601490593, -21.791760403175719 ], [ -48.146493353562427, -21.791762809920193 ], [ -48.146494193471568, -21.791765191190837 ], [ -48.146495120232096, -21.791767544192403 ], [ -48.146496132756134, -21.791769866162802 ], [ -48.146497229855136, -21.791772154376396 ], [ -48.146498410241279, -21.791774406147191 ], [ -48.146499672528968, -21.791776618831907 ], [ -48.146501015236474, -21.791778789833213 ], [ -48.146502436787657, -21.791780916602693 ], [ -48.146503935513849, -21.791782996643789 ], [ -48.146505509655753, -21.791785027514869 ], [ -48.146507157365583, -21.79178700683201 ], [ -48.146737383062678, -21.791905534028 ], [ -48.146740128761529, -21.791907013228727 ], [ -48.146742927916641, -21.791908402292858 ], [ -48.146745777136864, -21.791909699537559 ], [ -48.146748672970411, -21.791910903391212 ], [ -48.146751611909011, -21.79191201239539 ], [ -48.146754590392192, -21.79191302520654 ], [ -48.146757604811555, -21.791913940597642 ], [ -48.146760651515166, -21.791914757459729 ], [ -48.14676372681199, -21.791915474803158 ], [ -48.146766826976346, -21.791916091758896 ], [ -48.14676994825242, -21.791916607579509 ], [ -48.146773086858836, -21.791917021640081 ], [ -48.146776238993198, -21.791917333438974 ], [ -48.146779400836742, -21.791917542598462 ], [ -48.14678256855894, -21.791917648865134 ], [ -48.146785610713948, -21.791917653970437 ], [ -48.146788651354136, -21.791917564176213 ], [ -48.146791687086463, -21.791917379582664 ], [ -48.146794714523324, -21.791917100395761 ], [ -48.146797730286359, -21.791916726927077 ], [ -48.146800731010259, -21.79191625959335 ], [ -48.146803713346493, -21.791915698916071 ], [ -48.146806673967049, -21.791915045520934 ], [ -48.14680960956813, -21.791914300137044 ], [ -48.146812516873879, -21.791913463596199 ], [ -48.146815392640022, -21.791912536831898 ], [ -48.146818233657427, -21.791911520878308 ], [ -48.146821036755817, -21.791910416869165 ], [ -48.146823798807176, -21.79190922603642 ], [ -48.146826516729305, -21.791907949708946 ], [ -48.14682918748926, -21.791906589311001 ], [ -48.146831808106711, -21.791905146360659 ], [ -48.146834375657285, -21.791903622468148 ], [ -48.147939648469915, -21.791546740679578 ], [ -48.148146069721861, -21.790833271752582 ], [ -48.14798971062406, -21.790823454998787 ], [ -48.147904892128643, -21.79095295988855 ], [ -48.147823083425003, -21.790945564653914 ], [ -48.147821935437996, -21.790945550234472 ], [ -48.147820787601177, -21.790945572788139 ], [ -48.147819641279341, -21.790945632288111 ], [ -48.147818497835488, -21.790945728663615 ], [ -48.147817358629176, -21.790945861800083 ], [ -48.147816225014964, -21.790946031539217 ], [ -48.147815098340693, -21.790946237679172 ], [ -48.147813979946044, -21.790946479974849 ], [ -48.147812871160795, -21.790946758138176 ], [ -48.147811773303289, -21.790947071838396 ], [ -48.147810687678913, -21.790947420702501 ], [ -48.147809615578481, -21.790947804315714 ], [ -48.147808558276751, -21.790948222221886 ], [ -48.147807517030863, -21.790948673924149 ], [ -48.147806493078875, -21.790949158885397 ], [ -48.147805487638287, -21.790949676529003 ], [ -48.147804501904574, -21.790950226239506 ], [ -48.147803537049803, -21.790950807363259 ], [ -48.147802594221197, -21.790951419209325 ], [ -48.147801674539792, -21.790952061050188 ], [ -48.147800779099107, -21.790952732122694 ], [ -48.147799908963833, -21.790953431628928 ], [ -48.147735794757004, -21.790990080446054 ] ] ] } },
{ "type": "Feature", "properties": { "nome": "Transamerica Araraquara", "LAYER": "CONDOMINIOS" }, "geometry": { "type": "Polygon", "coordinates": [ [ [ -48.176012559036899, -21.795990375239818 ], [ -48.176079254254908, -21.795748878638857 ], [ -48.176101031140746, -21.795670134270978 ], [ -48.176019744452475, -21.795650780124877 ], [ -48.176047619767175, -21.795550513897702 ], [ -48.176056326506952, -21.79552139192926 ], [ -48.17607436126665, -21.795461069910818 ], [ -48.176078570307475, -21.795444413175673 ], [ -48.176127291395254, -21.795251605403372 ], [ -48.176149537361681, -21.79516882780764 ], [ -48.175727678634843, -21.795069121670771 ], [ -48.175704692283048, -21.795163828626148 ], [ -48.175632429981015, -21.795460258398162 ], [ -48.17559413534179, -21.795623330928667 ], [ -48.175569470788176, -21.795727963616887 ], [ -48.175535739353023, -21.795867513873038 ], [ -48.175597200139194, -21.795881727713759 ], [ -48.176012559036899, -21.795990375239818 ] ] ] } },
{ "type": "Feature", "properties": { "nome": "Residencial Brasília", "LAYER": "CONDOMINIOS" }, "geometry": { "type": "Polygon", "coordinates": [ [ [ -48.153290083036332, -21.783216411173211 ], [ -48.153190886753627, -21.783202618274835 ], [ -48.153176335557383, -21.783289829474274 ], [ -48.153161332126579, -21.783379750943055 ], [ -48.153146392258989, -21.783469291296182 ], [ -48.153131918704631, -21.78355603670644 ], [ -48.15322511679733, -21.783569533520662 ], [ -48.153319544498963, -21.7835832083497 ], [ -48.153416953544522, -21.783597314872683 ], [ -48.153512477165833, -21.783611148295826 ], [ -48.153571115804603, -21.783255487470264 ], [ -48.153480105270013, -21.783242832933308 ], [ -48.153381148581836, -21.783229073466885 ], [ -48.153290083036332, -21.783216411173211 ] ] ] } },
{ "type": "Feature", "properties": { "nome": "Edifício Emboata", "LAYER": "CONDOMINIOS" }, "geometry": { "type": "Polygon", "coordinates": [ [ [ -48.156439753220965, -21.785437761485326 ], [ -48.156425524215031, -21.785532921802712 ], [ -48.156412661136713, -21.785618832544525 ], [ -48.156410251533778, -21.785634925936705 ], [ -48.156621548478896, -21.785664564246595 ], [ -48.15665342320434, -21.785468550731864 ], [ -48.156439753220965, -21.785437761485326 ] ] ] } },
{ "type": "Feature", "properties": { "nome": "Residencial", "LAYER": "CONDOMINIOS" }, "geometry": { "type": "Polygon", "coordinates": [ [ [ -48.185780661437825, -21.790230766361248 ], [ -48.18570043048669, -21.790488269265346 ], [ -48.185673359479182, -21.790575153963477 ], [ -48.185786625136863, -21.79060393093528 ], [ -48.185890302727849, -21.790256527249817 ], [ -48.185780661437825, -21.790230766361248 ] ] ] } },
{ "type": "Feature", "properties": { "nome": "Wish Morumbi", "LAYER": "CONDOMINIOS" }, "geometry": { "type": "Polygon", "coordinates": [ [ [ -48.188922593541037, -21.795539624201275 ], [ -48.18904355503134, -21.795565615888552 ], [ -48.189188157152913, -21.795596873173817 ], [ -48.189318243079896, -21.795625281002323 ], [ -48.189451306168692, -21.79565380470839 ], [ -48.189581549085915, -21.795681855260106 ], [ -48.189743000013188, -21.79571644001927 ], [ -48.189865347817957, -21.79531542441789 ], [ -48.188925804737259, -21.795114822436755 ], [ -48.188826357153843, -21.795518954730177 ], [ -48.188858672693222, -21.795525893714014 ], [ -48.188922593541037, -21.795539624201275 ] ] ] } },
{ "type": "Feature", "properties": { "nome": "Condomínio Edifício Monte Castelo", "LAYER": "CONDOMINIOS" }, "geometry": { "type": "Polygon", "coordinates": [ [ [ -48.181787728414896, -21.79214068748054 ], [ -48.181750628701153, -21.792246947615268 ], [ -48.182065960333652, -21.792316247000361 ], [ -48.182140779302131, -21.792047348156991 ], [ -48.182157711341887, -21.792051364103123 ], [ -48.182171113603275, -21.792012314973693 ], [ -48.182136673494533, -21.792003154768484 ], [ -48.181766903720181, -21.791904804770724 ], [ -48.181703685669611, -21.792121257567668 ], [ -48.181787728414896, -21.79214068748054 ] ] ] } },
{ "type": "Feature", "properties": { "nome": null, "LAYER": "CONDOMINIOS" }, "geometry": { "type": "Polygon", "coordinates": [ [ [ -48.181284908529008, -21.79138541941095 ], [ -48.181758278565795, -21.791484227923966 ], [ -48.181778294132016, -21.791416137480383 ], [ -48.181313320994676, -21.791315725269687 ], [ -48.181310552776949, -21.791324670285654 ], [ -48.181304021744381, -21.791323130838059 ], [ -48.181284908529008, -21.79138541941095 ] ] ] } },
{ "type": "Feature", "properties": { "nome": "Residencial Duetto", "LAYER": "CONDOMINIOS" }, "geometry": { "type": "Polygon", "coordinates": [ [ [ -48.175578649147326, -21.782912292901159 ], [ -48.175493610467186, -21.783255268433624 ], [ -48.175428962774653, -21.783507201250973 ], [ -48.175497711512676, -21.783522150129237 ], [ -48.175588797029491, -21.78354196440139 ], [ -48.175843554767738, -21.783597382839631 ], [ -48.1758617868405, -21.783529090806432 ], [ -48.175888287972015, -21.783421735666192 ], [ -48.175944210596114, -21.783231698974213 ], [ -48.17600425843478, -21.78301272218674 ], [ -48.175578649147326, -21.782912292901159 ] ] ] } },
{ "type": "Feature", "properties": { "nome": "Residencial Quebec", "LAYER": "CONDOMINIOS" }, "geometry": { "type": "Polygon", "coordinates": [ [ [ -48.18396876209647, -21.792393657004993 ], [ -48.184068718124877, -21.792418463788621 ], [ -48.184086353452685, -21.792422840463789 ], [ -48.184107778823552, -21.792325220770369 ], [ -48.184140221487716, -21.792212519729837 ], [ -48.184032997775134, -21.792186675738591 ], [ -48.183751879345472, -21.792115182503853 ], [ -48.183718011576346, -21.792227293563069 ], [ -48.183996389907321, -21.792299658251959 ], [ -48.18396876209647, -21.792393657004993 ] ] ] } },
{ "type": "Feature", "properties": { "nome": "Edifício Gonçalves Dias", "LAYER": "CONDOMINIOS" }, "geometry": { "type": "Polygon", "coordinates": [ [ [ -48.176010791432276, -21.784412099792817 ], [ -48.175950361509464, -21.784629886284783 ], [ -48.176144292084572, -21.784669005929878 ], [ -48.17613477376117, -21.784720837414863 ], [ -48.176360320723717, -21.784763258667443 ], [ -48.176383896491345, -21.784663997753281 ], [ -48.17642785158079, -21.784506818379551 ], [ -48.176255628710955, -21.784469693560428 ], [ -48.176010791432276, -21.784412099792817 ] ] ] } },
{ "type": "Feature", "properties": { "nome": "Residencial San Marin", "LAYER": "CONDOMINIOS" }, "geometry": { "type": "Polygon", "coordinates": [ [ [ -48.173220405762791, -21.784502607323883 ], [ -48.173173108610733, -21.784716582719781 ], [ -48.173238235756628, -21.784730321416639 ], [ -48.173217583541351, -21.78481437545485 ], [ -48.17331570580415, -21.784839489893127 ], [ -48.173336400855867, -21.784752797482263 ], [ -48.17338828476592, -21.78453545308021 ], [ -48.173220405762791, -21.784502607323883 ] ] ] } },
{ "type": "Feature", "properties": { "nome": "Residencial Sevilla", "LAYER": "CONDOMINIOS" }, "geometry": { "type": "Polygon", "coordinates": [ [ [ -48.182201796302273, -21.79114853031691 ], [ -48.182162673376943, -21.791258925352292 ], [ -48.182378034011407, -21.791314486449728 ], [ -48.182363121794999, -21.791365020602726 ], [ -48.182531567701893, -21.791403709660596 ], [ -48.182551184776244, -21.79132548443209 ], [ -48.182563662949548, -21.791275726294707 ], [ -48.182411627820024, -21.791240230369475 ], [ -48.182434323257162, -21.791163333056783 ], [ -48.182336377847598, -21.791140470518631 ], [ -48.182350875999681, -21.791090553422702 ], [ -48.182241749904385, -21.791061757667595 ], [ -48.182153847866907, -21.791038562372385 ], [ -48.182032762654146, -21.791006610725631 ], [ -48.182006900612301, -21.791094211214052 ], [ -48.182201796302273, -21.79114853031691 ] ] ] } },
{ "type": "Feature", "properties": { "nome": "Edifício Feijó", "LAYER": "CONDOMINIOS" }, "geometry": { "type": "Polygon", "coordinates": [ [ [ -48.177412595433971, -21.790801126097389 ], [ -48.177472305240535, -21.790818149613308 ], [ -48.177409572554424, -21.790991700011354 ], [ -48.177434041594886, -21.790997854098642 ], [ -48.177508941416889, -21.791016691757214 ], [ -48.177522023527182, -21.790972519652531 ], [ -48.177636382827835, -21.791002467456195 ], [ -48.177561933705135, -21.791230919639677 ], [ -48.177725382276854, -21.791272653797829 ], [ -48.177736398800029, -21.791265929055676 ], [ -48.17788830386155, -21.790814468302194 ], [ -48.177330996072975, -21.790656067933451 ], [ -48.177319174552792, -21.790690208287366 ], [ -48.17729438844232, -21.790771380955569 ], [ -48.177412595433971, -21.790801126097389 ] ] ] } },
{ "type": "Feature", "properties": { "nome": "Residencial Spazio Amoreira", "LAYER": "CONDOMINIOS" }, "geometry": { "type": "Polygon", "coordinates": [ [ [ -48.167019539508296, -21.788156846895625 ], [ -48.166985538787763, -21.788277245327595 ], [ -48.16696752628102, -21.788328606301231 ], [ -48.16708156453619, -21.788357985785659 ], [ -48.167210634264833, -21.78839109027308 ], [ -48.167366422579711, -21.788435229350821 ], [ -48.167615960040784, -21.78849875406582 ], [ -48.167728400713969, -21.788118316777595 ], [ -48.167493902127646, -21.788060320014008 ], [ -48.167519933100273, -21.787969741506771 ], [ -48.16753147815286, -21.787929568791927 ], [ -48.16720210792046, -21.787847327227674 ], [ -48.167228390992975, -21.787758161006529 ], [ -48.166981734296442, -21.787695077548847 ], [ -48.166959358735873, -21.787772548105998 ], [ -48.166937722573117, -21.787847458556556 ], [ -48.166916837162319, -21.787919769599444 ], [ -48.167075974691926, -21.787957006221156 ], [ -48.167046752889789, -21.78806048262123 ], [ -48.167019539508296, -21.788156846895625 ] ] ] } },
{ "type": "Feature", "properties": { "nome": "Residencial Dos Estados", "LAYER": "CONDOMINIOS" }, "geometry": { "type": "Polygon", "coordinates": [ [ [ -48.154601178997659, -21.79121797774248 ], [ -48.154600207004378, -21.791215085651423 ], [ -48.154599128577004, -21.791212226659038 ], [ -48.1545979450038, -21.79120940418073 ], [ -48.154596657698733, -21.791206621588284 ], [ -48.154595268199635, -21.791203882205835 ], [ -48.154593778166422, -21.791201189305895 ], [ -48.154592189379144, -21.79119854610548 ], [ -48.154590503735768, -21.791195955762156 ], [ -48.154588723250022, -21.791193421370419 ], [ -48.154586850048908, -21.79119094595789 ], [ -48.154584886370188, -21.791188532481758 ], [ -48.154582834559712, -21.791186183825175 ], [ -48.154580697068617, -21.791183902793904 ], [ -48.154578476450382, -21.791181692112911 ], [ -48.154576175357796, -21.791179554423092 ], [ -48.154573796539808, -21.791177492278177 ], [ -48.154571342838189, -21.791175508141649 ], [ -48.15456881718417, -21.791173604383793 ], [ -48.154566222594951, -21.791171783278841 ], [ -48.154563562170075, -21.791170047002357 ], [ -48.154560839087722, -21.79116839762851 ], [ -48.154558056600948, -21.791166837127655 ], [ -48.154555218033764, -21.791165367363995 ], [ -48.154552326777157, -21.791163990093352 ], [ -48.154549386285083, -21.791162706961007 ], [ -48.154546400070316, -21.791161519499845 ], [ -48.154543371700207, -21.791160429128404 ], [ -48.154540304792519, -21.791159437149268 ], [ -48.154537203011039, -21.791158544747461 ], [ -48.154534070061189, -21.791157752989069 ], [ -48.154530909685661, -21.791157062819945 ], [ -48.154527725659882, -21.791156475064572 ], [ -48.15452452178755, -21.791155990425075 ], [ -48.154096058645699, -21.791132611554627 ], [ -48.153895463863527, -21.791576106144593 ], [ -48.153819305134178, -21.791745456231222 ], [ -48.153742411353534, -21.791914352572572 ], [ -48.153667302778928, -21.792080542832043 ], [ -48.153749708466272, -21.792135227298321 ], [ -48.153830117236595, -21.792186666198841 ], [ -48.153894145831217, -21.792228400310066 ], [ -48.153913132101898, -21.79223584008902 ], [ -48.154006199019747, -21.792272308362833 ], [ -48.154119364575187, -21.792316652196394 ], [ -48.154604368566424, -21.79125895478278 ], [ -48.154607658840646, -21.791241261420435 ], [ -48.154604921595045, -21.791238854993743 ], [ -48.154604719877668, -21.791235829639717 ], [ -48.154604406334968, -21.791232812603212 ], [ -48.154603981341516, -21.791229807488442 ], [ -48.154603445405023, -21.791226817885381 ], [ -48.15460279916573, -21.791223847365437 ], [ -48.154602043395649, -21.791220899477267 ], [ -48.154601178997659, -21.79121797774248 ] ] ] } },
{ "type": "Feature", "properties": { "nome": "Residencial Ares Módulo 1", "LAYER": "CONDOMINIOS" }, "geometry": { "type": "Polygon", "coordinates": [ [ [ -48.155950890124018, -21.797354777353856 ], [ -48.156345660468389, -21.796129026309568 ], [ -48.156117502506383, -21.796022774112888 ], [ -48.156338230139042, -21.795618227281803 ], [ -48.155801302728278, -21.79536284103537 ], [ -48.155131634590916, -21.7971879380705 ], [ -48.155950890124018, -21.797354777353856 ] ] ] } },
{ "type": "Feature", "properties": { "nome": "Edifício Residencial Amazonas", "LAYER": "CONDOMINIOS" }, "geometry": { "type": "Polygon", "coordinates": [ [ [ -48.156522478317001, -21.784884607294885 ], [ -48.156509540974383, -21.784973242798845 ], [ -48.156914014254049, -21.785031546531318 ], [ -48.156954713301239, -21.784764503928113 ], [ -48.156735445296377, -21.784734058016927 ], [ -48.156642064214182, -21.784721091729111 ], [ -48.156548246602675, -21.784708064773049 ], [ -48.156535777258163, -21.784793494264662 ], [ -48.156522478317001, -21.784884607294885 ] ] ] } },
{ "type": "Feature", "properties": { "nome": "Edificio 22 De Agosto 318", "LAYER": "CONDOMINIOS" }, "geometry": { "type": "Polygon", "coordinates": [ [ [ -48.16814107055724, -21.791193571505726 ], [ -48.168110549549922, -21.791316720313937 ], [ -48.168091161035733, -21.791394926906349 ], [ -48.168068035507908, -21.791484238072897 ], [ -48.168257102544366, -21.791523208862529 ], [ -48.168262160339495, -21.791501166150422 ], [ -48.168355715989073, -21.791522587955853 ], [ -48.168374971419233, -21.791444556135168 ], [ -48.1684223589818, -21.79125251956345 ], [ -48.16814107055724, -21.791193571505726 ] ] ] } },
{ "type": "Feature", "properties": { "nome": "Edifício Residencial Quattro", "LAYER": "CONDOMINIOS" }, "geometry": { "type": "Polygon", "coordinates": [ [ [ -48.18015664414547, -21.78428008596741 ], [ -48.180067818350707, -21.784554875386004 ], [ -48.180470734187942, -21.784637228464035 ], [ -48.180524462716306, -21.784487463862103 ], [ -48.180559514763978, -21.784369143715921 ], [ -48.180564346294901, -21.784356775202678 ], [ -48.18015664414547, -21.78428008596741 ] ] ] } },
{ "type": "Feature", "properties": { "nome": "Condomínio Parque Apoema", "LAYER": "CONDOMINIOS" }, "geometry": { "type": "Polygon", "coordinates": [ [ [ -48.141409360342735, -21.780237874814187 ], [ -48.141458997079241, -21.780237022725167 ], [ -48.141507020654224, -21.78023619831421 ], [ -48.141556240139252, -21.780235353358734 ], [ -48.141606262107743, -21.780234494611815 ], [ -48.141611940580297, -21.780466110382925 ], [ -48.141955561111665, -21.780457070461047 ], [ -48.141956151438876, -21.780450388929342 ], [ -48.14195502898631, -21.780427941980022 ], [ -48.141945136147726, -21.780230103807924 ], [ -48.141940429777769, -21.779930491984647 ], [ -48.141937758408758, -21.779700152132438 ], [ -48.141752617491711, -21.77968871326242 ], [ -48.141093009464583, -21.779640506959002 ], [ -48.140911148165934, -21.779628137092175 ], [ -48.140933826853399, -21.780471632372375 ], [ -48.141030730373267, -21.780471524045016 ], [ -48.141023565303058, -21.780244755683828 ], [ -48.14112547141665, -21.780243531642608 ], [ -48.141131021765368, -21.780471510161423 ], [ -48.141419134150269, -21.780466778943754 ], [ -48.141409360342735, -21.780237874814187 ] ] ] } },
{ "type": "Feature", "properties": { "nome": "Condomínio Residencial Atalaia", "LAYER": "CONDOMINIOS" }, "geometry": { "type": "Polygon", "coordinates": [ [ [ -48.141213483578284, -21.779032441252006 ], [ -48.141202153334127, -21.779081988459087 ], [ -48.14113642162576, -21.779430484289612 ], [ -48.141093009464583, -21.779640506959002 ], [ -48.141752617491711, -21.77968871326242 ], [ -48.141768536390352, -21.779608870290357 ], [ -48.141811809939455, -21.779425567691536 ], [ -48.141929340339971, -21.778934397926495 ], [ -48.141264179718725, -21.778810575973548 ], [ -48.141213483578284, -21.779032441252006 ] ] ] } },
{ "type": "Feature", "properties": { "nome": "MRV Parque Avalon", "LAYER": "CONDOMINIOS" }, "geometry": { "type": "Polygon", "coordinates": [ [ [ -48.141580857009316, -21.781276557843697 ], [ -48.142037995222559, -21.781251412729578 ], [ -48.142014426362557, -21.780869217986567 ], [ -48.141997750096884, -21.780604864276803 ], [ -48.141495375756023, -21.780610462625628 ], [ -48.141222054766679, -21.780615332859405 ], [ -48.141224475833191, -21.780621544423973 ], [ -48.14124390081497, -21.780954730931409 ], [ -48.141263425907155, -21.781294019389321 ], [ -48.141580857009316, -21.781276557843697 ] ] ] } },
{ "type": "Feature", "properties": { "nome": "Ibis Budget Araraquara", "LAYER": "CONDOMINIOS" }, "geometry": { "type": "Polygon", "coordinates": [ [ [ -48.169168818181333, -21.776661369692555 ], [ -48.169374420736901, -21.776514026822447 ], [ -48.168631165835976, -21.7755745043298 ], [ -48.16836098047655, -21.775647007753275 ], [ -48.169168818181333, -21.776661369692555 ] ] ] } },
{ "type": "Feature", "properties": { "nome": "Condomínio Residencial Costa do Sol", "LAYER": "CONDOMINIOS" }, "geometry": { "type": "Polygon", "coordinates": [ [ [ -48.168631165835976, -21.7755745043298 ], [ -48.169374420736901, -21.776514026822447 ], [ -48.169619092426281, -21.776312453455045 ], [ -48.169371621278295, -21.775372899852613 ], [ -48.168631165835976, -21.7755745043298 ] ] ] } },
{ "type": "Feature", "properties": { "nome": "Condomínio Residencial Garden Place", "LAYER": "CONDOMINIOS" }, "geometry": { "type": "Polygon", "coordinates": [ [ [ -48.171365922144354, -21.807269122317297 ], [ -48.171371813777974, -21.807274285754644 ], [ -48.171378190423617, -21.807278909502212 ], [ -48.171384993807443, -21.807282951305051 ], [ -48.171392161755797, -21.80728637422672 ], [ -48.171399628763396, -21.807289146986339 ], [ -48.171421789454413, -21.807288109087299 ], [ -48.171432283958772, -21.807284935360194 ], [ -48.171915167957785, -21.806953727408921 ], [ -48.171616245838166, -21.806572963749048 ], [ -48.171504968981708, -21.806432593649202 ], [ -48.171251770824163, -21.806472129222602 ], [ -48.171207463357476, -21.806480436978621 ], [ -48.171183923333004, -21.806488886401326 ], [ -48.171168889095227, -21.806498572750137 ], [ -48.171168081429222, -21.806499522255571 ], [ -48.171163900289891, -21.80650512025943 ], [ -48.171160374266059, -21.806511099926116 ], [ -48.171157542676326, -21.806517394576776 ], [ -48.17115543709567, -21.806523934020159 ], [ -48.171154081003372, -21.806530645335165 ], [ -48.171153489521267, -21.806537453684466 ], [ -48.171153669245037, -21.806544283148504 ], [ -48.171154618170704, -21.806551057572193 ], [ -48.171156325716943, -21.806557701414313 ], [ -48.171176998222521, -21.806640384170063 ], [ -48.171189456314131, -21.806685454841698 ], [ -48.171211889678794, -21.806768088076797 ], [ -48.171224120338991, -21.806811740682864 ], [ -48.171249461147667, -21.80690896195248 ], [ -48.17126151092392, -21.806950583757693 ], [ -48.171325499054419, -21.807182398494714 ], [ -48.17133876263258, -21.807227716152429 ], [ -48.171347506408495, -21.807245290865193 ], [ -48.171360007748447, -21.807262807012744 ], [ -48.171365922144354, -21.807269122317297 ] ] ] } },
{ "type": "Feature", "properties": { "nome": "Edificio Diplomata", "LAYER": "CONDOMINIOS" }, "geometry": { "type": "Polygon", "coordinates": [ [ [ -48.178531803570344, -21.794489672865989 ], [ -48.178478038886922, -21.794645379839057 ], [ -48.178650134957152, -21.794692190827984 ], [ -48.17870411011048, -21.794530306625322 ], [ -48.178618283502573, -21.794511713279018 ], [ -48.178591670833825, -21.794505061396908 ], [ -48.178531803570344, -21.794489672865989 ] ] ] } },
{ "type": "Feature", "properties": { "nome": "Edificio Aristocrata", "LAYER": "CONDOMINIOS" }, "geometry": { "type": "Polygon", "coordinates": [ [ [ -48.175895769947758, -21.793648879688782 ], [ -48.175910999590414, -21.793596648670221 ], [ -48.175922472776953, -21.793580964466077 ], [ -48.175954264855093, -21.793538101581408 ], [ -48.175973532285028, -21.793469098399839 ], [ -48.175981647354547, -21.793439317307804 ], [ -48.175994009851962, -21.793395160256033 ], [ -48.176011565571287, -21.793399322654583 ], [ -48.176033370245108, -21.793319992624017 ], [ -48.176020621292196, -21.793316954996367 ], [ -48.176012061187215, -21.79331487889149 ], [ -48.175959041789461, -21.79330222934929 ], [ -48.175917271925293, -21.79329231399894 ], [ -48.175906166163891, -21.793289567228673 ], [ -48.17589653060233, -21.793328463451985 ], [ -48.175886934579204, -21.793367259634376 ], [ -48.175876831138844, -21.793407983554715 ], [ -48.175871021290796, -21.793430995405068 ], [ -48.175866149590007, -21.793450931143013 ], [ -48.175838512355362, -21.793562051880002 ], [ -48.175835017347254, -21.793575299611973 ], [ -48.175812740287022, -21.793657785733053 ], [ -48.175801672977691, -21.793698255944722 ], [ -48.175876451030959, -21.79371508650328 ], [ -48.175895769947758, -21.793648879688782 ] ] ] } },
{ "type": "Feature", "properties": { "nome": "Edificio Henrique Lupo", "LAYER": "CONDOMINIOS" }, "geometry": { "type": "Polygon", "coordinates": [ [ [ -48.174883755439161, -21.791030323199866 ], [ -48.175069327181589, -21.791076091914285 ], [ -48.17515029729622, -21.790778810367286 ], [ -48.175148632934793, -21.790774397019209 ], [ -48.174878292866772, -21.790708151129646 ], [ -48.174833565774087, -21.790874561138036 ], [ -48.174896052961337, -21.790886928958198 ], [ -48.174892390324786, -21.79089919928721 ], [ -48.17490686416, -21.790902533957656 ], [ -48.174915376779957, -21.790917085017032 ], [ -48.174883755439161, -21.791030323199866 ] ] ] } },
{ "type": "Feature", "properties": { "nome": "Edificio Drogasil", "LAYER": "CONDOMINIOS" }, "geometry": { "type": "Polygon", "coordinates": [ [ [ -48.175338898643808, -21.792287991760709 ], [ -48.175330744845972, -21.792325446672667 ], [ -48.175323529078398, -21.792353100703707 ], [ -48.17526822838736, -21.792612619411067 ], [ -48.175391051547585, -21.792639492101209 ], [ -48.175405901741378, -21.792567369341921 ], [ -48.175401787706448, -21.792566588550653 ], [ -48.17541073183358, -21.792532293402509 ], [ -48.175428284561853, -21.79244751575116 ], [ -48.175451958017561, -21.79235303355194 ], [ -48.175460561878047, -21.792319619414062 ], [ -48.175458947508915, -21.7923192550391 ], [ -48.175378899324755, -21.792297034850751 ], [ -48.175338898643808, -21.792287991760709 ] ] ] } },
{ "type": "Feature", "properties": { "nome": "Condominio Edificio Palmares", "LAYER": "CONDOMINIOS" }, "geometry": { "type": "Polygon", "coordinates": [ [ [ -48.178242347652748, -21.794603764388931 ], [ -48.178140477913672, -21.794965693274229 ], [ -48.178498982972137, -21.795052609733645 ], [ -48.178499848573779, -21.795052926079215 ], [ -48.178500725366924, -21.795053214292199 ], [ -48.178501612303634, -21.795053474028098 ], [ -48.178502508323824, -21.795053704976528 ], [ -48.178503412356577, -21.795053906861419 ], [ -48.17850432332137, -21.795054079441488 ], [ -48.178505240129425, -21.795054222510462 ], [ -48.178506161684965, -21.795054335897358 ], [ -48.178507086886519, -21.795054419466645 ], [ -48.178508014628299, -21.795054473118423 ], [ -48.178508943801454, -21.795054496788588 ], [ -48.178509873295425, -21.795054490448848 ], [ -48.17851080199928, -21.795054454106765 ], [ -48.178511728803024, -21.795054387805791 ], [ -48.178512652598918, -21.795054291625178 ], [ -48.178513572282853, -21.795054165679836 ], [ -48.178514486755617, -21.795054010120356 ], [ -48.178515394924197, -21.795053825132634 ], [ -48.178516295703169, -21.795053610937767 ], [ -48.17851718801591, -21.795053367791766 ], [ -48.178518070795917, -21.795053095985232 ], [ -48.178518942988077, -21.795052795843048 ], [ -48.178519803549939, -21.795052467723949 ], [ -48.17852065145297, -21.79505211202008 ], [ -48.178521485683738, -21.795051729156597 ], [ -48.17852230524516, -21.795051319591103 ], [ -48.178523109157695, -21.795050883813108 ], [ -48.178523896460497, -21.795050422343468 ], [ -48.178524666212581, -21.795049935733729 ], [ -48.17852541749393, -21.795049424565473 ], [ -48.178526149406594, -21.795048889449685 ], [ -48.178526861075802, -21.79504833102591 ], [ -48.178527551650951, -21.795047749961618 ], [ -48.178528220306674, -21.795047146951269 ], [ -48.178528866243774, -21.795046522715595 ], [ -48.178529488690231, -21.795045878000685 ], [ -48.178530086902086, -21.795045213577115 ], [ -48.178530660164355, -21.795044530239004 ], [ -48.178531207791863, -21.795043828803077 ], [ -48.1785317291301, -21.795043110107709 ], [ -48.178532223555933, -21.795042375011885 ], [ -48.178532690478441, -21.795041624394198 ], [ -48.178533129339556, -21.79504085915179 ], [ -48.178533539614733, -21.795040080199286 ], [ -48.178533920813614, -21.795039288467699 ], [ -48.17853427248059, -21.795038484903301 ], [ -48.178534594195348, -21.795037670466542 ], [ -48.17853488557337, -21.795036846130824 ], [ -48.178535146266398, -21.795036012881404 ], [ -48.178535375962852, -21.795035171714193 ], [ -48.178535574388206, -21.79503432363455 ], [ -48.178535741305268, -21.795033469656115 ], [ -48.178535876514573, -21.795032610799574 ], [ -48.178593678981038, -21.794861515602737 ], [ -48.178424352490111, -21.794811163195295 ], [ -48.178471332962822, -21.794664800720323 ], [ -48.178242347652748, -21.794603764388931 ] ] ] } },
{ "type": "Feature", "properties": { "nome": null, "LAYER": "CONDOMINIOS" }, "geometry": { "type": "Polygon", "coordinates": [ [ [ -48.183855663441001, -21.789151878587731 ], [ -48.183869877462541, -21.78910985765048 ], [ -48.183654420490136, -21.789049687858817 ], [ -48.183590776469465, -21.789253288178102 ], [ -48.183800991630292, -21.789313504671977 ], [ -48.183855663441001, -21.789151878587731 ] ] ] } },
{ "type": "Feature", "properties": { "nome": "ALLURE CONDOMÍNIO RESORT", "LAYER": "CONDOMINIOS" }, "geometry": { "type": "Polygon", "coordinates": [ [ [ -48.163840406175765, -21.756830815804545 ], [ -48.163737784786058, -21.75689059896234 ], [ -48.163639088035112, -21.756948106799967 ], [ -48.163318968281935, -21.75713543955619 ], [ -48.163389018473751, -21.758113371357265 ], [ -48.16440639518882, -21.758458991871194 ], [ -48.164411508355656, -21.75845940039331 ], [ -48.164417670529502, -21.758459119014589 ], [ -48.164422837658321, -21.758458402587358 ], [ -48.16442874906064, -21.758456464116971 ], [ -48.164437254464957, -21.75845085970079 ], [ -48.164441747119682, -21.758445479474535 ], [ -48.164445018779837, -21.758438311364259 ], [ -48.164446064083407, -21.75843155808872 ], [ -48.164257913291536, -21.756586972705428 ], [ -48.164141182772028, -21.756655419754193 ], [ -48.163942505347393, -21.756772350650071 ], [ -48.163840406175765, -21.756830815804545 ] ] ] } },
{ "type": "Feature", "properties": { "nome": "Edifício Morábito", "LAYER": "CONDOMINIOS" }, "geometry": { "type": "Polygon", "coordinates": [ [ [ -48.177148200327522, -21.794255575187059 ], [ -48.177178651611548, -21.794133656316468 ], [ -48.177146196352282, -21.794126161533384 ], [ -48.17712815929589, -21.794122017100943 ], [ -48.17711181335509, -21.79411815933307 ], [ -48.177031606728271, -21.794099582332255 ], [ -48.176990325685274, -21.794090010542721 ], [ -48.176932816226532, -21.794076682375877 ], [ -48.17692878781471, -21.794088766484204 ], [ -48.176925353043003, -21.794099183929134 ], [ -48.176903614569163, -21.79416478148233 ], [ -48.176893513648885, -21.794194494859344 ], [ -48.176890025565456, -21.794204578932217 ], [ -48.176886531192807, -21.794214591118983 ], [ -48.176882812167932, -21.794225347323625 ], [ -48.177136914025077, -21.794299613938907 ], [ -48.177144016378342, -21.794271780647062 ], [ -48.177148200327522, -21.794255575187059 ] ] ] } },
{ "type": "Feature", "properties": { "nome": "Residencial Terra Do Sol", "LAYER": "CONDOMINIOS" }, "geometry": { "type": "Polygon", "coordinates": [ [ [ -48.181854294410194, -21.790085261969004 ], [ -48.181838752531291, -21.790148287819186 ], [ -48.182135723439679, -21.790214919883635 ], [ -48.182226973339993, -21.789911250715758 ], [ -48.181945142445635, -21.789844123133172 ], [ -48.181955912275711, -21.789806501522495 ], [ -48.181861563209516, -21.789779875783235 ], [ -48.181776830268284, -21.790064560558644 ], [ -48.181854294410194, -21.790085261969004 ] ] ] } },
{ "type": "Feature", "properties": { "nome": "Residencial Mauá", "LAYER": "CONDOMINIOS" }, "geometry": { "type": "Polygon", "coordinates": [ [ [ -48.177862183164244, -21.784909933751116 ], [ -48.177831562016983, -21.785044913507154 ], [ -48.177816749953976, -21.785110205802734 ], [ -48.177774409429183, -21.785296844470082 ], [ -48.178101899649967, -21.785362838930997 ], [ -48.178199816204234, -21.784971179777127 ], [ -48.178161415036932, -21.784964945194911 ], [ -48.178026181657515, -21.784941062228356 ], [ -48.177946802010837, -21.784926576652524 ], [ -48.177862183164244, -21.784909933751116 ] ] ] } },
{ "type": "Feature", "properties": { "nome": "Condomínio Central Park", "LAYER": "CONDOMINIOS" }, "geometry": { "type": "Polygon", "coordinates": [ [ [ -48.178924406082615, -21.784939318305973 ], [ -48.179005073625845, -21.784953951710452 ], [ -48.178962142918515, -21.785107437329412 ], [ -48.179114378758108, -21.785138598077427 ], [ -48.179198223582311, -21.78515570377067 ], [ -48.179207440209886, -21.785157584107289 ], [ -48.179308969370872, -21.785178297623574 ], [ -48.179390704126419, -21.785194129703385 ], [ -48.179502371044073, -21.784824118966959 ], [ -48.178970134739458, -21.78472256391295 ], [ -48.178924406082615, -21.784939318305973 ] ] ] } },
{ "type": "Feature", "properties": { "nome": "Condomínio Edifício Maison Toulouse", "LAYER": "CONDOMINIOS" }, "geometry": { "type": "Polygon", "coordinates": [ [ [ -48.178756437541104, -21.785067334781843 ], [ -48.178625691862472, -21.785462700158554 ], [ -48.179018157122535, -21.785539363505286 ], [ -48.179114378758108, -21.785138598077427 ], [ -48.178962142918515, -21.785107437329412 ], [ -48.178756437541104, -21.785067334781843 ] ] ] } },
{ "type": "Feature", "properties": { "nome": "Condomínio Edifício Residencial Park", "LAYER": "CONDOMINIOS" }, "geometry": { "type": "Polygon", "coordinates": [ [ [ -48.180451134679736, -21.783403783949868 ], [ -48.180399915955981, -21.783562397112803 ], [ -48.180561750542253, -21.78360237276695 ], [ -48.180560707111347, -21.783605982638875 ], [ -48.18066575343331, -21.783632469783843 ], [ -48.180667726797019, -21.783626469179847 ], [ -48.180792640546692, -21.783662303947374 ], [ -48.180821818031497, -21.78358326884819 ], [ -48.180820373972239, -21.783582920162797 ], [ -48.180854570506902, -21.783501729934294 ], [ -48.180451134679736, -21.783403783949868 ] ] ] } },
{ "type": "Feature", "properties": { "nome": "Condomínio Residencial Manhattan", "LAYER": "CONDOMINIOS" }, "geometry": { "type": "Polygon", "coordinates": [ [ [ -48.182556572141429, -21.782638151241436 ], [ -48.182438377734812, -21.78288088118639 ], [ -48.182714352474143, -21.782957878644439 ], [ -48.182827292748748, -21.782703006945063 ], [ -48.182556572141429, -21.782638151241436 ] ] ] } },
{ "type": "Feature", "properties": { "nome": "Condomínio Itaparica", "LAYER": "CONDOMINIOS" }, "geometry": { "type": "Polygon", "coordinates": [ [ [ -48.182102957071052, -21.783111925961265 ], [ -48.182198967425009, -21.783151294511693 ], [ -48.182425689527868, -21.783214672282469 ], [ -48.182425684569019, -21.783214682588774 ], [ -48.182646052025426, -21.783280404940626 ], [ -48.18300656720406, -21.783392726787 ], [ -48.183100439375977, -21.783252479842403 ], [ -48.182069581556263, -21.782961020478425 ], [ -48.182004446612062, -21.783078846082731 ], [ -48.182102957071052, -21.783111925961265 ] ] ] } },
{ "type": "Feature", "properties": { "nome": "Royal Garden I - Centro Empresarial", "LAYER": "CONDOMINIOS" }, "geometry": { "type": "Polygon", "coordinates": [ [ [ -48.166896789647858, -21.768326299700338 ], [ -48.166931824652323, -21.768695350096905 ], [ -48.167278573111943, -21.768666182935608 ], [ -48.167241890132381, -21.768292480809897 ], [ -48.166896789647858, -21.768326299700338 ] ] ] } },
{ "type": "Feature", "properties": { "nome": "Condomínio Spazio Araucarias", "LAYER": "CONDOMINIOS" }, "geometry": { "type": "Polygon", "coordinates": [ [ [ -48.187816335383651, -21.783905821253043 ], [ -48.187788546267996, -21.783946230143236 ], [ -48.187759063246858, -21.783989113025648 ], [ -48.187730932886929, -21.78403005071166 ], [ -48.187703099031083, -21.784070556869064 ], [ -48.187672794454265, -21.784114658591733 ], [ -48.18764400253086, -21.784156558942737 ], [ -48.188102064765296, -21.78444452011837 ], [ -48.188802688698061, -21.784068347369196 ], [ -48.188275884595036, -21.783733952487786 ], [ -48.187857618409666, -21.7834730974315 ], [ -48.18766516988665, -21.78375344920082 ], [ -48.18784606832137, -21.783862585765984 ], [ -48.187816335383651, -21.783905821253043 ] ] ] } },
{ "type": "Feature", "properties": { "nome": "Condomínio Residencial Vitta Ipê Roxo", "LAYER": "CONDOMINIOS" }, "geometry": { "type": "Polygon", "coordinates": [ [ [ -48.194408550256071, -21.765590887978234 ], [ -48.194471931023116, -21.765521334149014 ], [ -48.194474147172727, -21.765518902152444 ], [ -48.194461109831792, -21.765509640002417 ], [ -48.194681838832338, -21.765454460570297 ], [ -48.195528875647874, -21.765524375789038 ], [ -48.195633244080639, -21.764977307503731 ], [ -48.195690795317198, -21.764694761843227 ], [ -48.195688809262442, -21.764687023035741 ], [ -48.195686084067809, -21.764679475956076 ], [ -48.195682641985385, -21.764672182228097 ], [ -48.195678511120846, -21.764665201407098 ], [ -48.195673725203868, -21.764658590493443 ], [ -48.195668323312887, -21.764652403466918 ], [ -48.19566234955586, -21.764646690846284 ], [ -48.195655852710168, -21.764641499276667 ], [ -48.195648885824362, -21.764636871148518 ], [ -48.195641505784948, -21.764632844251782 ], [ -48.19563377285192, -21.764629451467005 ], [ -48.195625750166755, -21.764626720497304 ], [ -48.195619169023963, -21.764625027769974 ], [ -48.195608557328661, -21.764624009688202 ], [ -48.195582667504205, -21.764621525825977 ], [ -48.195557325233374, -21.764619094491884 ], [ -48.195167995399935, -21.764585958799088 ], [ -48.195142634351079, -21.76458404435617 ], [ -48.194721561125576, -21.764552002291136 ], [ -48.194515514187948, -21.764698579987979 ], [ -48.194318470823475, -21.765631439664546 ], [ -48.194337135510857, -21.765645687487048 ], [ -48.194355669988951, -21.765648918519656 ], [ -48.194408550256071, -21.765590887978234 ] ] ] } },
{ "type": "Feature", "properties": { "nome": "Edifício Jacarandá", "LAYER": "CONDOMINIOS" }, "geometry": { "type": "Polygon", "coordinates": [ [ [ -48.189518763673526, -21.779496374173 ], [ -48.189213157496305, -21.77950101191162 ], [ -48.189084357815439, -21.779505133648648 ], [ -48.189011615942405, -21.779507647913267 ], [ -48.18894179931997, -21.779508299506762 ], [ -48.188879670388978, -21.77950887932758 ], [ -48.188426638260751, -21.780192337638081 ], [ -48.188564892733915, -21.780188841898735 ], [ -48.188677177678763, -21.780185473868475 ], [ -48.188787975076977, -21.780181986775254 ], [ -48.189111203627768, -21.780162599401883 ], [ -48.189556643986954, -21.779508011754714 ], [ -48.189518763673526, -21.779496374173 ] ] ] } },
{ "type": "Feature", "properties": { "nome": "Residencial Portal do Sol", "LAYER": "CONDOMINIOS" }, "geometry": { "type": "Polygon", "coordinates": [ [ [ -48.172391092929573, -21.790962471123734 ], [ -48.172431761876389, -21.791044429210615 ], [ -48.172539453778853, -21.791070749657859 ], [ -48.172610981135094, -21.790811064923432 ], [ -48.172602664221124, -21.790809225289003 ], [ -48.172622288199406, -21.790732724111418 ], [ -48.1726281257057, -21.790706397843074 ], [ -48.17265222466564, -21.790612973271131 ], [ -48.172677141487, -21.790512905038916 ], [ -48.172608687844573, -21.790500014190062 ], [ -48.172441908328523, -21.790460194172937 ], [ -48.172410284226494, -21.79044807226251 ], [ -48.172391591548902, -21.790445564667039 ], [ -48.172360386978582, -21.790441482199739 ], [ -48.172366688123674, -21.790564959238385 ], [ -48.172391092929573, -21.790962471123734 ] ] ] } },
{ "type": "Feature", "properties": { "nome": "Residencial Parque Astral", "LAYER": "CONDOMINIOS" }, "geometry": { "type": "Polygon", "coordinates": [ [ [ -48.166401175055114, -21.78178287636192 ], [ -48.166245323599327, -21.782394451426722 ], [ -48.166736453619599, -21.782226485091947 ], [ -48.166588880646522, -21.781886195577009 ], [ -48.166696742611116, -21.78185290937504 ], [ -48.166789612567364, -21.781817088952138 ], [ -48.166747528477629, -21.781742175026157 ], [ -48.165956654062178, -21.780237896487304 ], [ -48.165819573840075, -21.780239733988704 ], [ -48.16581686909803, -21.780239604689168 ], [ -48.165814161179931, -21.780239563199629 ], [ -48.165811453352617, -21.78023960957017 ], [ -48.165808748882782, -21.780239743744858 ], [ -48.165806051033137, -21.780239965561787 ], [ -48.165803363058359, -21.780240274753389 ], [ -48.165800688201223, -21.780240670946633 ], [ -48.165798029688688, -21.780241153663564 ], [ -48.165795390727965, -21.780241722321829 ], [ -48.165792774502719, -21.780242376235382 ], [ -48.165790184169161, -21.780243114615363 ], [ -48.165787622852271, -21.780243936570979 ], [ -48.165785093642036, -21.780244841110608 ], [ -48.16578259958969, -21.780245827143045 ], [ -48.165780143704062, -21.780246893478697 ], [ -48.165777728947937, -21.780248038831179 ], [ -48.165775358234484, -21.780249261818703 ], [ -48.165773034423729, -21.780250560965865 ], [ -48.165770760319134, -21.780251934705362 ], [ -48.16576853866416, -21.780253381379939 ], [ -48.165766372139046, -21.780254899244287 ], [ -48.165764263357481, -21.780256486467295 ], [ -48.165762214863484, -21.780258141134095 ], [ -48.165760229128381, -21.780259861248521 ], [ -48.165758308547773, -21.780261644735415 ], [ -48.165756455438647, -21.780263489443165 ], [ -48.165754672036606, -21.78026539314633 ], [ -48.165752960493151, -21.780267353548272 ], [ -48.165751322873064, -21.780269368283939 ], [ -48.165749761152014, -21.780271434922792 ], [ -48.165748277214064, -21.780273550971586 ], [ -48.165746872849425, -21.780275713877558 ], [ -48.165745549752323, -21.780277921031367 ], [ -48.165744309518971, -21.780280169770258 ], [ -48.165743153645586, -21.780282457381382 ], [ -48.165742083526609, -21.780284781104967 ], [ -48.165741100453054, -21.780287138137652 ], [ -48.165740205610895, -21.780289525635894 ], [ -48.16573940007968, -21.78029194071944 ], [ -48.165738684831211, -21.780294380474711 ], [ -48.165738060728366, -21.780296841958375 ], [ -48.165737528524062, -21.7802993222009 ], [ -48.165737088860375, -21.78030181821013 ], [ -48.165736742267704, -21.780304326974839 ], [ -48.165736489164189, -21.780306845468473 ], [ -48.165736329855193, -21.780309370652716 ], [ -48.165736264532882, -21.780311899481163 ], [ -48.165736293276098, -21.780314428903029 ], [ -48.165736416050144, -21.780316955866827 ], [ -48.165736632706924, -21.780319477324007 ], [ -48.165736942985063, -21.780321990232686 ], [ -48.165737346510255, -21.780324491561263 ], [ -48.165737842795686, -21.780326978292152 ], [ -48.16573843124263, -21.780329447425341 ], [ -48.165739111141207, -21.780331895982069 ], [ -48.165739881671158, -21.780334321008365 ], [ -48.165740741902951, -21.780336719578688 ], [ -48.166344254829106, -21.781462964523335 ], [ -48.166352847631039, -21.781479411427309 ], [ -48.166360836233025, -21.781496121914948 ], [ -48.166368211381403, -21.781513076630031 ], [ -48.166374964533098, -21.781530255933376 ], [ -48.166381087865503, -21.781547639925723 ], [ -48.166386574285546, -21.781565208470667 ], [ -48.166391417437865, -21.781582941218002 ], [ -48.166395611712268, -21.781600817627368 ], [ -48.166399152250143, -21.781618816991937 ], [ -48.16640203495011, -21.781636918462461 ], [ -48.166404256472802, -21.781655101071447 ], [ -48.166405814244698, -21.781673343757362 ], [ -48.166406706461139, -21.78169162538909 ], [ -48.166406932088343, -21.781709924790427 ], [ -48.166406490864745, -21.781728220764521 ], [ -48.166405383301161, -21.781746492118543 ], [ -48.16640361068027, -21.781764717688112 ], [ -48.166401175055114, -21.78178287636192 ] ] ] } },
{ "type": "Feature", "properties": { "nome": "Residencial Dos Ipes II", "LAYER": "CONDOMINIOS" }, "geometry": { "type": "Polygon", "coordinates": [ [ [ -48.161564892848567, -21.771561945546463 ], [ -48.161544774819788, -21.771679657568324 ], [ -48.161530053821217, -21.771765214149248 ], [ -48.161515662918106, -21.771848852120588 ], [ -48.161616252224668, -21.771877735878263 ], [ -48.16171665004687, -21.771906564581709 ], [ -48.161716116524914, -21.771909728419178 ], [ -48.161817751928176, -21.771945333657261 ], [ -48.161914874777779, -21.771981221372037 ], [ -48.162014087077509, -21.772017883585583 ], [ -48.162150404469443, -21.772068773965426 ], [ -48.162317231782886, -21.770961019676786 ], [ -48.162383981802819, -21.770580095878657 ], [ -48.161714048603031, -21.770173343474788 ], [ -48.16171002634163, -21.770231111931643 ], [ -48.161703426988232, -21.770325892865788 ], [ -48.161695952548143, -21.770417471280751 ], [ -48.161694581971737, -21.770502829177818 ], [ -48.161693110271443, -21.770594484404711 ], [ -48.161691425968151, -21.770687063965212 ], [ -48.161684893038192, -21.770784476196578 ], [ -48.161678941529203, -21.770873218663485 ], [ -48.16166517234533, -21.770961672755121 ], [ -48.161648863135369, -21.771050771452106 ], [ -48.161634529064251, -21.771141078345597 ], [ -48.161620940151067, -21.771227009460109 ], [ -48.161605675624983, -21.771318260162083 ], [ -48.161590760344559, -21.771407382130285 ], [ -48.161575263825164, -21.771499976961163 ], [ -48.161564892848567, -21.771561945546463 ] ] ] } },
{ "type": "Feature", "properties": { "nome": "Residencial Vitoria Regia", "LAYER": "CONDOMINIOS" }, "geometry": { "type": "Polygon", "coordinates": [ [ [ -48.177376976191127, -21.79993984790271 ], [ -48.177478614821091, -21.799974088446081 ], [ -48.177499139453516, -21.799913602866813 ], [ -48.177715452211032, -21.799978664347613 ], [ -48.17791035039091, -21.800038237461624 ], [ -48.177935947666455, -21.799959149686828 ], [ -48.177528993788385, -21.799833650141288 ], [ -48.177516670327527, -21.799867247000801 ], [ -48.177399986964126, -21.799829875298798 ], [ -48.17739448553705, -21.799848459304485 ], [ -48.177335193437642, -21.799831240688185 ], [ -48.177105965598038, -21.799761538653506 ], [ -48.177078881119627, -21.799843165228502 ], [ -48.177279464418412, -21.799902664342998 ], [ -48.177379518506768, -21.799932343432395 ], [ -48.177376976191127, -21.79993984790271 ] ] ] } },
{ "type": "Feature", "properties": { "nome": "Sun House Residence", "LAYER": "CONDOMINIOS" }, "geometry": { "type": "Polygon", "coordinates": [ [ [ -48.173774980673137, -21.798021290550537 ], [ -48.173823698207769, -21.798034209316242 ], [ -48.173852419175816, -21.79804184813576 ], [ -48.173884747436873, -21.79795307008839 ], [ -48.173918189033039, -21.797861356310019 ], [ -48.173918867753002, -21.79785950580948 ], [ -48.174007921620991, -21.797886959419049 ], [ -48.17404073404721, -21.79789699572407 ], [ -48.174080966269806, -21.797778426952672 ], [ -48.174169405718999, -21.797517204046066 ], [ -48.173920485454254, -21.797444844548494 ], [ -48.173856132527938, -21.79763663118327 ], [ -48.173793632406692, -21.797823902347581 ], [ -48.173762288538477, -21.79791031850753 ], [ -48.173731442290382, -21.798009548485723 ], [ -48.173740357535657, -21.798012096047838 ], [ -48.173774980673137, -21.798021290550537 ] ] ] } },
{ "type": "Feature", "properties": { "nome": "Condominio Edificio Cruzeiro Do Sul", "LAYER": "CONDOMINIOS" }, "geometry": { "type": "Polygon", "coordinates": [ [ [ -48.180374528475447, -21.794196133022119 ], [ -48.180269820310563, -21.794174438251488 ], [ -48.179962988496655, -21.794110462671913 ], [ -48.179880978647034, -21.794380567789887 ], [ -48.180305411504293, -21.79447434360511 ], [ -48.180347350135563, -21.794305539569539 ], [ -48.180363205966096, -21.794241719322894 ], [ -48.180374531483515, -21.794196133692811 ], [ -48.180374531483501, -21.7941961336928 ], [ -48.180374531483494, -21.7941961336928 ], [ -48.180374528475447, -21.794196133022119 ] ] ] } },
{ "type": "Feature", "properties": { "nome": "Residencial 5ª Avenida", "LAYER": "CONDOMINIOS" }, "geometry": { "type": "Polygon", "coordinates": [ [ [ -48.178164067268803, -21.793948629673476 ], [ -48.178280397217961, -21.793976884156411 ], [ -48.178283079439815, -21.793966731547968 ], [ -48.178344040644902, -21.79397994468971 ], [ -48.178369258721538, -21.79388785702238 ], [ -48.178458807288614, -21.793914660958883 ], [ -48.178493633774877, -21.793805715184391 ], [ -48.178079901651245, -21.79370561470348 ], [ -48.178021767696144, -21.793914316164884 ], [ -48.178164067268803, -21.793948629673476 ] ] ] } },
{ "type": "Feature", "properties": { "nome": null, "LAYER": "CONDOMINIOS" }, "geometry": { "type": "Polygon", "coordinates": [ [ [ -48.17494435517002, -21.798371098836352 ], [ -48.174981305699291, -21.798379745645938 ], [ -48.175114223678655, -21.798411301703936 ], [ -48.175110946835382, -21.798423524291625 ], [ -48.175361983063048, -21.798488058520036 ], [ -48.175402647026971, -21.798361600540723 ], [ -48.175067379767512, -21.798254489968951 ], [ -48.174980190241733, -21.798231026507217 ], [ -48.17494435517002, -21.798371098836352 ] ] ] } },
{ "type": "Feature", "properties": { "nome": "Residencial Ipê", "LAYER": "CONDOMINIOS" }, "geometry": { "type": "Polygon", "coordinates": [ [ [ -48.177398211974463, -21.792648007512764 ], [ -48.177359892222086, -21.792759340426453 ], [ -48.177638513965491, -21.792846088614663 ], [ -48.177597609922309, -21.79297433365825 ], [ -48.17755493670515, -21.793105436242055 ], [ -48.177602361682752, -21.793115514049791 ], [ -48.177653936345891, -21.793126283471793 ], [ -48.177755406037555, -21.793149600752443 ], [ -48.177836118038812, -21.792852016736862 ], [ -48.177841972059483, -21.792853634620204 ], [ -48.177845405430261, -21.792854387985738 ], [ -48.17786654906611, -21.792776531980852 ], [ -48.177760163973126, -21.792751028705123 ], [ -48.177398211974463, -21.792648007512764 ] ] ] } },
{ "type": "Feature", "properties": { "nome": "Condomínio Edifício São José", "LAYER": "CONDOMINIOS" }, "geometry": { "type": "Polygon", "coordinates": [ [ [ -48.177734754077925, -21.799710015499773 ], [ -48.177616261496723, -21.799673373277784 ], [ -48.177588218606139, -21.799664701379967 ], [ -48.17754556370879, -21.799786381704468 ], [ -48.177528993788385, -21.799833650141281 ], [ -48.177935947666455, -21.799959149686828 ], [ -48.177993176041937, -21.799782565281827 ], [ -48.177914994784594, -21.799759742918468 ], [ -48.177911757894755, -21.799770690837914 ], [ -48.177821082043714, -21.799742007381095 ], [ -48.177822709111894, -21.799737214334932 ], [ -48.177734754077925, -21.799710015499773 ] ] ] } },
{ "type": "Feature", "properties": { "nome": "Edifício Guaecá", "LAYER": "CONDOMINIOS" }, "geometry": { "type": "Polygon", "coordinates": [ [ [ -48.180633325557075, -21.797874725899376 ], [ -48.180661044325248, -21.797787487096517 ], [ -48.180420706971113, -21.797716982508181 ], [ -48.180420305804191, -21.7977168648234 ], [ -48.180420305804255, -21.797716864823176 ], [ -48.180420305804248, -21.797716864823176 ], [ -48.180420153423498, -21.797716823054373 ], [ -48.180275531353658, -21.797677180963245 ], [ -48.180252441075318, -21.797760849459262 ], [ -48.180228707583204, -21.797846848535006 ], [ -48.180209571557612, -21.797916188446475 ], [ -48.180164875878852, -21.798070594556062 ], [ -48.180536829483621, -21.798171457641615 ], [ -48.180605510787778, -21.797962266710631 ], [ -48.180633325557075, -21.797874725899376 ] ] ] } },
{ "type": "Feature", "properties": { "nome": "Edifício Monet", "LAYER": "CONDOMINIOS" }, "geometry": { "type": "Polygon", "coordinates": [ [ [ -48.178303599564558, -21.784388743982628 ], [ -48.178287342604619, -21.784487420293818 ], [ -48.178662420020586, -21.784559510312512 ], [ -48.17871191162623, -21.784212024973755 ], [ -48.178823126189862, -21.784233830425027 ], [ -48.178825974002052, -21.784221219105532 ], [ -48.178925304109683, -21.784239057645838 ], [ -48.178990333651917, -21.784250736200704 ], [ -48.178987153582177, -21.78426560913416 ], [ -48.179032827401613, -21.784271168696456 ], [ -48.179067986610953, -21.78413061489541 ], [ -48.178976633342621, -21.784113050744928 ], [ -48.178787274753233, -21.784075780955988 ], [ -48.178817515849957, -21.783951282907143 ], [ -48.178824174326742, -21.783923870959441 ], [ -48.178397568152086, -21.783838823664986 ], [ -48.178344602405467, -21.784139864441151 ], [ -48.178303599564558, -21.784388743982628 ] ] ] } },
{ "type": "Feature", "properties": { "nome": "Condomínio Spazio Aroeiras", "LAYER": "CONDOMINIOS" }, "geometry": { "type": "Polygon", "coordinates": [ [ [ -48.188102064765296, -21.78444452011837 ], [ -48.18764400253086, -21.784156558942737 ], [ -48.187462384254026, -21.784048868641136 ], [ -48.187402333679486, -21.784136349420439 ], [ -48.187693792129565, -21.78431937117595 ], [ -48.187503035620338, -21.784604278209937 ], [ -48.187635004152817, -21.784678172730924 ], [ -48.187667342316189, -21.784677321139267 ], [ -48.187685481337169, -21.784668188374759 ], [ -48.188102064765296, -21.78444452011837 ] ] ] } },
{ "type": "Feature", "properties": { "nome": "Condomínio Spazio Aracaju", "LAYER": "CONDOMINIOS" }, "geometry": { "type": "Polygon", "coordinates": [ [ [ -48.184045798260968, -21.801848104739047 ], [ -48.184293104116207, -21.801919092755227 ], [ -48.184282116054149, -21.801952477060922 ], [ -48.18439362142167, -21.80198391532311 ], [ -48.184563317222121, -21.802031759859144 ], [ -48.18461927747844, -21.801927869504873 ], [ -48.184737689827209, -21.801705363556657 ], [ -48.184760356682027, -21.801662770685851 ], [ -48.184717002917424, -21.801650998342712 ], [ -48.184618627705703, -21.801624285349337 ], [ -48.184560679529099, -21.801608549959315 ], [ -48.18450709683303, -21.801593999962034 ], [ -48.184393903335547, -21.8015643205785 ], [ -48.184385762700636, -21.801594369609724 ], [ -48.184358864709417, -21.80169365641671 ], [ -48.184110759638813, -21.80162226381568 ], [ -48.184045798260968, -21.801848104739047 ] ] ] } },
{ "type": "Feature", "properties": { "nome": "Residencial Belle Ville", "LAYER": "CONDOMINIOS" }, "geometry": { "type": "Polygon", "coordinates": [ [ [ -48.184737689827209, -21.801705363556657 ], [ -48.18461927747844, -21.801927869504873 ], [ -48.184698987619832, -21.801950956636784 ], [ -48.184806500291877, -21.801982096383632 ], [ -48.185140426778176, -21.802078813640712 ], [ -48.185190525587366, -21.801924089277264 ], [ -48.184889843868611, -21.801778856194101 ], [ -48.184737689827209, -21.801705363556657 ] ] ] } },
{ "type": "Feature", "properties": { "nome": "Edifício Vila Flores", "LAYER": "CONDOMINIOS" }, "geometry": { "type": "Polygon", "coordinates": [ [ [ -48.178111636668405, -21.811087680913552 ], [ -48.178171561272549, -21.811425710596538 ], [ -48.178191797212634, -21.8115398596041 ], [ -48.178211008416106, -21.811648228058523 ], [ -48.17822842867168, -21.81174010959235 ], [ -48.178286246940466, -21.811730486138266 ], [ -48.178401459995932, -21.811711309650121 ], [ -48.178516563030563, -21.811691718364216 ], [ -48.178441449247181, -21.81129878167561 ], [ -48.17843886230898, -21.811293538719266 ], [ -48.178436082103758, -21.811288382744149 ], [ -48.178433111980112, -21.811283319960282 ], [ -48.178429955515377, -21.811278356465415 ], [ -48.178426616511288, -21.811273498237732 ], [ -48.178423098989448, -21.811268751128594 ], [ -48.178419407186489, -21.811264120855547 ], [ -48.178415545548923, -21.811259612995425 ], [ -48.17841151872782, -21.811255232977601 ], [ -48.178407331573233, -21.811250986077496 ], [ -48.178402989128266, -21.811246877410174 ], [ -48.178111636668405, -21.811087680913552 ] ] ] } },
{ "type": "Feature", "properties": { "nome": "Condomínio Residencial Parque Do Carmo", "LAYER": "CONDOMINIOS" }, "geometry": { "type": "Polygon", "coordinates": [ [ [ -48.186530736882752, -21.805357659158204 ], [ -48.186572129648162, -21.805342729889329 ], [ -48.186733562800136, -21.805049613790597 ], [ -48.186706750188755, -21.805004949987609 ], [ -48.186233414588862, -21.804859484823268 ], [ -48.186050445416143, -21.804800369305291 ], [ -48.185913021761358, -21.805181059741056 ], [ -48.186530736882752, -21.805357659158204 ] ] ] } },
{ "type": "Feature", "properties": { "nome": "Condomínio Residencial Guarapari", "LAYER": "CONDOMINIOS" }, "geometry": { "type": "Polygon", "coordinates": [ [ [ -48.194712446803564, -21.800085199644787 ], [ -48.19416308506932, -21.799949849154547 ], [ -48.194123066150908, -21.800092526572044 ], [ -48.194127508917092, -21.800113167402333 ], [ -48.194136957279326, -21.800130748855882 ], [ -48.194154506335487, -21.80014320652996 ], [ -48.194652684254983, -21.800266455525801 ], [ -48.194712446803564, -21.800085199644787 ] ] ] } },
{ "type": "Feature", "properties": { "nome": "Edificio Humaita", "LAYER": "CONDOMINIOS" }, "geometry": { "type": "Polygon", "coordinates": [ [ [ -48.180773350245289, -21.797448513577166 ], [ -48.18093548790327, -21.797495185804845 ], [ -48.18093545857181, -21.797495277093674 ], [ -48.180935634441141, -21.797495327753971 ], [ -48.180978967156491, -21.797356481464799 ], [ -48.180969301965995, -21.797339164465743 ], [ -48.180791358978446, -21.797297454966237 ], [ -48.180746177298005, -21.797440753396046 ], [ -48.180773350245289, -21.797448513577166 ] ] ] } },
{ "type": "Feature", "properties": { "nome": "Edifício Fonte Premium", "LAYER": "CONDOMINIOS" }, "geometry": { "type": "Polygon", "coordinates": [ [ [ -48.175735594351508, -21.777625949353446 ], [ -48.175674806119446, -21.777634182162259 ], [ -48.175452962858259, -21.77771102836472 ], [ -48.175432883986929, -21.777729535569364 ], [ -48.175420296049232, -21.777744629070789 ], [ -48.175416604355071, -21.777752054064159 ], [ -48.175414405381609, -21.777759162102399 ], [ -48.175442289155818, -21.778109250149214 ], [ -48.175748507621556, -21.77800675706461 ], [ -48.175759977207122, -21.777882147251209 ], [ -48.175778160386308, -21.777629719906965 ], [ -48.175735594351508, -21.777625949353446 ] ] ] } },
{ "type": "Feature", "properties": { "nome": "Condomínio Residencial Vitta Caminhos do Bosque", "LAYER": "CONDOMINIOS" }, "geometry": { "type": "Polygon", "coordinates": [ [ [ -48.187150446798242, -21.762781849227455 ], [ -48.18704101483128, -21.763400808098538 ], [ -48.186912709762886, -21.764288086421953 ], [ -48.186927203671807, -21.764290901201992 ], [ -48.187103129954778, -21.764313638366929 ], [ -48.187230453829855, -21.764336389639304 ], [ -48.187311467578937, -21.764352281435915 ], [ -48.187563453058594, -21.764401890785603 ], [ -48.187599991220402, -21.764411848192484 ], [ -48.187776086217731, -21.764457299511022 ], [ -48.188000009977202, -21.764513300133093 ], [ -48.188171590625075, -21.76461488510699 ], [ -48.188266193954298, -21.764671683654182 ], [ -48.188424815739488, -21.764772929919079 ], [ -48.188612081864633, -21.764890362204788 ], [ -48.18871329737587, -21.764955082749871 ], [ -48.18883629099517, -21.764604485379238 ], [ -48.188854629829386, -21.764556319156235 ], [ -48.188871156043014, -21.763855736704219 ], [ -48.187687256810932, -21.76300230794665 ], [ -48.18772006558914, -21.762766130896697 ], [ -48.187240924099278, -21.762710362884057 ], [ -48.187209480368324, -21.76271572642176 ], [ -48.187181372913635, -21.762730331718195 ], [ -48.187169019225081, -21.762741131779162 ], [ -48.187160683849612, -21.762753420032702 ], [ -48.187150446798242, -21.762781849227455 ] ] ] } },
{ "type": "Feature", "properties": { "nome": "Condomínio Residencial Quinta das Tipuanas", "LAYER": "CONDOMINIOS" }, "geometry": { "type": "Polygon", "coordinates": [ [ [ -48.171665704034254, -21.75217362712057 ], [ -48.171698991533951, -21.752199145749511 ], [ -48.17172764578612, -21.752166525408409 ], [ -48.171697640670388, -21.752143523106817 ], [ -48.17170823674531, -21.752130916711106 ], [ -48.171955226160037, -21.752111739223395 ], [ -48.171898759917759, -21.751543285669811 ], [ -48.171898729573769, -21.751543287756082 ], [ -48.171889874956584, -21.751455585055453 ], [ -48.171886447016632, -21.751421632182648 ], [ -48.171873102398258, -21.751289457073465 ], [ -48.171849893120275, -21.751060152638132 ], [ -48.171836381907745, -21.750926540797597 ], [ -48.171930950648687, -21.750918495683393 ], [ -48.172047141329344, -21.750908611080025 ], [ -48.172162751386772, -21.750898775788226 ], [ -48.172279064753255, -21.750888880579929 ], [ -48.172393789675908, -21.750878327443228 ], [ -48.172507847762475, -21.750867795914996 ], [ -48.172706231549789, -21.75084972827511 ], [ -48.172890723478133, -21.750831643653616 ], [ -48.172890728954762, -21.750831641951219 ], [ -48.171693128791709, -21.749163378304591 ], [ -48.170604106888725, -21.747648434573847 ], [ -48.170245928691607, -21.747150163407351 ], [ -48.170181369166535, -21.747086921166392 ], [ -48.170104709598611, -21.747036804369785 ], [ -48.170040100601831, -21.747008038486872 ], [ -48.169562492704223, -21.746880872505624 ], [ -48.169500245474318, -21.746899037555853 ], [ -48.169474199616616, -21.746929375653849 ], [ -48.169463327744644, -21.746990389555489 ], [ -48.169381398333442, -21.747789272141347 ], [ -48.169300325163277, -21.748636041857644 ], [ -48.169245779317599, -21.749221005185422 ], [ -48.169187848510745, -21.749846185665525 ], [ -48.169102313926764, -21.750771186273763 ], [ -48.169037318412421, -21.751474056895908 ], [ -48.169002940384068, -21.75184582105355 ], [ -48.168999430174516, -21.75194408262605 ], [ -48.169012757976127, -21.752022350994768 ], [ -48.169037732932857, -21.75209356896497 ], [ -48.169065695160313, -21.752142025406567 ], [ -48.16908804018729, -21.752174000214126 ], [ -48.169130235276377, -21.752230573100533 ], [ -48.169184475787624, -21.752317249632799 ], [ -48.169217693541746, -21.752392290168757 ], [ -48.169254521603435, -21.752517714946382 ], [ -48.169311772099157, -21.752516257021345 ], [ -48.169320044931119, -21.752516046346084 ], [ -48.169397231007622, -21.752514877984126 ], [ -48.169426194080636, -21.752514355056999 ], [ -48.169539671409289, -21.752513536977848 ], [ -48.169559361371633, -21.75252515284199 ], [ -48.169579153157116, -21.752535455144102 ], [ -48.169589807157678, -21.752539180838149 ], [ -48.169606020478902, -21.75254492591948 ], [ -48.169617477953892, -21.752547382006629 ], [ -48.169633447360056, -21.752550873301256 ], [ -48.169652062674636, -21.752553236064013 ], [ -48.169676728347312, -21.752553696415465 ], [ -48.169680691787391, -21.752553485555485 ], [ -48.1696992134179, -21.75255228262073 ], [ -48.16971078040411, -21.752550359814819 ], [ -48.169718923287569, -21.752549050515078 ], [ -48.169744444533414, -21.75254293608997 ], [ -48.169758308446042, -21.752537840990364 ], [ -48.169784530959141, -21.7525251780772 ], [ -48.169808649092431, -21.752510944167788 ], [ -48.169816998614778, -21.752505457628075 ], [ -48.16985676728671, -21.752479328855379 ], [ -48.169883853368525, -21.752463644331097 ], [ -48.169947704199181, -21.752457740354057 ], [ -48.170081257429104, -21.752445775660536 ], [ -48.170218555250194, -21.752433808505671 ], [ -48.170894612200229, -21.752376611725285 ], [ -48.170915656578558, -21.752591747739668 ], [ -48.170920796171799, -21.752644289602358 ], [ -48.170975834707079, -21.752610881213531 ], [ -48.171133646793216, -21.752598019057952 ], [ -48.171383083999807, -21.752574820592081 ], [ -48.171375464431229, -21.75247163210285 ], [ -48.171430475065989, -21.752410529278581 ], [ -48.171462543883997, -21.752435055315104 ], [ -48.171491648192969, -21.752402159205879 ], [ -48.171460783530335, -21.752378327873018 ], [ -48.171502839136664, -21.752334284241982 ], [ -48.171520960968003, -21.752348612602955 ], [ -48.171632228674426, -21.752225798081209 ], [ -48.171623289192667, -21.752218729920923 ], [ -48.171665704034254, -21.75217362712057 ] ] ] } },
{ "type": "Feature", "properties": { "nome": "Residencial Parque Apolo", "LAYER": "CONDOMINIOS" }, "geometry": { "type": "Polygon", "coordinates": [ [ [ -48.19520832169637, -21.798570323257 ], [ -48.194639156862308, -21.798358145442212 ], [ -48.194594066393073, -21.798405082864278 ], [ -48.1945600784844, -21.7984981551175 ], [ -48.194431078385115, -21.79890524470936 ], [ -48.194414450739075, -21.798972101114227 ], [ -48.194275159493095, -21.799529725044547 ], [ -48.194192045381463, -21.799845486843513 ], [ -48.194325607096062, -21.799877086515988 ], [ -48.194586677365663, -21.799941706442961 ], [ -48.194747090695657, -21.799980126734368 ], [ -48.194769385717258, -21.799912044280262 ], [ -48.194941334088043, -21.799384074202631 ], [ -48.195023028113461, -21.799138646156734 ], [ -48.195058459664203, -21.799031608318852 ], [ -48.195096934656824, -21.79891543691231 ], [ -48.195168980334515, -21.798692783831964 ], [ -48.195199526993129, -21.798597699160165 ], [ -48.19520832169637, -21.798570323257 ] ] ] } },
{ "type": "Feature", "properties": { "nome": "Residencial Vila Morganti", "LAYER": "CONDOMINIOS" }, "geometry": { "type": "Polygon", "coordinates": [ [ [ -48.13827673638346, -21.781366068414506 ], [ -48.138337286951355, -21.781643997121215 ], [ -48.138341728896577, -21.781669486159405 ], [ -48.138347169536395, -21.781740406387836 ], [ -48.139477917694052, -21.781661236969587 ], [ -48.139593606888511, -21.78095574079158 ], [ -48.138169624033218, -21.780877774026365 ], [ -48.13827673638346, -21.781366068414506 ] ] ] } },
{ "type": "Feature", "properties": { "nome": "Condomínio Village Anchieta", "LAYER": "CONDOMINIOS" }, "geometry": { "type": "Polygon", "coordinates": [ [ [ -48.163588394841469, -21.806408775403469 ], [ -48.163325574995255, -21.806624033672254 ], [ -48.16318879733123, -21.806737365242313 ], [ -48.162999214963392, -21.806895476256333 ], [ -48.162918877044639, -21.806960358708853 ], [ -48.163042019811812, -21.80708980986676 ], [ -48.162889939606202, -21.807216271467105 ], [ -48.162839521735663, -21.807161061394407 ], [ -48.162560439299476, -21.80739237710101 ], [ -48.163047806178191, -21.807761903886774 ], [ -48.163154842863285, -21.807675528516331 ], [ -48.163238449333846, -21.807605992462527 ], [ -48.163397174915382, -21.807473979023236 ], [ -48.16357449735829, -21.807327000706703 ], [ -48.163611121688817, -21.807296957211637 ], [ -48.163764543558607, -21.807171102677522 ], [ -48.1638681660936, -21.807085547120185 ], [ -48.163980759120847, -21.806992571003111 ], [ -48.164063474035366, -21.806922814529536 ], [ -48.16407465140167, -21.806913338674757 ], [ -48.16419375393712, -21.806812366781571 ], [ -48.164400537563424, -21.806643364198603 ], [ -48.164422216742921, -21.806625673011471 ], [ -48.164169042954022, -21.806358289376185 ], [ -48.16418166904662, -21.806347416200758 ], [ -48.164098164502015, -21.806258266324857 ], [ -48.164091986361719, -21.806263335859047 ], [ -48.16394671129116, -21.806109556660324 ], [ -48.163786432362855, -21.806243660180424 ], [ -48.163627746664403, -21.806072912244325 ], [ -48.163425561339146, -21.806238992070998 ], [ -48.163588394841469, -21.806408775403469 ] ] ] } },
{ "type": "Feature", "properties": { "nome": "Condomínio Residencial Parque Amarige", "LAYER": "CONDOMINIOS" }, "geometry": { "type": "Polygon", "coordinates": [ [ [ -48.155342789996723, -21.763396783345652 ], [ -48.156264917037255, -21.762030248811087 ], [ -48.155875408417735, -21.761791865887361 ], [ -48.154935532082405, -21.763159355132295 ], [ -48.155342789996723, -21.763396783345652 ] ] ] } },
{ "type": "Feature", "properties": { "nome": "Vila Harmonia", "LAYER": "CONDOMINIOS" }, "geometry": { "type": "Polygon", "coordinates": [ [ [ -48.172810361257405, -21.759674902360867 ], [ -48.172808324835962, -21.75967382343628 ], [ -48.172779871644728, -21.759713611718592 ], [ -48.173447333579205, -21.760067720984061 ], [ -48.173677090365899, -21.759679215383734 ], [ -48.173925759915655, -21.759289512121274 ], [ -48.173947349095656, -21.75925373776467 ], [ -48.173967384955269, -21.759237204360854 ], [ -48.173987250850899, -21.759194028431125 ], [ -48.173999902704516, -21.759169216102112 ], [ -48.174234552262796, -21.758781153296077 ], [ -48.17421137591294, -21.758781488324111 ], [ -48.17418796312181, -21.758788371593567 ], [ -48.174001440387855, -21.758909661279738 ], [ -48.173932873559792, -21.75894707666076 ], [ -48.173780731247604, -21.758965288265749 ], [ -48.173690315402816, -21.758975339524046 ], [ -48.173629357096651, -21.759001526968504 ], [ -48.173491544566907, -21.759050924338226 ], [ -48.173450197360467, -21.759072374001054 ], [ -48.173315022821242, -21.759154083613701 ], [ -48.173219486788255, -21.759207337162962 ], [ -48.17312686655913, -21.759264411093589 ], [ -48.173035288590569, -21.759316539412104 ], [ -48.172960299440327, -21.759424195470277 ], [ -48.172810361257405, -21.759674902360867 ] ] ] } },
{ "type": "Feature", "properties": { "nome": null, "LAYER": "CONDOMINIOS" }, "geometry": { "type": "Polygon", "coordinates": [ [ [ -48.142608033235589, -21.770770773351046 ], [ -48.142607936806542, -21.770773335799696 ], [ -48.142607934465353, -21.770775899829975 ], [ -48.142608026214788, -21.770778462428538 ], [ -48.142608211947028, -21.770781020583748 ], [ -48.142608491443788, -21.770783571289197 ], [ -48.142608864376612, -21.770786111547203 ], [ -48.142609330307216, -21.770788638372402 ], [ -48.142609888688042, -21.770791148795158 ], [ -48.142610538862847, -21.770793639865168 ], [ -48.142611280067548, -21.770796108654864 ], [ -48.142612111431056, -21.770798552262814 ], [ -48.142613031976332, -21.770800967817237 ], [ -48.142614040621531, -21.770803352479302 ], [ -48.142615136181263, -21.770805703446463 ], [ -48.14261631736801, -21.770808017955805 ], [ -48.142617582793584, -21.770810293287244 ], [ -48.142618930970833, -21.770812526766754 ], [ -48.142620360315355, -21.770814715769447 ], [ -48.142621869147334, -21.770816857722775 ], [ -48.142623455693546, -21.770818950109422 ], [ -48.142625118089441, -21.770820990470355 ], [ -48.142626854381312, -21.770822976407707 ], [ -48.142628662528637, -21.770824905587482 ], [ -48.142630540406408, -21.770826775742517 ], [ -48.142632485807702, -21.770828584674895 ], [ -48.142634496446213, -21.770830330258729 ], [ -48.142636569958988, -21.770832010442536 ], [ -48.142638703909171, -21.770833623251715 ], [ -48.142640895788887, -21.770835166790871 ], [ -48.142643143022141, -21.770836639245953 ], [ -48.142645442967947, -21.770838038886488 ], [ -48.142647792923327, -21.770839364067594 ], [ -48.142889261336983, -21.77096760747887 ], [ -48.142892277339961, -21.770968675510456 ], [ -48.142895330263087, -21.770969647722673 ], [ -48.142898416618394, -21.770970523004724 ], [ -48.142901532879691, -21.770971300356621 ], [ -48.142904675486619, -21.770971978890223 ], [ -48.142907840848743, -21.770972557830319 ], [ -48.142911025349612, -21.770973036515436 ], [ -48.1429142253509, -21.770973414398686 ], [ -48.142917437196594, -21.77097369104834 ], [ -48.14292065721714, -21.770973866148317 ], [ -48.142923881733637, -21.770973939498546 ], [ -48.142927107062043, -21.770973911015254 ], [ -48.142930329517412, -21.770973780730991 ], [ -48.142933545418067, -21.77097354879454 ], [ -48.142936751089806, -21.77097321547096 ], [ -48.142939942870129, -21.770972781141044 ], [ -48.142943117112409, -21.770972246301028 ], [ -48.142946270190052, -21.770971611561961 ], [ -48.142949398500633, -21.770970877649034 ], [ -48.142952498470052, -21.770970045400752 ], [ -48.142955566556573, -21.770969115767947 ], [ -48.142958599254875, -21.770968089812758 ], [ -48.142961593100068, -21.770966968707349 ], [ -48.142964544671678, -21.770965753732558 ], [ -48.142967450597524, -21.770964446276526 ], [ -48.143447940682861, -21.770784943957516 ], [ -48.142710440772312, -21.770600542147829 ], [ -48.142608033235589, -21.770770773351046 ] ] ] } },
{ "type": "Feature", "properties": { "nome": "Edificio Personalite", "LAYER": "CONDOMINIOS" }, "geometry": { "type": "Polygon", "coordinates": [ [ [ -48.180738615791753, -21.786339708704073 ], [ -48.180699845685076, -21.786402031071038 ], [ -48.180661180592615, -21.786460091663116 ], [ -48.180611406172332, -21.786530524761627 ], [ -48.180856983152317, -21.786597327998209 ], [ -48.180887796126193, -21.786583940847819 ], [ -48.181203361640613, -21.786105826705867 ], [ -48.181199867810882, -21.786091620706213 ], [ -48.181190735875091, -21.786079059495112 ], [ -48.180957817752059, -21.786031622685851 ], [ -48.180857680349092, -21.786172364959569 ], [ -48.180814300553394, -21.786233334780263 ], [ -48.180738615791753, -21.786339708704073 ] ] ] } },
{ "type": "Feature", "properties": { "nome": "Edificio XV de Novembro", "LAYER": "CONDOMINIOS" }, "geometry": { "type": "Polygon", "coordinates": [ [ [ -48.177377665503435, -21.797782899638214 ], [ -48.177475738399707, -21.797481308551092 ], [ -48.177188024221699, -21.797401359651818 ], [ -48.17713745131659, -21.797553504773941 ], [ -48.177126458197371, -21.79755025052059 ], [ -48.177101942669971, -21.797622437247238 ], [ -48.177075390674112, -21.797700701840096 ], [ -48.177199208743026, -21.797734015077932 ], [ -48.177377665503435, -21.797782899638214 ] ] ] } },
{ "type": "Feature", "properties": { "nome": "Edificio Tamoio", "LAYER": "CONDOMINIOS" }, "geometry": { "type": "Polygon", "coordinates": [ [ [ -48.174705976440578, -21.793455885525702 ], [ -48.174770561715896, -21.79321417183251 ], [ -48.174766516487615, -21.793213252993233 ], [ -48.174623082183892, -21.793180214498229 ], [ -48.174560742140876, -21.793405991705747 ], [ -48.174564967201626, -21.793419596035026 ], [ -48.174705976440578, -21.793455885525702 ] ] ] } },
{ "type": "Feature", "properties": { "nome": "Condomínio Studio Five", "LAYER": "CONDOMINIOS" }, "geometry": { "type": "Polygon", "coordinates": [ [ [ -48.180807301471084, -21.785343014456771 ], [ -48.180676540518832, -21.78572943078095 ], [ -48.181096491623869, -21.785826983658719 ], [ -48.181295065601091, -21.785523038453039 ], [ -48.181325223672467, -21.78545764321073 ], [ -48.180807301471084, -21.785343014456771 ] ] ] } },
{ "type": "Feature", "properties": { "nome": "Condomínio Edifício Flamboyant", "LAYER": "CONDOMINIOS" }, "geometry": { "type": "Polygon", "coordinates": [ [ [ -48.181164774343898, -21.784232378164468 ], [ -48.18105385595765, -21.784575061419449 ], [ -48.181353572417102, -21.784640510855827 ], [ -48.181473407508392, -21.784280599965978 ], [ -48.181190783384537, -21.784215425467181 ], [ -48.181164774343898, -21.784232378164468 ] ] ] } },
{ "type": "Feature", "properties": { "nome": "Residencial Provence", "LAYER": "CONDOMINIOS" }, "geometry": { "type": "Polygon", "coordinates": [ [ [ -48.179990271045661, -21.785602368179955 ], [ -48.179956022140765, -21.785731172981247 ], [ -48.180288903841117, -21.785794922211156 ], [ -48.180368675280526, -21.785531477753157 ], [ -48.18022583351555, -21.785504136976456 ], [ -48.180234263174562, -21.78547726517818 ], [ -48.180050461448879, -21.785426770516185 ], [ -48.180022983310167, -21.78550693447465 ], [ -48.179995271512219, -21.785587779990422 ], [ -48.179990271045661, -21.785602368179955 ] ] ] } },
{ "type": "Feature", "properties": { "nome": "Edifício Bandeirantes", "LAYER": "CONDOMINIOS" }, "geometry": { "type": "Polygon", "coordinates": [ [ [ -48.177925392889179, -21.785851517581776 ], [ -48.177873113043809, -21.786067530897263 ], [ -48.177815042185934, -21.786248719502773 ], [ -48.177956391589333, -21.786281410272117 ], [ -48.177999236240431, -21.786133960906682 ], [ -48.178013678517388, -21.786084702628536 ], [ -48.178079785050571, -21.785872414068827 ], [ -48.177925392889179, -21.785851517581776 ] ] ] } },
{ "type": "Feature", "properties": { "nome": "Residencial Tríade", "LAYER": "CONDOMINIOS" }, "geometry": { "type": "Polygon", "coordinates": [ [ [ -48.177906248902829, -21.785635324372119 ], [ -48.177879782563508, -21.785737846823213 ], [ -48.177854221652133, -21.785836861746549 ], [ -48.177925392889179, -21.785851517581776 ], [ -48.178079785050571, -21.785872414068827 ], [ -48.178187755582243, -21.785891404171565 ], [ -48.178218084916992, -21.785896738550555 ], [ -48.178390802017788, -21.785938417382898 ], [ -48.178447168567189, -21.785749041991224 ], [ -48.178375715072413, -21.785731702744226 ], [ -48.178296663386327, -21.785712519643948 ], [ -48.178335985768598, -21.785505896567379 ], [ -48.177884843924431, -21.785416596805135 ], [ -48.177842185399655, -21.785623393071663 ], [ -48.177906248902829, -21.785635324372119 ] ] ] } },
{ "type": "Feature", "properties": { "nome": "Condomínio Conjunto Residencial Mediterrâneo", "LAYER": "CONDOMINIOS" }, "geometry": { "type": "Polygon", "coordinates": [ [ [ -48.179455419760338, -21.783815211449504 ], [ -48.179294138385991, -21.784314712306443 ], [ -48.179485374377222, -21.784359837731042 ], [ -48.179382215998466, -21.784697874185081 ], [ -48.179412185874419, -21.784703603223349 ], [ -48.179516903196763, -21.784362941385488 ], [ -48.179522640797153, -21.784363506186413 ], [ -48.179631855186706, -21.784385168577845 ], [ -48.179787623204831, -21.78389384438503 ], [ -48.179455419760338, -21.783815211449504 ] ] ] } },
{ "type": "Feature", "properties": { "nome": "Condomínio Maison Versailles", "LAYER": "CONDOMINIOS" }, "geometry": { "type": "Polygon", "coordinates": [ [ [ -48.180434705260687, -21.778957568315725 ], [ -48.180562184560628, -21.778963640510188 ], [ -48.180608537511354, -21.778967121518537 ], [ -48.180618214739901, -21.778917460428442 ], [ -48.180646480718913, -21.778822160437169 ], [ -48.180684894071987, -21.778689843990186 ], [ -48.180098685717716, -21.778534744008262 ], [ -48.180083368127946, -21.778934273688805 ], [ -48.180084820591695, -21.779013743141633 ], [ -48.180110198547531, -21.779011149547692 ], [ -48.180226600193727, -21.778998649532706 ], [ -48.180333105861394, -21.778987692579754 ], [ -48.180423511571441, -21.778978976205657 ], [ -48.18043491813399, -21.778977873749536 ], [ -48.180434705260687, -21.778957568315725 ] ] ] } },
{ "type": "Feature", "properties": { "nome": "Condomínio ABL Residence", "LAYER": "CONDOMINIOS" }, "geometry": { "type": "Polygon", "coordinates": [ [ [ -48.185369037278186, -21.783802503955663 ], [ -48.185342283713887, -21.783841729712019 ], [ -48.185277767810113, -21.783936322041523 ], [ -48.185217800314561, -21.784023922675846 ], [ -48.18553825263848, -21.784225459504611 ], [ -48.185691536692907, -21.783999117335828 ], [ -48.185369037278186, -21.783802503955663 ] ] ] } },
{ "type": "Feature", "properties": { "nome": "Condomínio Resedencial Moove Concept Home", "LAYER": "CONDOMINIOS" }, "geometry": { "type": "Polygon", "coordinates": [ [ [ -48.189134893027607, -21.783096045563507 ], [ -48.189134753936266, -21.783100893427385 ], [ -48.189135385958934, -21.783105706970936 ], [ -48.189136775124631, -21.783110379789498 ], [ -48.189138890725566, -21.783114808589232 ], [ -48.189141756724773, -21.783121574070393 ], [ -48.18962543847725, -21.78343827827074 ], [ -48.18965187089087, -21.783435318881587 ], [ -48.189665387181464, -21.783416956733131 ], [ -48.189925132734984, -21.783063694786083 ], [ -48.189774042956927, -21.782954238726479 ], [ -48.189844462879293, -21.782866605510726 ], [ -48.189922457503656, -21.782769546049256 ], [ -48.189887916950852, -21.782740931261046 ], [ -48.189997519523644, -21.782591240475668 ], [ -48.189795078292896, -21.782395502750084 ], [ -48.189569099454374, -21.78241572831832 ], [ -48.189138814828468, -21.783084005434631 ], [ -48.189137455275592, -21.783086673918117 ], [ -48.189135800158169, -21.783091270542808 ], [ -48.189134893027607, -21.783096045563507 ] ] ] } },
{ "type": "Feature", "properties": { "nome": "Condomínio Spazio Abbocato", "LAYER": "CONDOMINIOS" }, "geometry": { "type": "Polygon", "coordinates": [ [ [ -48.188430370872148, -21.782654547022464 ], [ -48.188431920948439, -21.78265874853987 ], [ -48.188434174691373, -21.782662659948659 ], [ -48.188437072851656, -21.782666178420623 ], [ -48.188440539238712, -21.782669211457513 ], [ -48.188961209588655, -21.783011065594149 ], [ -48.188996134934996, -21.783033933472467 ], [ -48.188998926262286, -21.783035258198261 ], [ -48.189003439600768, -21.783036732570331 ], [ -48.18900814811628, -21.783037509520391 ], [ -48.189012929128666, -21.783037568804865 ], [ -48.189017658068835, -21.783036908879321 ], [ -48.189022211724478, -21.783035546937906 ], [ -48.189026471450298, -21.78303351846597 ], [ -48.189030326259328, -21.783030876315348 ], [ -48.189033675714704, -21.783027689327024 ], [ -48.18903643254658, -21.783024040537899 ], [ -48.189443202797065, -21.782395712686824 ], [ -48.189082036938032, -21.782190977145284 ], [ -48.189075162728045, -21.782200864126917 ], [ -48.189061309850864, -21.782220788328022 ], [ -48.188815307640347, -21.782079085321953 ], [ -48.188430251738836, -21.782641326955016 ], [ -48.188429525150696, -21.782645720204595 ], [ -48.188429565212857, -21.782650165851365 ], [ -48.188430370872148, -21.782654547022464 ] ] ] } },
{ "type": "Feature", "properties": { "nome": "Condomínio Residencial Parque do Sol", "LAYER": "CONDOMINIOS" }, "geometry": { "type": "Polygon", "coordinates": [ [ [ -48.172391183156293, -21.801417667510183 ], [ -48.17230121953699, -21.80176554023183 ], [ -48.172267783364411, -21.801893054002353 ], [ -48.172241345239492, -21.801995409465899 ], [ -48.172206870168175, -21.802078361026958 ], [ -48.172157879731785, -21.802169058092755 ], [ -48.172555631249672, -21.802284175255636 ], [ -48.172603377624881, -21.802297938409627 ], [ -48.17292842313811, -21.802391634133823 ], [ -48.173005696760868, -21.802413908468992 ], [ -48.173017013920607, -21.802191166073563 ], [ -48.173016501529965, -21.802103233770328 ], [ -48.17299780429402, -21.801859955429673 ], [ -48.172966545663641, -21.801619921072795 ], [ -48.172964324092618, -21.801609274440352 ], [ -48.17296292261009, -21.801604010471703 ], [ -48.172959546425183, -21.801593631931301 ], [ -48.172955419444641, -21.801583492839281 ], [ -48.17295056092383, -21.801573640501417 ], [ -48.172944993531182, -21.801564120885537 ], [ -48.172938743242518, -21.80155497840709 ], [ -48.172931839219807, -21.801546255721945 ], [ -48.172924795977664, -21.801537316067101 ], [ -48.172916954719717, -21.801529619030774 ], [ -48.172908606736094, -21.801521484276474 ], [ -48.172899678154359, -21.801513938739756 ], [ -48.172888016695026, -21.801508479048913 ], [ -48.172769935954207, -21.801468112006024 ], [ -48.172748979832157, -21.801461187520289 ], [ -48.172623408657998, -21.801420196583738 ], [ -48.17251319551108, -21.801385017963703 ], [ -48.172494181455122, -21.801379247449457 ], [ -48.172478569588279, -21.801374300407215 ], [ -48.172471695746452, -21.801372738001668 ], [ -48.172464641961682, -21.801371847349195 ], [ -48.172457488605033, -21.801371638597949 ], [ -48.17245031718209, -21.801372114126401 ], [ -48.172443209404285, -21.801373268516368 ], [ -48.172436246257867, -21.801375088614662 ], [ -48.172429507081169, -21.801377553683157 ], [ -48.172423068660599, -21.801380635634498 ], [ -48.17241626869901, -21.801384828151075 ], [ -48.172410580099715, -21.801389243922209 ], [ -48.172405416034472, -21.801394189122583 ], [ -48.172400832783119, -21.801399609857707 ], [ -48.172396880295629, -21.801405447050456 ], [ -48.172393601647698, -21.801411637084893 ], [ -48.172391183156293, -21.801417667510183 ] ] ] } },
{ "type": "Feature", "properties": { "nome": "Condomínio Residencial Premiato", "LAYER": "CONDOMINIOS" }, "geometry": { "type": "Polygon", "coordinates": [ [ [ -48.183304038894718, -21.799707859389116 ], [ -48.183441574844963, -21.799746587664597 ], [ -48.183535831376531, -21.799362614305419 ], [ -48.183369999356479, -21.799321559094047 ], [ -48.183278950948065, -21.799299018063078 ], [ -48.18316996499685, -21.799272036126535 ], [ -48.183056290887009, -21.799243893445173 ], [ -48.182940518762834, -21.799215231262 ], [ -48.182943390944153, -21.799206142136807 ], [ -48.182694167838207, -21.799140359143617 ], [ -48.182596419809251, -21.799510538895337 ], [ -48.182768372749344, -21.799557801011908 ], [ -48.182840268411219, -21.799577561829867 ], [ -48.182929652839341, -21.799602436640996 ], [ -48.183092753193407, -21.799648363915196 ], [ -48.183154880473253, -21.799665858233499 ], [ -48.183247253288087, -21.799691869287091 ], [ -48.183304038894718, -21.799707859389116 ] ] ] } },
{ "type": "Feature", "properties": { "nome": "Condomínio Residencial Jatiúca I e II", "LAYER": "CONDOMINIOS" }, "geometry": { "type": "Polygon", "coordinates": [ [ [ -48.190780040157328, -21.782623060824875 ], [ -48.190505783823063, -21.782476924987368 ], [ -48.190240961678157, -21.782840338322327 ], [ -48.190383617333346, -21.782992250844686 ], [ -48.190523173101369, -21.783142626409514 ], [ -48.19113689371359, -21.782812721856565 ], [ -48.191061888463111, -21.78277470979446 ], [ -48.190780040157328, -21.782623060824875 ] ] ] } },
{ "type": "Feature", "properties": { "nome": "Condomínio Studio Residence Europa", "LAYER": "CONDOMINIOS" }, "geometry": { "type": "Polygon", "coordinates": [ [ [ -48.180571386005163, -21.799785548155015 ], [ -48.180665381006037, -21.799813102265091 ], [ -48.180751189955906, -21.799838116811824 ], [ -48.180771897443421, -21.799775312894194 ], [ -48.180841333572317, -21.799564718955143 ], [ -48.180755825200784, -21.799540981269967 ], [ -48.180740477648818, -21.799536720682529 ], [ -48.180725075546597, -21.79953244494774 ], [ -48.180709700655072, -21.799528176766838 ], [ -48.180694325720353, -21.799523908573946 ], [ -48.180678950742525, -21.799519640369081 ], [ -48.180655751788144, -21.799513200171834 ], [ -48.180603359671906, -21.799498655705545 ], [ -48.180442590738842, -21.799454024900204 ], [ -48.180356696335991, -21.799723682285002 ], [ -48.18050588010334, -21.799766671729252 ], [ -48.180571386005163, -21.799785548155015 ] ] ] } },
{ "type": "Feature", "properties": { "nome": "Edificio Leonor Feres", "LAYER": "CONDOMINIOS" }, "geometry": { "type": "Polygon", "coordinates": [ [ [ -48.182687088573815, -21.784756427090411 ], [ -48.182731187078467, -21.784689656565909 ], [ -48.182407923079502, -21.784496144058018 ], [ -48.182325223608032, -21.784620484629805 ], [ -48.182548854105278, -21.784751809533745 ], [ -48.182647255583611, -21.784810772403748 ], [ -48.182687088573815, -21.784756427090411 ] ] ] } },
{ "type": "Feature", "properties": { "nome": null, "LAYER": "CONDOMINIOS" }, "geometry": { "type": "Polygon", "coordinates": [ [ [ -48.194252114294081, -21.766921674103504 ], [ -48.194249411173587, -21.766922570498501 ], [ -48.194246676576121, -21.766923379310992 ], [ -48.194243913752871, -21.766924099579374 ], [ -48.194241125988569, -21.766924730447322 ], [ -48.194238316597598, -21.766925271164791 ], [ -48.194235488920064, -21.766925721088935 ], [ -48.194232646317808, -21.766926079684811 ], [ -48.194229792170411, -21.766926346526109 ], [ -48.194226929871185, -21.76692652129557 ], [ -48.194224062823132, -21.766926603785411 ], [ -48.194221194434903, -21.766926593897544 ], [ -48.19421832811674, -21.766926491643755 ], [ -48.194215467276422, -21.766926297145591 ], [ -48.194212615315209, -21.766926010634315 ], [ -48.194209775623833, -21.76692563245054 ], [ -48.194206951578401, -21.766925163043894 ], [ -48.194204146536443, -21.76692460297247 ], [ -48.194201363832882, -21.766923952902118 ], [ -48.194198606776091, -21.766923213605757 ], [ -48.194195878643953, -21.766922385962285 ], [ -48.194193182679946, -21.766921470955737 ], [ -48.194190522089329, -21.766920469673924 ], [ -48.194187900035281, -21.766919383307314 ], [ -48.194185319635174, -21.766918213147488 ], [ -48.194182783956869, -21.766916960585636 ], [ -48.194180296015027, -21.766915627110954 ], [ -48.194177858767581, -21.766914214308816 ], [ -48.194175475112196, -21.766912723858894 ], [ -48.194173147882786, -21.766911157533212 ], [ -48.194170879846226, -21.766909517193973 ], [ -48.194168673698975, -21.766907804791369 ], [ -48.194166532063939, -21.766906022361315 ], [ -48.194164457487325, -21.766904172022929 ], [ -48.194162452435592, -21.766902255976088 ], [ -48.194160519292531, -21.766900276498806 ], [ -48.1941586603565, -21.766898235944467 ], [ -48.194156877837571, -21.766896136739131 ], [ -48.194155173854988, -21.766893981378516 ], [ -48.194153550434621, -21.766891772425151 ], [ -48.19415200950656, -21.766889512505283 ], [ -48.194150552902812, -21.766887204305728 ], [ -48.194149182355133, -21.766884850570712 ], [ -48.194147899492982, -21.766882454098607 ], [ -48.194146705841547, -21.766880017738607 ], [ -48.194145602819944, -21.766877544387267 ], [ -48.194144591739573, -21.766875036985201 ], [ -48.1941436738025, -21.76687249851344 ], [ -48.194142850100064, -21.766869931990023 ], [ -48.194142121611556, -21.766867340466256 ], [ -48.194141489203076, -21.766864727023233 ], [ -48.194140953626501, -21.766862094768083 ], [ -48.194140515518562, -21.766859446830296 ], [ -48.194140631250448, -21.766857666082633 ], [ -48.194140680622198, -21.766855882652752 ], [ -48.194140663574089, -21.766854098697781 ], [ -48.194140580126742, -21.766852316375378 ], [ -48.194140430381104, -21.766850537841325 ], [ -48.194140214518278, -21.766848765246781 ], [ -48.194139932799388, -21.766847000735705 ], [ -48.194139585565125, -21.766845246442298 ], [ -48.19413917323552, -21.766843504488392 ], [ -48.194138696309274, -21.766841776980925 ], [ -48.194138155363248, -21.766840066009319 ], [ -48.19413755105171, -21.766838373642997 ], [ -48.194136884105596, -21.766836701928945 ], [ -48.194136155331591, -21.766835052889068 ], [ -48.194135365611139, -21.766833428517913 ], [ -48.194134515899435, -21.766831830780198 ], [ -48.194133607224217, -21.766830261608391 ], [ -48.194132640684529, -21.766828722900399 ], [ -48.194131617449422, -21.766827216517356 ], [ -48.194130538756511, -21.766825744281217 ], [ -48.194129405910481, -21.766824307972666 ], [ -48.194128220281542, -21.766822909328951 ], [ -48.194126983303704, -21.766821550041737 ], [ -48.194125696473122, -21.766820231755091 ], [ -48.194124361346233, -21.76681895606351 ], [ -48.194122979537887, -21.766817724509952 ], [ -48.193884134627901, -21.766644240417126 ], [ -48.193829058422892, -21.766635939054474 ], [ -48.193616393527257, -21.766859566523291 ], [ -48.193575396526242, -21.766902676740283 ], [ -48.193368465082493, -21.767124152806939 ], [ -48.19314593342348, -21.767360743848791 ], [ -48.19313468448258, -21.767372711106695 ], [ -48.193131063868741, -21.767377420287829 ], [ -48.193128096033043, -21.767382514258539 ], [ -48.19312582662198, -21.767387914671499 ], [ -48.193124290539956, -21.767393538466525 ], [ -48.19312351141258, -21.767399299147517 ], [ -48.193123501223205, -21.767405108113199 ], [ -48.193124260128627, -21.767410876019436 ], [ -48.193125776456711, -21.767416514153698 ], [ -48.193128026885844, -21.767421935799373 ], [ -48.193130976803666, -21.767427057569527 ], [ -48.19313458083942, -21.76743180068943 ], [ -48.193136536030977, -21.767433930271672 ], [ -48.193194524837594, -21.767481750618941 ], [ -48.193235312350382, -21.767514572647936 ], [ -48.193325173069653, -21.767586553717216 ], [ -48.193379324333478, -21.767628907600876 ], [ -48.193400211061558, -21.767645243938521 ], [ -48.193437570813607, -21.767674674125335 ], [ -48.193522482189955, -21.767742035534045 ], [ -48.193584648742714, -21.767791353149065 ], [ -48.193609526306368, -21.767811628579807 ], [ -48.193804667036261, -21.767963889308401 ], [ -48.193807483869584, -21.767966087173988 ], [ -48.193809577606395, -21.767967562665749 ], [ -48.193815685951975, -21.767971253215432 ], [ -48.193822178471081, -21.767974318385139 ], [ -48.193828981965297, -21.767976723617338 ], [ -48.193836019730213, -21.767978441794703 ], [ -48.193843212420148, -21.767979453546143 ], [ -48.193850478942778, -21.767979747464839 ], [ -48.193857737373342, -21.767979320236972 ], [ -48.193864905878293, -21.767978176679325 ], [ -48.193871903637955, -21.767976329684672 ], [ -48.193878651757693, -21.767973800076415 ], [ -48.193885074157365, -21.767970616374104 ], [ -48.19389109842912, -21.767966814471691 ], [ -48.193919656745393, -21.767939151401428 ], [ -48.193975960096942, -21.767872696779602 ], [ -48.194003523398905, -21.767843113147556 ], [ -48.194111757745496, -21.767726886500931 ], [ -48.194180308609134, -21.767651709765794 ], [ -48.194324105366256, -21.767495307147481 ], [ -48.194203454412936, -21.767399714490221 ], [ -48.194266688247644, -21.767329453060604 ], [ -48.194146351784887, -21.767233430040367 ], [ -48.194309218629492, -21.767030906243093 ], [ -48.194338893673432, -21.766998347721504 ], [ -48.194340044638594, -21.766997084918341 ], [ -48.194317601684894, -21.766979236843994 ], [ -48.194316629613354, -21.766980303370442 ], [ -48.194297769938444, -21.766965018165685 ], [ -48.194299297502653, -21.766949175587641 ], [ -48.194290878992746, -21.766934100581523 ], [ -48.194271398952367, -21.766923039051065 ], [ -48.194257413290416, -21.766919622931791 ], [ -48.19425478272386, -21.766920691191746 ], [ -48.194252114294081, -21.766921674103504 ] ] ] } },
{ "type": "Feature", "properties": { "nome": "Edifício Carlos Gomes", "LAYER": "CONDOMINIOS" }, "geometry": { "type": "Polygon", "coordinates": [ [ [ -48.175741822391551, -21.801619586216219 ], [ -48.175756729042156, -21.801723716818433 ], [ -48.175771462454414, -21.801829812523295 ], [ -48.175775623392504, -21.80186346676507 ], [ -48.175779415545911, -21.801894138218312 ], [ -48.17578928534067, -21.801973966431664 ], [ -48.175818872060077, -21.802249383995044 ], [ -48.176029111024391, -21.802317414124314 ], [ -48.176045927326136, -21.802321704443223 ], [ -48.176055441977759, -21.802323250795347 ], [ -48.176069864673892, -21.802323756204419 ], [ -48.176081041026073, -21.802322147767942 ], [ -48.176092827983425, -21.802318465661529 ], [ -48.176100615038592, -21.802314635745869 ], [ -48.176110303704959, -21.802308602720444 ], [ -48.176123897007855, -21.802300049672553 ], [ -48.176135882492652, -21.802288900786728 ], [ -48.17614969362603, -21.802262264124828 ], [ -48.176334190347021, -21.801685607170644 ], [ -48.176151052569182, -21.801629333081785 ], [ -48.176073239870007, -21.801605422930219 ], [ -48.176040039928573, -21.801595717828409 ], [ -48.176006591232927, -21.801700782173118 ], [ -48.175962879499458, -21.801687563068992 ], [ -48.175773888647633, -21.801629446871562 ], [ -48.175741822391551, -21.801619586216219 ] ] ] } },
{ "type": "Feature", "properties": { "nome": "Condomínio Parque Amabille", "LAYER": "CONDOMINIOS" }, "geometry": { "type": "Polygon", "coordinates": [ [ [ -48.197449586018386, -21.799751631316216 ], [ -48.197442213140071, -21.799768711533147 ], [ -48.197435562821738, -21.79978604396328 ], [ -48.197429645205453, -21.799803602174247 ], [ -48.197424469315955, -21.799821359389675 ], [ -48.19742004304684, -21.799839288529238 ], [ -48.197416373148535, -21.799857362250773 ], [ -48.19741346521797, -21.799875552991544 ], [ -48.197411323690091, -21.799893833010216 ], [ -48.197409951831062, -21.799912174429434 ], [ -48.197409351733285, -21.799930549278155 ], [ -48.197409524312221, -21.799948929534267 ], [ -48.197410469304977, -21.79996728716759 ], [ -48.197412185270714, -21.79998559418226 ], [ -48.197414669592845, -21.800003822659569 ], [ -48.197417918483019, -21.800021944800822 ], [ -48.197421926986884, -21.800039932969149 ], [ -48.197426688991648, -21.800057759732201 ], [ -48.197432197235457, -21.80007539790374 ], [ -48.19743844331834, -21.800092820584943 ], [ -48.19744541771513, -21.800110001206008 ], [ -48.197453109789961, -21.800126913565766 ], [ -48.197461507812477, -21.800143531872521 ], [ -48.197470598975698, -21.800159830782796 ], [ -48.197480369415558, -21.800175785440317 ], [ -48.197490804232118, -21.800191371513719 ], [ -48.197968576639447, -21.800779925747037 ], [ -48.199337175925976, -21.799397546978302 ], [ -48.199943749928458, -21.798784352156503 ], [ -48.19934713825517, -21.798348523973747 ], [ -48.198118828821102, -21.799105986880207 ], [ -48.198068809154947, -21.799138820916184 ], [ -48.197907032334534, -21.799260591211333 ], [ -48.197841457491748, -21.799314288100753 ], [ -48.197475892105025, -21.79970221130306 ], [ -48.19746645339405, -21.799718331287902 ], [ -48.197457670212621, -21.799734829359998 ], [ -48.197449586018386, -21.799751631316216 ] ] ] } },
{ "type": "Feature", "properties": { "nome": "Condomínio Residencial Parque Authentic", "LAYER": "CONDOMINIOS" }, "geometry": { "type": "Polygon", "coordinates": [ [ [ -48.178434013425331, -21.80436193738899 ], [ -48.178344619222081, -21.804335270391288 ], [ -48.178254682512218, -21.80431036810981 ], [ -48.178243908961882, -21.804307436912286 ], [ -48.178149838016758, -21.804279125451867 ], [ -48.178115951430001, -21.80426892697653 ], [ -48.178115793438103, -21.804307038193041 ], [ -48.178115801052755, -21.804380517155661 ], [ -48.178117060056728, -21.804476654746871 ], [ -48.178118764480665, -21.80457312062644 ], [ -48.178170355207435, -21.804588625099218 ], [ -48.17822072632957, -21.804603763028155 ], [ -48.178277846743811, -21.804619786408036 ], [ -48.178327170265042, -21.804633622590519 ], [ -48.178380566190953, -21.804648601140673 ], [ -48.17861551266715, -21.804716943752808 ], [ -48.178702808805362, -21.80443924050148 ], [ -48.178522881869611, -21.804387451109172 ], [ -48.178434013425331, -21.80436193738899 ] ] ] } },
{ "type": "Feature", "properties": { "nome": "Condomínio Residencial Acácia Residence", "LAYER": "CONDOMINIOS" }, "geometry": { "type": "Polygon", "coordinates": [ [ [ -48.170159293539704, -21.806858640312146 ], [ -48.170182034822574, -21.806858216342789 ], [ -48.170196855158309, -21.806853885809169 ], [ -48.170845597567052, -21.806387124938173 ], [ -48.170856466405276, -21.806370220303613 ], [ -48.170860185587976, -21.806350773374387 ], [ -48.170856268453846, -21.806331328828374 ], [ -48.170845227572165, -21.806314431030831 ], [ -48.170646857988082, -21.806050788613959 ], [ -48.169675310417709, -21.806306181744802 ], [ -48.170119810904708, -21.806839045326942 ], [ -48.170137738827414, -21.806851999365204 ], [ -48.170159293539704, -21.806858640312146 ] ] ] } },
{ "type": "Feature", "properties": { "nome": "Condomínio Residencial Vitta Campus Ville II", "LAYER": "CONDOMINIOS" }, "geometry": { "type": "Polygon", "coordinates": [ [ [ -48.190729822611679, -21.813150230984409 ], [ -48.190835883629056, -21.813287656452715 ], [ -48.191653862944932, -21.814347519151898 ], [ -48.191772898663451, -21.814178687025464 ], [ -48.191820629744171, -21.814110988372946 ], [ -48.192000505712102, -21.813855863256013 ], [ -48.192191986555514, -21.813584277147758 ], [ -48.192234451832952, -21.813524046499364 ], [ -48.192406555262444, -21.813279955320507 ], [ -48.19131128773499, -21.811893473991613 ], [ -48.190810815467273, -21.812449212701633 ], [ -48.191135966092169, -21.812867447332366 ], [ -48.190729822611679, -21.813150230984409 ] ] ] } },
{ "type": "Feature", "properties": { "nome": "Condomínio Residencial Vitta Campus Ville I", "LAYER": "CONDOMINIOS" }, "geometry": { "type": "Polygon", "coordinates": [ [ [ -48.191399120636454, -21.814708826431232 ], [ -48.191570714453391, -21.814465450971191 ], [ -48.191653862944932, -21.814347519151898 ], [ -48.190835883629056, -21.813287656452715 ], [ -48.190513421771264, -21.813514989892184 ], [ -48.190212723900324, -21.813113607531719 ], [ -48.189721912553864, -21.813658822486602 ], [ -48.191008898548795, -21.815262283259795 ], [ -48.191150500999406, -21.815061447411992 ], [ -48.191327574530263, -21.814810301591891 ], [ -48.191399120636454, -21.814708826431232 ] ] ] } },
{ "type": "Feature", "properties": { "nome": "Condomínio Residencial Aster", "LAYER": "CONDOMINIOS" }, "geometry": { "type": "Polygon", "coordinates": [ [ [ -48.200450639902236, -21.800397929649986 ], [ -48.20047910426495, -21.800391243725979 ], [ -48.200505084835896, -21.800377614405736 ], [ -48.201902788577975, -21.799360322872545 ], [ -48.201913334228756, -21.799338933949933 ], [ -48.201919332935553, -21.799315841267138 ], [ -48.201917573826613, -21.799289009575439 ], [ -48.201905347515009, -21.799265540753503 ], [ -48.201889985697321, -21.799244256923465 ], [ -48.201596497037393, -21.798887312512779 ], [ -48.201555592414373, -21.798843459360786 ], [ -48.201529348970965, -21.798829690165871 ], [ -48.201499824233323, -21.798831917679877 ], [ -48.20146977916842, -21.798844770699151 ], [ -48.20144899045296, -21.798858186624312 ], [ -48.200068948092166, -21.799860640816075 ], [ -48.200049505886966, -21.799878109863908 ], [ -48.200038010977011, -21.799905936104146 ], [ -48.200035139326772, -21.799932074151016 ], [ -48.200042155036158, -21.799958502019322 ], [ -48.200376717435823, -21.800361769134508 ], [ -48.200401941683573, -21.800385333945076 ], [ -48.200423738608812, -21.800395658896953 ], [ -48.200450639902236, -21.800397929649986 ] ] ] } },
{ "type": "Feature", "properties": { "nome": "Condomínio Residencial Vale Supremo", "LAYER": "CONDOMINIOS" }, "geometry": { "type": "Polygon", "coordinates": [ [ [ -48.163110984404568, -21.810746091140199 ], [ -48.16292718369828, -21.810900482594693 ], [ -48.163380800611897, -21.81128036997308 ], [ -48.163722742962698, -21.811566073216582 ], [ -48.164025608737894, -21.811449450831432 ], [ -48.164182417056274, -21.811389069453845 ], [ -48.164404218504309, -21.811303661147761 ], [ -48.164408206474143, -21.811302115147846 ], [ -48.163971890378363, -21.810931529321344 ], [ -48.163432796403015, -21.810475486620557 ], [ -48.163420756624149, -21.810464872062642 ], [ -48.163362257110414, -21.810524655648571 ], [ -48.163303933495605, -21.810584014477914 ], [ -48.163210608726402, -21.810662407085967 ], [ -48.163110984404568, -21.810746091140199 ] ] ] } },
{ "type": "Feature", "properties": { "nome": "Condominio Residencial Vila das Cerejeiras", "LAYER": "CONDOMINIOS" }, "geometry": { "type": "Polygon", "coordinates": [ [ [ -48.185046529961383, -21.74486069719633 ], [ -48.184928919193446, -21.745203508552621 ], [ -48.184824970724989, -21.745547022044331 ], [ -48.185596422294019, -21.745593975134391 ], [ -48.185507698446109, -21.746098719164412 ], [ -48.186237033382902, -21.746189113398245 ], [ -48.186250117992394, -21.746187498320179 ], [ -48.186257013447459, -21.74618561745374 ], [ -48.186269959639766, -21.746179843166999 ], [ -48.186281287980066, -21.746171620071468 ], [ -48.186290476207503, -21.746161327269686 ], [ -48.186297100725334, -21.746149439282064 ], [ -48.186300856129648, -21.74613650417044 ], [ -48.18630159838181, -21.746129829154558 ], [ -48.18629995249912, -21.745416834806246 ], [ -48.186298637119592, -21.744896559563408 ], [ -48.185046529961383, -21.74486069719633 ] ] ] } },
{ "type": "Feature", "properties": { "nome": "Condominio Residencial Vila Das Cerejeiras 2", "LAYER": "CONDOMINIOS" }, "geometry": { "type": "Polygon", "coordinates": [ [ [ -48.186301422151914, -21.744107881328958 ], [ -48.185379182603498, -21.744109253244744 ], [ -48.185307803880853, -21.744295366392119 ], [ -48.1852718094298, -21.744358317570207 ], [ -48.185250793088287, -21.74438928287563 ], [ -48.185217644732155, -21.744432691809681 ], [ -48.185174794025457, -21.74451338460139 ], [ -48.185046529961383, -21.74486069719633 ], [ -48.186298637119592, -21.744896559563408 ], [ -48.186301422151914, -21.744107881328958 ] ] ] } },
{ "type": "Feature", "properties": { "nome": "Condomínio Residencial Village Damha II", "LAYER": "CONDOMINIOS" }, "geometry": { "type": "Polygon", "coordinates": [ [ [ -48.191432658145004, -21.76031324337475 ], [ -48.191411936336635, -21.760357366973206 ], [ -48.191389685151904, -21.760400835833739 ], [ -48.191365928260552, -21.760443603713796 ], [ -48.191340690934176, -21.760485625116484 ], [ -48.191314000019332, -21.760526855338995 ], [ -48.191285883909032, -21.760567250520126 ], [ -48.191256372512456, -21.760606767686987 ], [ -48.191225497223236, -21.76064536480072 ], [ -48.19119329088597, -21.76068300080123 ], [ -48.19115978776135, -21.760719635650773 ], [ -48.191125023489683, -21.760755230376688 ], [ -48.19108903505299, -21.760789747112796 ], [ -48.191086839733892, -21.760792353914262 ], [ -48.191084742017566, -21.760795029928175 ], [ -48.191082744402571, -21.760797771967095 ], [ -48.191080849268282, -21.760800576764986 ], [ -48.191079058871978, -21.760803440981093 ], [ -48.191077375346204, -21.760806361203855 ], [ -48.191075800696204, -21.760809333954981 ], [ -48.191074336797556, -21.760812355693645 ], [ -48.191072985393909, -21.760815422820691 ], [ -48.191071748094892, -21.760818531682833 ], [ -48.191070626374291, -21.760821678577145 ], [ -48.191069621568175, -21.760824859755363 ], [ -48.191068734873376, -21.760828071428403 ], [ -48.191067967346051, -21.760831309770843 ], [ -48.191067319900384, -21.760834570925514 ], [ -48.191066793307577, -21.760837851008034 ], [ -48.191066388194848, -21.760841146111542 ], [ -48.191066105044733, -21.760844452311247 ], [ -48.191065944194513, -21.760847765669116 ], [ -48.191065905835771, -21.760851082238638 ], [ -48.191065990014209, -21.760854398069448 ], [ -48.191066196629563, -21.76085770921209 ], [ -48.191066525435758, -21.76086101172265 ], [ -48.191066976041149, -21.76086430166751 ], [ -48.191067547909043, -21.760867575128035 ], [ -48.191068240358284, -21.760870828205213 ], [ -48.191069052564103, -21.760874057024314 ], [ -48.191069983559117, -21.760877257739491 ], [ -48.19107103223439, -21.760880426538385 ], [ -48.191072197340887, -21.760883559646643 ], [ -48.191073477490846, -21.76088665333242 ], [ -48.191074871159493, -21.760889703910834 ], [ -48.191076376686844, -21.760892707748358 ], [ -48.191077992279659, -21.760895661267107 ], [ -48.191079716013633, -21.760898560949158 ], [ -48.191081545835623, -21.760901403340711 ], [ -48.191083479566139, -21.760904185056187 ], [ -48.191085514901935, -21.760906902782303 ], [ -48.191087649418719, -21.760909553281962 ], [ -48.191089880574083, -21.760912133398154 ], [ -48.191092205710504, -21.76091464005772 ], [ -48.191094622058515, -21.760917070274978 ], [ -48.191097126740011, -21.760919421155272 ], [ -48.191099716771689, -21.760921689898524 ], [ -48.19110238906854, -21.760923873802376 ], [ -48.191105140447625, -21.760925970265621 ], [ -48.191107967631766, -21.760927976791137 ], [ -48.191110867253514, -21.760929890988979 ], [ -48.191113835859134, -21.760931710579122 ], [ -48.191116869912733, -21.760933433394261 ], [ -48.191119965800446, -21.760935057382355 ], [ -48.191123119834756, -21.760936580609062 ], [ -48.19112632825891, -21.760938001260104 ], [ -48.191129587251353, -21.760939317643295 ], [ -48.191132892930298, -21.760940528190698 ], [ -48.191136241358357, -21.760941631460454 ], [ -48.191139628547212, -21.760942626138444 ], [ -48.191143050462394, -21.760943511039901 ], [ -48.191146503028072, -21.760944285110828 ], [ -48.19378453859477, -21.761038163333936 ], [ -48.19379636154892, -21.761038774059472 ], [ -48.193808154820935, -21.761039766366419 ], [ -48.193819904301812, -21.761041139067654 ], [ -48.193831595934967, -21.761042890520915 ], [ -48.193843215733004, -21.761045018630867 ], [ -48.193854749794468, -21.76104752085152 ], [ -48.19386618432047, -21.761050394189354 ], [ -48.193877505631221, -21.761053635206814 ], [ -48.193888700182349, -21.761057240026503 ], [ -48.193899754581146, -21.76106120433575 ], [ -48.193910655602529, -21.761065523391835 ], [ -48.193921390204984, -21.761070192027631 ], [ -48.193931945546019, -21.761075204657782 ], [ -48.193942308997642, -21.761080555285364 ], [ -48.193988152504488, -21.761054617872009 ], [ -48.194375270751948, -21.760727419963349 ], [ -48.19534968970823, -21.759903815647956 ], [ -48.195404424770189, -21.759856671073038 ], [ -48.195457566574738, -21.759807961803887 ], [ -48.195509063887968, -21.759757734802097 ], [ -48.195558867061685, -21.759706038492507 ], [ -48.195619899434561, -21.759633136826043 ], [ -48.195658229392606, -21.759582037451786 ], [ -48.195694791201198, -21.759529819648893 ], [ -48.195729547494331, -21.759476536786178 ], [ -48.19576246275146, -21.759422243320895 ], [ -48.19579350333381, -21.759366994743147 ], [ -48.19582263751866, -21.759310847519167 ], [ -48.196187509187588, -21.758488199711415 ], [ -48.196286446260309, -21.758265131947116 ], [ -48.196056015207439, -21.758173790455153 ], [ -48.194595072668015, -21.757628268688418 ], [ -48.194323652087462, -21.757487840394681 ], [ -48.194173929945691, -21.757384574486768 ], [ -48.194096276153651, -21.757319596716599 ], [ -48.193991752526642, -21.757225825250401 ], [ -48.193863337956913, -21.757086464707804 ], [ -48.193772109092102, -21.756960833049831 ], [ -48.193694602517724, -21.756837563205565 ], [ -48.193624782193837, -21.756693942235913 ], [ -48.19355721444618, -21.756530438258892 ], [ -48.193483431275631, -21.756269812582691 ], [ -48.193317054306021, -21.755639136151753 ], [ -48.193231852903708, -21.755365318135084 ], [ -48.193204715911698, -21.75503491290284 ], [ -48.193152204601198, -21.754985489024481 ], [ -48.193057102527135, -21.754970055239262 ], [ -48.193005497045206, -21.754998127692428 ], [ -48.192952917042732, -21.755063299271239 ], [ -48.192917589419956, -21.755128165910072 ], [ -48.192422578498601, -21.75515663310415 ], [ -48.192319701013105, -21.755154379965841 ], [ -48.192284749680745, -21.755214381407811 ], [ -48.192283139545196, -21.755561044986536 ], [ -48.192299596347858, -21.755672247928437 ], [ -48.192290461770853, -21.75577187314871 ], [ -48.192288700796645, -21.755858656057011 ], [ -48.192224432863526, -21.756307192719859 ], [ -48.192077259686009, -21.757083799851852 ], [ -48.191904725777881, -21.758017739443204 ], [ -48.191724677174506, -21.758960988656593 ], [ -48.191635855626259, -21.759478975123393 ], [ -48.191528904309585, -21.760009745594164 ], [ -48.191451828534305, -21.760268511977472 ], [ -48.191432658145004, -21.76031324337475 ] ] ] } },
{ "type": "Feature", "properties": { "nome": "Edifício Sete Quedas", "LAYER": "CONDOMINIOS" }, "geometry": { "type": "Polygon", "coordinates": [ [ [ -48.156970292532442, -21.785574879476389 ], [ -48.156908919515139, -21.785965209492105 ], [ -48.157210693323933, -21.786010556660734 ], [ -48.157347818476687, -21.786026917933249 ], [ -48.157418271705545, -21.785578756525055 ], [ -48.157269638646085, -21.785559527228511 ], [ -48.157032334366292, -21.785526018416977 ], [ -48.157030476755367, -21.785525786838011 ], [ -48.157028611657232, -21.785525615621555 ], [ -48.157026741319761, -21.78552550497395 ], [ -48.157024867997158, -21.785525455028576 ], [ -48.157022993947237, -21.785525465845616 ], [ -48.157021121428677, -21.785525537412042 ], [ -48.157019252698305, -21.785525669641569 ], [ -48.15701739000842, -21.785525862374865 ], [ -48.157015535603982, -21.785526115379628 ], [ -48.15701369172001, -21.785526428350916 ], [ -48.157011860578834, -21.785526800911541 ], [ -48.157010044387413, -21.785527232612466 ], [ -48.157008245334701, -21.78552772293337 ], [ -48.157006465588999, -21.785528271283326 ], [ -48.1570047072953, -21.78552887700144 ], [ -48.157002972572805, -21.785529539357647 ], [ -48.157001263512264, -21.785530257553663 ], [ -48.156999582173505, -21.785531030723899 ], [ -48.156997930582953, -21.78553185793648 ], [ -48.156996310731166, -21.785532738194433 ], [ -48.15699472457046, -21.785533670436827 ], [ -48.156993174012548, -21.785534653540076 ], [ -48.156991660926217, -21.785535686319303 ], [ -48.156990187135115, -21.785536767529763 ], [ -48.156988754415515, -21.785537895868348 ], [ -48.156987364494192, -21.785539069975126 ], [ -48.156986019046307, -21.785540288435012 ], [ -48.156984719693497, -21.78554154977947 ], [ -48.156983468001776, -21.785542852488277 ], [ -48.156982265479733, -21.785544194991349 ], [ -48.156981113576713, -21.78554557567066 ], [ -48.156980013681029, -21.785546992862134 ], [ -48.156978967118313, -21.785548444857724 ], [ -48.15697797514995, -21.785549929907425 ], [ -48.15697703897149, -21.785551446221397 ], [ -48.156976159711256, -21.785552991972111 ], [ -48.156975338428971, -21.785554565296561 ], [ -48.156974576114493, -21.785556164298502 ], [ -48.156973873686582, -21.785557787050763 ], [ -48.156973231991834, -21.785559431597537 ], [ -48.15697265180367, -21.78556109595673 ], [ -48.156972133821334, -21.785562778122401 ], [ -48.156971678669137, -21.785564476067133 ], [ -48.156971286895654, -21.785566187744454 ], [ -48.156970958973055, -21.785567911091444 ], [ -48.156970695296572, -21.785569644031007 ], [ -48.156970496184009, -21.785571384474547 ], [ -48.156970361875345, -21.785573130324398 ], [ -48.156970292532442, -21.785574879476389 ] ] ] } },
{ "type": "Feature", "properties": { "nome": "Residencial Nova América\n", "LAYER": "CONDOMINIOS" }, "geometry": { "type": "Polygon", "coordinates": [ [ [ -48.140751239785317, -21.777179371770458 ], [ -48.140113139761901, -21.778396924351881 ], [ -48.140112546141005, -21.778398245324947 ], [ -48.140112001836812, -21.778399584700843 ], [ -48.140111507501857, -21.778400940873855 ], [ -48.14011106372876, -21.778402312218191 ], [ -48.140110671049534, -21.778403697089843 ], [ -48.14011032993492, -21.778405093828571 ], [ -48.140110040793871, -21.778406500759967 ], [ -48.140109803973019, -21.778407916197342 ], [ -48.140109619756252, -21.778409338443865 ], [ -48.140109488364438, -21.778410765794469 ], [ -48.14010940995508, -21.778412196538028 ], [ -48.140109384622185, -21.778413628959342 ], [ -48.140109412396129, -21.778415061341175 ], [ -48.140109493243607, -21.778416491966343 ], [ -48.140109627067709, -21.778417919119807 ], [ -48.140109813707987, -21.778419341090629 ], [ -48.14011005294072, -21.778420756174125 ], [ -48.140110344479098, -21.778422162673859 ], [ -48.140110687973596, -21.778423558903697 ], [ -48.140111083012464, -21.77842494318978 ], [ -48.140111529122102, -21.77842631387259 ], [ -48.140112025767706, -21.77842766930894 ], [ -48.140112572353893, -21.778429007873882 ], [ -48.140113168225383, -21.778430327962724 ], [ -48.140113812667863, -21.778431627992891 ], [ -48.140114504908723, -21.778432906405868 ], [ -48.140115244118121, -21.778434161669104 ], [ -48.140116029409853, -21.778435392277704 ], [ -48.140116859842507, -21.778436596756418 ], [ -48.140117734420535, -21.77843777366127 ], [ -48.140118652095467, -21.77843892158138 ], [ -48.140119611767169, -21.778440039140534 ], [ -48.140120612285187, -21.778441124999055 ], [ -48.140121652450034, -21.778442177855116 ], [ -48.14012273101477, -21.77844319644656 ], [ -48.140123846686386, -21.77844417955227 ], [ -48.140124998127348, -21.77844512599367 ], [ -48.140126183957314, -21.778446034636143 ], [ -48.140127402754672, -21.778446904390385 ], [ -48.140128653058291, -21.778447734213714 ], [ -48.140129933369288, -21.778448523111297 ], [ -48.140131242152783, -21.778449270137415 ], [ -48.140132577839772, -21.778449974396487 ], [ -48.140133938829003, -21.778450635044244 ], [ -48.140135323488892, -21.778451251288676 ], [ -48.140136730159462, -21.778451822391027 ], [ -48.140138157154368, -21.778452347666619 ], [ -48.140139602762879, -21.778452826485758 ], [ -48.140141065251996, -21.778453258274421 ], [ -48.140142542868389, -21.778453642514958 ], [ -48.140144033840713, -21.778453978746736 ], [ -48.140145536381517, -21.778454266566673 ], [ -48.140147048689535, -21.778454505629725 ], [ -48.140148568951744, -21.778454695649298 ], [ -48.140150095345639, -21.778454836397589 ], [ -48.140880445797926, -21.77859047209029 ], [ -48.141022986794894, -21.777969128827692 ], [ -48.142089846220323, -21.778170009186891 ], [ -48.142228095566097, -21.777702382159369 ], [ -48.142395387390749, -21.777685900324837 ], [ -48.142381246240021, -21.777566955300834 ], [ -48.142380592819187, -21.777564451248068 ], [ -48.142379847687458, -21.777561969639134 ], [ -48.142379011724415, -21.777559513403467 ], [ -48.142378085916896, -21.777557085440513 ], [ -48.142377071357735, -21.77755468861638 ], [ -48.142375969244611, -21.777552325760389 ], [ -48.142374780878512, -21.777549999661783 ], [ -48.142373507662249, -21.777547713066408 ], [ -48.14237215109879, -21.777545468673488 ], [ -48.142370712789507, -21.777543269132416 ], [ -48.142369194432248, -21.777541117039625 ], [ -48.14236759781938, -21.777539014935599 ], [ -48.142365924835602, -21.777536965301721 ], [ -48.142364177455825, -21.777534970557497 ], [ -48.142362357742726, -21.77753303305764 ], [ -48.142360467844398, -21.777531155089243 ], [ -48.14235850999178, -21.777529338869208 ], [ -48.142356486496013, -21.777527586541442 ], [ -48.142354399745749, -21.77752590017451 ], [ -48.142352252204283, -21.777524281759067 ], [ -48.142350046406712, -21.777522733205586 ], [ -48.14234778495684, -21.777521256342052 ], [ -48.142345470524219, -21.77751985291183 ], [ -48.142343105840922, -21.777518524571608 ], [ -48.142340693698323, -21.777517272889398 ], [ -48.142338236943864, -21.777516099342801 ], [ -48.14233573847762, -21.777515005317071 ], [ -48.140844217466892, -21.777151039337504 ], [ -48.140841078273667, -21.777150363343985 ], [ -48.140837915699251, -21.777149790261799 ], [ -48.140834733609509, -21.777149320791509 ], [ -48.140831535894165, -21.777148955506949 ], [ -48.140828326462035, -21.777148694854677 ], [ -48.140825109236282, -21.77714853915327 ], [ -48.140821888149553, -21.777148488593063 ], [ -48.140818667139257, -21.777148543235857 ], [ -48.140815450142682, -21.777148703014877 ], [ -48.140812241092235, -21.777148967734778 ], [ -48.140809043910586, -21.777149337071997 ], [ -48.1408058625059, -21.777149810575068 ], [ -48.140802700767075, -21.777150387665166 ], [ -48.140799562558946, -21.777151067636865 ], [ -48.140796451717605, -21.777151849659017 ], [ -48.140793372045671, -21.777152732775644 ], [ -48.140790327307684, -21.777153715907293 ], [ -48.140787321225467, -21.777154797852159 ], [ -48.140784357473599, -21.777155977287723 ], [ -48.140781439674903, -21.777157252772227 ], [ -48.140778571396048, -21.777158622746612 ], [ -48.140775756143157, -21.777160085536181 ], [ -48.140772997357537, -21.777161639352872 ], [ -48.140770298411482, -21.77716328229733 ], [ -48.140767662604127, -21.777165012361266 ], [ -48.140765093157448, -21.777166827429856 ], [ -48.140762593212258, -21.777168725284419 ], [ -48.14076016582446, -21.777170703605044 ], [ -48.140757813961258, -21.777172759973475 ], [ -48.140755540497516, -21.777174891876033 ], [ -48.140753348212272, -21.777177096706751 ], [ -48.140751239785317, -21.777179371770458 ] ] ] } },
{ "type": "Feature", "properties": { "nome": "Condomínio Residencial Ágata", "LAYER": "CONDOMINIOS" }, "geometry": { "type": "Polygon", "coordinates": [ [ [ -48.155459322746623, -21.761535619981014 ], [ -48.154525375290994, -21.762920875195483 ], [ -48.154935532082405, -21.763159355132295 ], [ -48.155875408417735, -21.761791865887361 ], [ -48.155459322746623, -21.761535619981014 ] ] ] } },
{ "type": "Feature", "properties": { "nome": "Condomínio Residencial Ipê Rosa", "LAYER": "CONDOMINIOS" }, "geometry": { "type": "Polygon", "coordinates": [ [ [ -48.190373603212933, -21.764879002700294 ], [ -48.190574388422945, -21.764951665014529 ], [ -48.190903220094526, -21.765070883750358 ], [ -48.191116741924638, -21.763998116820318 ], [ -48.19111372338368, -21.763976158308907 ], [ -48.191110709856616, -21.763963353033351 ], [ -48.191108717243615, -21.763959258758707 ], [ -48.191104948569475, -21.763952922237664 ], [ -48.191100526416996, -21.763946966207804 ], [ -48.191095494606344, -21.763941449688748 ], [ -48.191089902998918, -21.763936427344795 ], [ -48.191083807003245, -21.763931948943487 ], [ -48.191077267025932, -21.763928058862387 ], [ -48.191070347873065, -21.763924795648968 ], [ -48.191040467598242, -21.763918608876011 ], [ -48.190695747547394, -21.763836214841561 ], [ -48.19032306160851, -21.763754209041423 ], [ -48.190232845824362, -21.76374064967413 ], [ -48.190205039645981, -21.763742703045729 ], [ -48.190177021068635, -21.76375430909064 ], [ -48.190154336119924, -21.763771705142258 ], [ -48.190138090009164, -21.763796031989298 ], [ -48.19013110885529, -21.763823020131888 ], [ -48.190132340612934, -21.763856985142247 ], [ -48.190220470122085, -21.764824138285661 ], [ -48.190373603212933, -21.764879002700294 ] ] ] } },
{ "type": "Feature", "properties": { "nome": "CONDOMÍNIO HERMÍNIO PAGOTTO", "LAYER": "CONDOMINIOS" }, "geometry": { "type": "Polygon", "coordinates": [ [ [ -48.180167521680453, -21.764986058102775 ], [ -48.180123939863385, -21.765069668532064 ], [ -48.17999961052962, -21.765311100964979 ], [ -48.179874739076809, -21.765559451928254 ], [ -48.179753131162393, -21.765810682499122 ], [ -48.179796240343272, -21.765822605516611 ], [ -48.180927014886969, -21.766055027836419 ], [ -48.180956141328636, -21.765897817407222 ], [ -48.18096356639073, -21.765866714827272 ], [ -48.180969547150667, -21.765832515606689 ], [ -48.180988032548356, -21.765522747262438 ], [ -48.180873528082344, -21.765487557873495 ], [ -48.180858276275274, -21.765483659666291 ], [ -48.18084317814089, -21.765479270409724 ], [ -48.18082825179237, -21.76547439536958 ], [ -48.180813515136776, -21.765469040394422 ], [ -48.180798985853599, -21.765463211908642 ], [ -48.180784681373538, -21.765456916904643 ], [ -48.180770618857586, -21.76545016293456 ], [ -48.180756815176444, -21.765442958101108 ], [ -48.180743286890277, -21.765435311047884 ], [ -48.180730050228874, -21.765427230949069 ], [ -48.180717121072121, -21.765418727498307 ], [ -48.180704514931008, -21.765409810897182 ], [ -48.180692246928984, -21.765400491842886 ], [ -48.18068033178384, -21.76539078151546 ], [ -48.180668783790011, -21.765380691564321 ], [ -48.180657616801476, -21.765370234094384 ], [ -48.180646844215119, -21.765359421651354 ], [ -48.180636478954625, -21.76534826720691 ], [ -48.180626533455019, -21.76533678414291 ], [ -48.180617019647762, -21.765324986235559 ], [ -48.18060794894636, -21.765312887638704 ], [ -48.180599332232738, -21.765300502866964 ], [ -48.180591179844185, -21.765287846778232 ], [ -48.180583501560918, -21.765274934555933 ], [ -48.180576306594361, -21.765261781690722 ], [ -48.180569603576124, -21.765248403961998 ], [ -48.180563400547591, -21.765234817418907 ], [ -48.180557704950338, -21.76522103836108 ], [ -48.180552523617159, -21.765207083319112 ], [ -48.180547862763881, -21.765192969034722 ], [ -48.180543727981934, -21.765178712440687 ], [ -48.180540124231605, -21.765164330640467 ], [ -48.180537055836098, -21.765149840887723 ], [ -48.180534526476379, -21.765135260565661 ], [ -48.180532539186707, -21.765120607166107 ], [ -48.180531096351039, -21.765105898268558 ], [ -48.180530199700165, -21.765091151519105 ], [ -48.180529850309625, -21.765076384609205 ], [ -48.180530048598399, -21.765061615254506 ], [ -48.180506156789079, -21.765040746443663 ], [ -48.180174551254659, -21.764970145921247 ], [ -48.180167521680453, -21.764986058102775 ] ] ] } },
{ "type": "Feature", "properties": { "nome": null, "LAYER": "CONDOMINIOS" }, "geometry": { "type": "Polygon", "coordinates": [ [ [ -48.181538081292409, -21.764922378203678 ], [ -48.181576055721123, -21.764931371336775 ], [ -48.181820146644917, -21.764987459253149 ], [ -48.181980311417753, -21.764312581422729 ], [ -48.182014498398296, -21.764167843319296 ], [ -48.18201430219176, -21.764149774826983 ], [ -48.182013262005825, -21.764145108710593 ], [ -48.182008213443758, -21.764137556721654 ], [ -48.18191064926858, -21.764063665216732 ], [ -48.181895165865598, -21.764052458280307 ], [ -48.181603840604751, -21.763841312318306 ], [ -48.181230088838902, -21.763572549412238 ], [ -48.181212763754978, -21.763577742166319 ], [ -48.181168277780849, -21.763636260455499 ], [ -48.181124123792571, -21.763694818533036 ], [ -48.181072575540604, -21.763758239180053 ], [ -48.181037081220417, -21.763801075796579 ], [ -48.180973514979073, -21.763872599457194 ], [ -48.180968790839437, -21.763876957355365 ], [ -48.180486102256324, -21.764341982908885 ], [ -48.180252579793624, -21.764530700127654 ], [ -48.180239928656135, -21.764832692665028 ], [ -48.180220964290079, -21.764871009540986 ], [ -48.180541930821335, -21.764932568270208 ], [ -48.180621948576594, -21.764829982999085 ], [ -48.180637039003912, -21.764815277299778 ], [ -48.180653320616429, -21.764799410778991 ], [ -48.180665881661454, -21.764787169967924 ], [ -48.180682557221211, -21.764771814548705 ], [ -48.180711966447205, -21.764751373635541 ], [ -48.180744169358093, -21.764733397492488 ], [ -48.180755617206508, -21.764726805086834 ], [ -48.180772116378826, -21.764722051961499 ], [ -48.180786373625509, -21.764715873325507 ], [ -48.180800852898891, -21.76471016295628 ], [ -48.180815536579459, -21.764704927802608 ], [ -48.180830406798982, -21.764700174235074 ], [ -48.180845445462218, -21.764695908038178 ], [ -48.180860634268996, -21.764692134403393 ], [ -48.180875954736415, -21.764688857922749 ], [ -48.180891388221362, -21.764686082583356 ], [ -48.180906915943211, -21.764683811762463 ], [ -48.18092251900665, -21.764682048223406 ], [ -48.180958413235956, -21.764677262247897 ], [ -48.181005961322661, -21.764679709613315 ], [ -48.181009256573368, -21.764680171180785 ], [ -48.181033088114845, -21.764683509275173 ], [ -48.181038796483648, -21.764684308848317 ], [ -48.181047768823454, -21.764686329089677 ], [ -48.181070943564556, -21.764691189309428 ], [ -48.181085523220347, -21.764693767282864 ], [ -48.181094854932887, -21.76469574412581 ], [ -48.181109209427106, -21.76470040027106 ], [ -48.18115056125702, -21.764715964063289 ], [ -48.181156041690386, -21.764717756422836 ], [ -48.181166910050891, -21.764722674294475 ], [ -48.181180903857125, -21.764729357836863 ], [ -48.18119463959534, -21.764736493237425 ], [ -48.181208100550776, -21.764744071813254 ], [ -48.181221270343045, -21.76475208434217 ], [ -48.181234132946059, -21.76476052107391 ], [ -48.181246672707523, -21.764769371742005 ], [ -48.181258874368019, -21.764778625576273 ], [ -48.18126816818954, -21.764784726154449 ], [ -48.181291901405174, -21.764810249963698 ], [ -48.181296299357278, -21.764814979725678 ], [ -48.181335391410144, -21.764859026666713 ], [ -48.18133662586385, -21.764860886165984 ], [ -48.181351221700673, -21.764882015554491 ], [ -48.18135321850621, -21.764883257020294 ], [ -48.181366383493412, -21.764885462937354 ], [ -48.181538081292409, -21.764922378203678 ] ] ] } },
{ "type": "Feature", "properties": { "nome": "RECANTO DAS PRIMAVERAS", "LAYER": "CONDOMINIOS" }, "geometry": { "type": "Polygon", "coordinates": [ [ [ -48.191246225909836, -21.763315964335614 ], [ -48.191378442342824, -21.762651327347161 ], [ -48.190175164728061, -21.762405277932611 ], [ -48.190112188397414, -21.763479691143328 ], [ -48.190112814154482, -21.763486565725149 ], [ -48.190114205091589, -21.763493341865175 ], [ -48.1901163460156, -21.763499945547505 ], [ -48.190119213541259, -21.763506304639805 ], [ -48.19012277634662, -21.763512349681822 ], [ -48.190126995515186, -21.763518014643218 ], [ -48.190131824960964, -21.763523237645565 ], [ -48.190137211931862, -21.763527961637902 ], [ -48.190143097585889, -21.763532135019879 ], [ -48.190149417633968, -21.763535712205641 ], [ -48.190154131373681, -21.763537868593705 ], [ -48.190169537844682, -21.763543821732362 ], [ -48.190293444717639, -21.763571347404426 ], [ -48.190373949092972, -21.763166887116732 ], [ -48.190512975640281, -21.763191165948349 ], [ -48.190653452029693, -21.763215697972434 ], [ -48.19080246630115, -21.763241721005269 ], [ -48.190803951040849, -21.763234231794691 ], [ -48.190944461749815, -21.763260198355521 ], [ -48.191087572423477, -21.76328664526347 ], [ -48.191246225909836, -21.763315964335614 ] ] ] } },
{ "type": "Feature", "properties": { "nome": null, "LAYER": "CONDOMINIOS" }, "geometry": { "type": "Polygon", "coordinates": [ [ [ -48.173026674163843, -21.761612320904959 ], [ -48.172912708466221, -21.761799648319919 ], [ -48.172854817305478, -21.761894480220533 ], [ -48.172726846342876, -21.762096210354269 ], [ -48.173232351436454, -21.762363327360042 ], [ -48.173298747466887, -21.762253545764001 ], [ -48.173374380696714, -21.762128304969156 ], [ -48.173449991457971, -21.762003101096667 ], [ -48.17352602161295, -21.761878483838402 ], [ -48.173583535141596, -21.761783327211322 ], [ -48.173641136622578, -21.761688027852525 ], [ -48.173696655209831, -21.761596190465312 ], [ -48.173707720898619, -21.761579786194385 ], [ -48.17320533386382, -21.761313750855592 ], [ -48.173140447933314, -21.761423633089819 ], [ -48.173083537523262, -21.761518016093266 ], [ -48.173026674163843, -21.761612320904959 ] ] ] } },
{ "type": "Feature", "properties": { "nome": null, "LAYER": "CONDOMINIOS" }, "geometry": { "type": "Polygon", "coordinates": [ [ [ -48.144780045523639, -21.81267856614291 ], [ -48.144817532824128, -21.81284776963377 ], [ -48.14485848660879, -21.813033974994873 ], [ -48.144886299402373, -21.813157459135802 ], [ -48.144921545229856, -21.813313418263185 ], [ -48.144974362101919, -21.813551921294636 ], [ -48.14506283761343, -21.813533689795662 ], [ -48.145156002754959, -21.813514375128847 ], [ -48.145249922887345, -21.813495659961003 ], [ -48.145344879951217, -21.813476046020309 ], [ -48.145441481446944, -21.813455872947831 ], [ -48.145533088406999, -21.81343539253184 ], [ -48.145535171380196, -21.813434941481919 ], [ -48.145495084959464, -21.813248665904958 ], [ -48.145350541265756, -21.812564369699075 ], [ -48.144967214915418, -21.81264376828134 ], [ -48.144780045523639, -21.81267856614291 ] ] ] } },
{ "type": "Feature", "properties": { "nome": "Condominio Residencial Paraiso", "LAYER": "CONDOMINIOS" }, "geometry": { "type": "Polygon", "coordinates": [ [ [ -48.191960924945953, -21.762913047965142 ], [ -48.191989093218538, -21.762769113418067 ], [ -48.191547032306872, -21.762683846248834 ], [ -48.1915167470314, -21.762836057042069 ], [ -48.191960924945953, -21.762913047965142 ] ] ] } },
{ "type": "Feature", "properties": { "nome": "Condominio Residencial Paraiso", "LAYER": "CONDOMINIOS" }, "geometry": { "type": "Polygon", "coordinates": [ [ [ -48.191490041133328, -21.762970278239241 ], [ -48.191935285009414, -21.76304406285594 ], [ -48.191960924945953, -21.762913047965142 ], [ -48.1915167470314, -21.762836057042069 ], [ -48.191490041133328, -21.762970278239241 ] ] ] } },
{ "type": "Feature", "properties": { "nome": "Condominio Residencial Paraiso", "LAYER": "CONDOMINIOS" }, "geometry": { "type": "Polygon", "coordinates": [ [ [ -48.191463904124952, -21.763101640253165 ], [ -48.19190890239895, -21.763178872324964 ], [ -48.191935285009414, -21.76304406285594 ], [ -48.191490041133328, -21.762970278239241 ], [ -48.191463904124952, -21.763101640253165 ] ] ] } },
{ "type": "Feature", "properties": { "nome": "Condominio Residencial Paraiso", "LAYER": "CONDOMINIOS" }, "geometry": { "type": "Polygon", "coordinates": [ [ [ -48.191437265041131, -21.763235525648529 ], [ -48.191883092118609, -21.763312499862284 ], [ -48.19190890239895, -21.763178872324964 ], [ -48.191463904124952, -21.763101640253165 ], [ -48.191437265041131, -21.763235525648529 ] ] ] } },
{ "type": "Feature", "properties": { "nome": "Condominio Residencial Paraiso", "LAYER": "CONDOMINIOS" }, "geometry": { "type": "Polygon", "coordinates": [ [ [ -48.191410486327122, -21.763370112811366 ], [ -48.191857318319506, -21.763446291227982 ], [ -48.191883092118609, -21.763312499862284 ], [ -48.191437265041131, -21.763235525648529 ], [ -48.191410486327122, -21.763370112811366 ] ] ] } },
{ "type": "Feature", "properties": { "nome": "Condominio Residencial Paraiso", "LAYER": "CONDOMINIOS" }, "geometry": { "type": "Polygon", "coordinates": [ [ [ -48.191540822926207, -21.7635315490765 ], [ -48.191704739611623, -21.763563424076025 ], [ -48.191826995942868, -21.763587197751317 ], [ -48.191857318319506, -21.763446291227982 ], [ -48.191410486327122, -21.763370112811366 ], [ -48.191383604828658, -21.763505216558688 ], [ -48.191540822926207, -21.7635315490765 ] ] ] } },
{ "type": "Feature", "properties": { "nome": "Condominio Residencial Paraiso", "LAYER": "CONDOMINIOS" }, "geometry": { "type": "Polygon", "coordinates": [ [ [ -48.191540822926207, -21.7635315490765 ], [ -48.191383604828658, -21.763505216558688 ], [ -48.191338737003093, -21.763730717803575 ], [ -48.191338970865267, -21.763740096575482 ], [ -48.191340065894359, -21.763746512957855 ], [ -48.191341909878439, -21.76375277926898 ], [ -48.191344480091814, -21.763758818280959 ], [ -48.191347744858511, -21.763764555567441 ], [ -48.191351663942669, -21.763769920420149 ], [ -48.191356189044406, -21.763774846721262 ], [ -48.191361264395091, -21.763779273757454 ], [ -48.191366827444625, -21.763783146968734 ], [ -48.191372809632369, -21.76378641862031 ], [ -48.191379137232069, -21.763789048391498 ], [ -48.191490081670587, -21.763813944481047 ], [ -48.191540822926207, -21.7635315490765 ] ] ] } },
{ "type": "Feature", "properties": { "nome": "Condominio Residencial Paraiso", "LAYER": "CONDOMINIOS" }, "geometry": { "type": "Polygon", "coordinates": [ [ [ -48.191540822926207, -21.7635315490765 ], [ -48.191490081670587, -21.763813944481047 ], [ -48.191641114460054, -21.763847836453483 ], [ -48.191704739611623, -21.763563424076025 ], [ -48.191540822926207, -21.7635315490765 ] ] ] } },
{ "type": "Feature", "properties": { "nome": "Condominio Residencial Paraiso", "LAYER": "CONDOMINIOS" }, "geometry": { "type": "Polygon", "coordinates": [ [ [ -48.191704739611623, -21.763563424076025 ], [ -48.191641114460054, -21.763847836453483 ], [ -48.191811836300786, -21.763886146676967 ], [ -48.191875095094311, -21.763596550971521 ], [ -48.191826995942868, -21.763587197751317 ], [ -48.191704739611623, -21.763563424076025 ] ] ] } },
{ "type": "Feature", "properties": { "nome": "Condominio Residencial Paraiso", "LAYER": "CONDOMINIOS" }, "geometry": { "type": "Polygon", "coordinates": [ [ [ -48.192042258776858, -21.763629103042554 ], [ -48.191875095094311, -21.763596550971521 ], [ -48.191811836300786, -21.763886146676967 ], [ -48.191974721059118, -21.763922698248045 ], [ -48.192042258776858, -21.763629103042554 ] ] ] } },
{ "type": "Feature", "properties": { "nome": "Condominio Residencial Paraiso", "LAYER": "CONDOMINIOS" }, "geometry": { "type": "Polygon", "coordinates": [ [ [ -48.192042258776858, -21.763629103042554 ], [ -48.191974721059118, -21.763922698248045 ], [ -48.192027895395697, -21.763934630644677 ], [ -48.192120810532423, -21.763908389904085 ], [ -48.192155518512308, -21.763873627411108 ], [ -48.192214729957577, -21.763854322212168 ], [ -48.192231425338164, -21.763836267045413 ], [ -48.192240797500752, -21.763814660219644 ], [ -48.192271613447971, -21.763657157859711 ], [ -48.192042258776858, -21.763629103042554 ] ] ] } },
{ "type": "Feature", "properties": { "nome": "Condominio Residencial Paraiso", "LAYER": "CONDOMINIOS" }, "geometry": { "type": "Polygon", "coordinates": [ [ [ -48.191875095094311, -21.763596550971521 ], [ -48.192042258776858, -21.763629103042554 ], [ -48.192271613447971, -21.763657157859711 ], [ -48.192298021621177, -21.763522183926529 ], [ -48.191857318319506, -21.763446291227982 ], [ -48.191826995942868, -21.763587197751317 ], [ -48.191875095094311, -21.763596550971521 ] ] ] } },
{ "type": "Feature", "properties": { "nome": "Residencial Ibiza", "LAYER": "CONDOMINIOS" }, "geometry": { "type": "Polygon", "coordinates": [ [ [ -48.162025334433928, -21.789205069545933 ], [ -48.162300844975881, -21.78926502528719 ], [ -48.162379016396677, -21.788996722483024 ], [ -48.16218601493226, -21.78895591797766 ], [ -48.162183106514426, -21.788955270532174 ], [ -48.162180176707629, -21.788954713520294 ], [ -48.16217722873462, -21.788954247554734 ], [ -48.162174265838118, -21.788953873148042 ], [ -48.162171291277303, -21.788953590712058 ], [ -48.162168308324127, -21.788953400557464 ], [ -48.162165320259831, -21.788953302893432 ], [ -48.16216222348185, -21.788953299361136 ], [ -48.16215912840115, -21.788953395169965 ], [ -48.162156038670041, -21.788953590206884 ], [ -48.162152957934538, -21.788953884241714 ], [ -48.162149889830047, -21.788954276927488 ], [ -48.162146837977048, -21.788954767800814 ], [ -48.162143805976861, -21.788955356282454 ], [ -48.162140797407382, -21.78895604167796 ], [ -48.162137815818838, -21.788956823178562 ], [ -48.162134864729637, -21.788957699862017 ], [ -48.162131947622186, -21.788958670693834 ], [ -48.162129067938785, -21.788959734528365 ], [ -48.162126229077607, -21.78896089011025 ], [ -48.162123434388612, -21.788962136075867 ], [ -48.162120687169661, -21.788963470954897 ], [ -48.162117990662573, -21.788964893172146 ], [ -48.162115348049355, -21.788966401049333 ], [ -48.162112762448409, -21.788967992807081 ], [ -48.162110236910841, -21.78896966656708 ], [ -48.162107774416896, -21.788971420354208 ], [ -48.162105377872436, -21.788973252098899 ], [ -48.162103050105479, -21.788975159639644 ], [ -48.162100793862891, -21.788977140725457 ], [ -48.162098611807131, -21.788979193018569 ], [ -48.162096506513137, -21.788981314097185 ], [ -48.162094480465228, -21.788983501458336 ], [ -48.162092536054253, -21.788985752520865 ], [ -48.162090675574682, -21.788988064628402 ], [ -48.162088901221978, -21.788990435052543 ], [ -48.162087215089947, -21.788992860996128 ], [ -48.162085619168316, -21.788995339596418 ], [ -48.162084115340335, -21.788997867928554 ], [ -48.162082705380591, -21.789000443008998 ], [ -48.162081390952899, -21.789003061799036 ], [ -48.162080173608352, -21.789005721208419 ], [ -48.162079054783476, -21.789008418098888 ], [ -48.16207803579853, -21.789011149288005 ], [ -48.162077117855965, -21.789013911552871 ], [ -48.162076302039004, -21.789016701633876 ], [ -48.162075589310355, -21.789019516238572 ], [ -48.162074980511072, -21.789022352045667 ], [ -48.162025334433928, -21.789205069545933 ] ] ] } },
{ "type": "Feature", "properties": { "nome": "Edifício Torello Dinucci", "LAYER": "CONDOMINIOS" }, "geometry": { "type": "Polygon", "coordinates": [ [ [ -48.179075341334858, -21.792065427798573 ], [ -48.179053341110347, -21.792058092275756 ], [ -48.178925441550298, -21.792444502170849 ], [ -48.17917910736773, -21.79250849815298 ], [ -48.179233904273012, -21.792351509859518 ], [ -48.179279086663584, -21.792213651779978 ], [ -48.179306834345518, -21.79212625555272 ], [ -48.179075341334858, -21.792065427798573 ] ] ] } },
{ "type": "Feature", "properties": { "nome": "PARQUE DAS VIOLETAS", "LAYER": "CONDOMINIOS" }, "geometry": { "type": "Polygon", "coordinates": [ [ [ -48.165675191179574, -21.748802717173739 ], [ -48.166426338581211, -21.749052919038043 ], [ -48.166478377519155, -21.749068940256397 ], [ -48.16658451458796, -21.748526773815456 ], [ -48.165801265921779, -21.748302411115898 ], [ -48.165745006716683, -21.748531763904399 ], [ -48.165675191179574, -21.748802717173739 ] ] ] } },
{ "type": "Feature", "properties": { "nome": null, "LAYER": "CONDOMINIOS" }, "geometry": { "type": "Polygon", "coordinates": [ [ [ -48.164424798790741, -21.756666641541624 ], [ -48.164433362538233, -21.756683495688034 ], [ -48.164443350203513, -21.756694948350571 ], [ -48.164459102048681, -21.756703683986622 ], [ -48.164472489110452, -21.756710798303242 ], [ -48.164489864422009, -21.756715760750307 ], [ -48.164531219178855, -21.75671672985737 ], [ -48.165515421911032, -21.756653470171734 ], [ -48.165527670238347, -21.756649906698925 ], [ -48.165541326380904, -21.756641464449089 ], [ -48.165557928245065, -21.756624976793272 ], [ -48.165570395340254, -21.75660097706389 ], [ -48.165543854671128, -21.756288919673352 ], [ -48.165340759777202, -21.756142210135426 ], [ -48.164903830396291, -21.756179676172817 ], [ -48.164760903476605, -21.756257020908578 ], [ -48.164448965871721, -21.756428677167531 ], [ -48.164400509086342, -21.756449188057825 ], [ -48.164424798790741, -21.756666641541624 ] ] ] } },
{ "type": "Feature", "properties": { "nome": "Condomínio Residencial Vitta Ipê Branco", "LAYER": "CONDOMINIOS" }, "geometry": { "type": "Polygon", "coordinates": [ [ [ -48.193255144216543, -21.765820907414337 ], [ -48.193651896777823, -21.765718950895 ], [ -48.194191475050907, -21.765580768099205 ], [ -48.194265712247166, -21.765185824053635 ], [ -48.193782318204306, -21.765102526435172 ], [ -48.193835355341598, -21.764838392077642 ], [ -48.193835701348, -21.764838089786686 ], [ -48.193701668450664, -21.764814571389071 ], [ -48.193558487171245, -21.764789447749081 ], [ -48.193360594427084, -21.764754724033224 ], [ -48.193318875903714, -21.764973658319583 ], [ -48.193212036851563, -21.765512372776449 ], [ -48.193178494010041, -21.765679180895688 ], [ -48.19314437011041, -21.765847992829702 ], [ -48.193255144216543, -21.765820907414337 ] ] ] } },
{ "type": "Feature", "properties": { "nome": "Condomínio Residencial Girassol de Araraquara", "LAYER": "CONDOMINIOS" }, "geometry": { "type": "Polygon", "coordinates": [ [ [ -48.19341707262145, -21.76687327924197 ], [ -48.193630297345123, -21.766648395293657 ], [ -48.193678322328317, -21.766598585873396 ], [ -48.193724590873295, -21.766547346350841 ], [ -48.193769054204438, -21.766494730743638 ], [ -48.193811665449431, -21.766440794520086 ], [ -48.193852379688579, -21.766385594540672 ], [ -48.193891154002209, -21.7663291889981 ], [ -48.193927947515903, -21.766271637355956 ], [ -48.193962721443569, -21.766213000285987 ], [ -48.193995439128344, -21.766153339604223 ], [ -48.194026066081214, -21.766092718205616 ], [ -48.194054570017393, -21.766031199997972 ], [ -48.194049437475847, -21.766027123836185 ], [ -48.194049866573245, -21.766026178174819 ], [ -48.193826456560487, -21.765850036855277 ], [ -48.193822644861328, -21.76585418614987 ], [ -48.193781848217654, -21.765823023869096 ], [ -48.193651896777823, -21.765718950895 ], [ -48.193255144216543, -21.765820907414337 ], [ -48.19314437011041, -21.765847992829702 ], [ -48.192887006726906, -21.766051952534788 ], [ -48.192786173018327, -21.766112466093379 ], [ -48.192629482847032, -21.766215350937081 ], [ -48.193008202170489, -21.766540361620944 ], [ -48.19341707262145, -21.76687327924197 ] ] ] } },
{ "type": "Feature", "properties": { "nome": "Residencial Regina for life parque Premium", "LAYER": "CONDOMINIOS" }, "geometry": { "type": "Polygon", "coordinates": [ [ [ -48.15059024048039, -21.766689755111269 ], [ -48.150823743911623, -21.767612505440191 ], [ -48.150866230205573, -21.767826809848827 ], [ -48.151833830258667, -21.767726166390904 ], [ -48.151709123921535, -21.767203741522739 ], [ -48.151598565073527, -21.766760517669134 ], [ -48.151497133878294, -21.766781945278641 ], [ -48.151436229322286, -21.766514880820914 ], [ -48.15059024048039, -21.766689755111269 ] ] ] } },
{ "type": "Feature", "properties": { "nome": "Condomínio Residencial Moema", "LAYER": "CONDOMINIOS" }, "geometry": { "type": "Polygon", "coordinates": [ [ [ -48.158625501610857, -21.763562673031316 ], [ -48.158671542952902, -21.76400346357978 ], [ -48.159034150207233, -21.764035001424929 ], [ -48.158987543374167, -21.763555217273726 ], [ -48.158954229933222, -21.763530991810065 ], [ -48.158625501610857, -21.763562673031316 ] ] ] } },
{ "type": "Feature", "properties": { "nome": "Condomínio Residencial Parque Aquiles", "LAYER": "CONDOMINIOS" }, "geometry": { "type": "Polygon", "coordinates": [ [ [ -48.155748220755797, -21.763634829001319 ], [ -48.156641828298604, -21.762321529360815 ], [ -48.156674527905004, -21.762280467355815 ], [ -48.156264917037255, -21.762030248811087 ], [ -48.155342789996723, -21.763396783345652 ], [ -48.155748220755797, -21.763634829001319 ] ] ] } },
{ "type": "Feature", "properties": { "nome": "Condomínio Residencial Parque Atlas", "LAYER": "CONDOMINIOS" }, "geometry": { "type": "Polygon", "coordinates": [ [ [ -48.164601149199299, -21.758425336797547 ], [ -48.164605545756196, -21.758430622601974 ], [ -48.16462036735534, -21.758444068708453 ], [ -48.164636013213958, -21.758455711056808 ], [ -48.16464367528036, -21.758458189728785 ], [ -48.164667327079897, -21.758463166792097 ], [ -48.164682593731747, -21.758462307175655 ], [ -48.16525037867477, -21.758414005396347 ], [ -48.165673007749838, -21.75837463342512 ], [ -48.165686455889592, -21.758370377365662 ], [ -48.165697457613781, -21.758363761451843 ], [ -48.165708442072827, -21.758353632853314 ], [ -48.165721468819108, -21.758338428955444 ], [ -48.165728334685021, -21.758326041614719 ], [ -48.165735183442692, -21.758300948077437 ], [ -48.165707851081962, -21.757964246956544 ], [ -48.165410439046404, -21.757984151369893 ], [ -48.165035999237297, -21.758006471450528 ], [ -48.164715545713051, -21.758026521630882 ], [ -48.164555405592786, -21.758035382163708 ], [ -48.164588208986679, -21.758349506057375 ], [ -48.164596306536573, -21.758411662035485 ], [ -48.164601149199299, -21.758425336797547 ] ] ] } },
{ "type": "Feature", "properties": { "nome": "Condomínio Residencial Tulipas Residence", "LAYER": "CONDOMINIOS" }, "geometry": { "type": "Polygon", "coordinates": [ [ [ -48.164555405592786, -21.758035382163708 ], [ -48.164715545713051, -21.758026521630882 ], [ -48.165035999237297, -21.758006471450528 ], [ -48.165410439046404, -21.757984151369893 ], [ -48.165707851081962, -21.757964246956544 ], [ -48.16565338866549, -21.757377028334936 ], [ -48.165542315614253, -21.757384515485285 ], [ -48.16500633522277, -21.757416309842601 ], [ -48.164499341025682, -21.757448568979356 ], [ -48.164555405592786, -21.758035382163708 ] ] ] } },
{ "type": "Feature", "properties": { "nome": "Condomínio Residencial Parque Das Tulipas", "LAYER": "CONDOMINIOS" }, "geometry": { "type": "Polygon", "coordinates": [ [ [ -48.165604536403322, -21.756880376367182 ], [ -48.165599660544586, -21.756855405044099 ], [ -48.165592421556255, -21.756841274849286 ], [ -48.165578459719278, -21.756825386869867 ], [ -48.165572895928278, -21.756820313505312 ], [ -48.165557186530123, -21.756810469915422 ], [ -48.165527618643203, -21.756801923310736 ], [ -48.165507011321232, -21.756801577930602 ], [ -48.164547009064535, -21.756856922468266 ], [ -48.164518219302387, -21.756858956783269 ], [ -48.164493947615739, -21.756866768082567 ], [ -48.164484355483353, -21.756871957112502 ], [ -48.164473751562582, -21.756879691436119 ], [ -48.164465269764051, -21.756887723303151 ], [ -48.164457848741762, -21.756899503098442 ], [ -48.164452528077042, -21.756910420551435 ], [ -48.164448081419756, -21.756924543576851 ], [ -48.164446759014105, -21.756938631850257 ], [ -48.164499341025682, -21.757448568979356 ], [ -48.16500633522277, -21.757416309842601 ], [ -48.165542315614253, -21.757384515485285 ], [ -48.16565338866549, -21.757377028334936 ], [ -48.165604536403322, -21.756880376367182 ] ] ] } },
{ "type": "Feature", "properties": { "nome": "Condomínio Residencial Vancouver", "LAYER": "CONDOMINIOS" }, "geometry": { "type": "Polygon", "coordinates": [ [ [ -48.166480844513828, -21.757195267676032 ], [ -48.166469537508668, -21.757086809954231 ], [ -48.166458327877777, -21.756979286187597 ], [ -48.166447264352165, -21.756873163810631 ], [ -48.166436362917572, -21.756766816247008 ], [ -48.166425066815961, -21.756656121824676 ], [ -48.166413944942683, -21.756547134659659 ], [ -48.166403058514568, -21.756440454641037 ], [ -48.166392734801924, -21.756333545961233 ], [ -48.166363151870627, -21.756060385125291 ], [ -48.166020550720248, -21.756089370142348 ], [ -48.16604978847711, -21.756361979297328 ], [ -48.165934518849696, -21.756371499186066 ], [ -48.165814278401655, -21.756381500445066 ], [ -48.165713105670001, -21.756389911175646 ], [ -48.165797707198323, -21.757317878413005 ], [ -48.166417374644801, -21.757284518700725 ], [ -48.166437005643182, -21.757306199396545 ], [ -48.166842203756836, -21.757270913304176 ], [ -48.166830332531731, -21.757164186819839 ], [ -48.166480844513828, -21.757195267676032 ] ] ] } },
{ "type": "Feature", "properties": { "nome": "Condomínio Residencial Parque das Tulipas II", "LAYER": "CONDOMINIOS" }, "geometry": { "type": "Polygon", "coordinates": [ [ [ -48.166896770083483, -21.757822060197554 ], [ -48.166842203756836, -21.757270913304176 ], [ -48.166437005643182, -21.757306199396545 ], [ -48.166589335915404, -21.757477569403232 ], [ -48.165815901121732, -21.757512678703225 ], [ -48.165891574970772, -21.758274786638445 ], [ -48.166248122127058, -21.758041893640478 ], [ -48.166282586328713, -21.758073157210571 ], [ -48.166810601298039, -21.757724502273032 ], [ -48.166896770083483, -21.757822060197554 ] ] ] } },
{ "type": "Feature", "properties": { "nome": "Condomínio Residencial Cecília Meireles", "LAYER": "CONDOMINIOS" }, "geometry": { "type": "Polygon", "coordinates": [ [ [ -48.140711610047667, -21.74271021503403 ], [ -48.14065129033991, -21.742708819057263 ], [ -48.140651246801454, -21.742699984406219 ], [ -48.140640269055957, -21.742699939020355 ], [ -48.14064019919546, -21.742703709414833 ], [ -48.140617339895527, -21.742703637194889 ], [ -48.140616880399385, -21.742709064938307 ], [ -48.140605180295218, -21.742708561992377 ], [ -48.140535432925262, -21.742702140775407 ], [ -48.140431704803952, -21.742698513318487 ], [ -48.140432031853734, -21.742690898177287 ], [ -48.140336615084465, -21.742686517734125 ], [ -48.140293378030876, -21.742685619028492 ], [ -48.140254430242393, -21.742684809467882 ], [ -48.139846032100529, -21.743583023964192 ], [ -48.140271928452684, -21.743665522435585 ], [ -48.140295661120632, -21.74360962867577 ], [ -48.140354444226546, -21.743484156733398 ], [ -48.140465065416286, -21.743243858743707 ], [ -48.140491248912191, -21.743187120320229 ], [ -48.140609005572699, -21.742935262620598 ], [ -48.140711610047667, -21.74271021503403 ] ] ] } },
{ "type": "Feature", "properties": { "nome": "Condominio Residencial Paraiso", "LAYER": "CONDOMINIOS" }, "geometry": { "type": "Polygon", "coordinates": [ [ [ -48.192323930075261, -21.763389764091063 ], [ -48.191883092118609, -21.763312499862284 ], [ -48.191857318319506, -21.763446291227982 ], [ -48.192298021621177, -21.763522183926529 ], [ -48.192323930075261, -21.763389764091063 ] ] ] } },
{ "type": "Feature", "properties": { "nome": "Condominio Residencial Paraiso", "LAYER": "CONDOMINIOS" }, "geometry": { "type": "Polygon", "coordinates": [ [ [ -48.192350560270491, -21.763253655388514 ], [ -48.19190890239895, -21.763178872324964 ], [ -48.191883092118609, -21.763312499862284 ], [ -48.192323930075261, -21.763389764091063 ], [ -48.192350560270491, -21.763253655388514 ] ] ] } },
{ "type": "Feature", "properties": { "nome": "Edifício Solimões", "LAYER": "CONDOMINIOS" }, "geometry": { "type": "Polygon", "coordinates": [ [ [ -48.179248224989585, -21.797663932129268 ], [ -48.17920261269623, -21.797813759850261 ], [ -48.179491643116762, -21.797890814726543 ], [ -48.179608986653434, -21.797512525639693 ], [ -48.179553114447188, -21.797497613641834 ], [ -48.179553113367838, -21.797497613353759 ], [ -48.179553109111787, -21.79749761221785 ], [ -48.179553096665259, -21.797497608895938 ], [ -48.179579352432071, -21.797419447764138 ], [ -48.179579352432064, -21.797419447764124 ], [ -48.179579352432064, -21.797419447764135 ], [ -48.179579352431531, -21.797419447763996 ], [ -48.179579352431467, -21.797419447763978 ], [ -48.179468608799183, -21.797391348393734 ], [ -48.179468608799176, -21.797391348393734 ], [ -48.179358228003117, -21.79736466288546 ], [ -48.179312128592528, -21.797515513422056 ], [ -48.179312128592521, -21.797515513422056 ], [ -48.179312128592521, -21.797515513422056 ], [ -48.179312127156436, -21.797515513026692 ], [ -48.179294855874026, -21.797510758121316 ], [ -48.179248224989585, -21.797663932129268 ] ] ] } },
{ "type": "Feature", "properties": { "nome": "Condomínio Residencial Jardim Acácias II", "LAYER": "CONDOMINIOS" }, "geometry": { "type": "Polygon", "coordinates": [ [ [ -48.169660581078261, -21.75563122873421 ], [ -48.171865322637409, -21.755435928053679 ], [ -48.172069115262985, -21.755414346349983 ], [ -48.172072964822966, -21.755413020259063 ], [ -48.172080632095664, -21.755409807580666 ], [ -48.172087953796634, -21.755405950638039 ], [ -48.172094868269838, -21.755401481910383 ], [ -48.172101317288515, -21.755396439028971 ], [ -48.172107246545508, -21.755390864459741 ], [ -48.172112606110623, -21.755384805146345 ], [ -48.172117350850989, -21.755378312114043 ], [ -48.172121440811253, -21.755371440040754 ], [ -48.172124841549966, -21.755364246796287 ], [ -48.172127524429612, -21.755356792954689 ], [ -48.17212946685779, -21.755349141284917 ], [ -48.172130652477428, -21.755341356221578 ], [ -48.172116018411678, -21.755193990931257 ], [ -48.172093864055078, -21.754975488574061 ], [ -48.172077560387123, -21.754805806459323 ], [ -48.172061113627336, -21.754626367755144 ], [ -48.172044654472813, -21.754460612853098 ], [ -48.172030135675421, -21.754308505322619 ], [ -48.17201600816869, -21.754161396781264 ], [ -48.172002373590701, -21.754018014439499 ], [ -48.171985282859751, -21.753841361386847 ], [ -48.171967724264285, -21.753671887305678 ], [ -48.171952273751963, -21.753504061263769 ], [ -48.171932436296146, -21.753303072040545 ], [ -48.171918204540255, -21.753148030946132 ], [ -48.171895799563906, -21.752925080840928 ], [ -48.171887451525741, -21.752857381182658 ], [ -48.171887408602409, -21.752857145815643 ], [ -48.171885679120763, -21.752849878958376 ], [ -48.171883204686075, -21.75284280204405 ], [ -48.17188000852164, -21.752835981491376 ], [ -48.171876120624319, -21.752829481312745 ], [ -48.171871577483074, -21.752823362513951 ], [ -48.171866421736432, -21.752817682521378 ], [ -48.171860701772417, -21.75281249464313 ], [ -48.171854471274294, -21.752807847568629 ], [ -48.171847788716804, -21.752803784911748 ], [ -48.171840716817343, -21.752800344801482 ], [ -48.17183332194741, -21.752797559524048 ], [ -48.171825673509559, -21.752795455219989 ], [ -48.171817843286199, -21.752794051638503 ], [ -48.171809904765787, -21.752793361952733 ], [ -48.171648315823333, -21.752806734523318 ], [ -48.17141865553905, -21.752826332791134 ], [ -48.170573924226936, -21.752901034598572 ], [ -48.170359175058017, -21.7529189006484 ], [ -48.170045238448701, -21.752945715176459 ], [ -48.169782519853143, -21.75297053349281 ], [ -48.169728231958793, -21.752975661869808 ], [ -48.169393665733104, -21.7530036669087 ], [ -48.16940598759404, -21.753122375486317 ], [ -48.169417817705494, -21.753237812079629 ], [ -48.169450878358596, -21.753560412969716 ], [ -48.169465154663513, -21.753702988964974 ], [ -48.169465979143176, -21.753711222955559 ], [ -48.169471870533009, -21.753770059627826 ], [ -48.169476867716874, -21.753819965947333 ], [ -48.169479116232317, -21.753842421616643 ], [ -48.16948848543641, -21.7539395429427 ], [ -48.169509806596231, -21.754160558262903 ], [ -48.169523019745661, -21.75417291589234 ], [ -48.16956607171192, -21.754169125695597 ], [ -48.169565916535092, -21.754164625568432 ], [ -48.169620364201712, -21.754159748610046 ], [ -48.169630940795216, -21.754232100458676 ], [ -48.169581723080974, -21.754235860273347 ], [ -48.169583172903202, -21.754252423061558 ], [ -48.169580612585548, -21.75426422913749 ], [ -48.16957881385818, -21.754276157281087 ], [ -48.16957778318065, -21.754288164657218 ], [ -48.1695775242544, -21.754300208146571 ], [ -48.169578038009448, -21.754312244499857 ], [ -48.169579322601052, -21.754324230493474 ], [ -48.169581373416321, -21.754336123084691 ], [ -48.169584183090805, -21.754347879566193 ], [ -48.169587741534862, -21.75435945771931 ], [ -48.169592035970034, -21.754370815965938 ], [ -48.169597038130846, -21.754381887310917 ], [ -48.169598209951879, -21.754394769054503 ], [ -48.169643274911515, -21.754391173481967 ], [ -48.169645566541995, -21.754417343438991 ], [ -48.169590257096672, -21.754422641938252 ], [ -48.169589903372653, -21.754415094789433 ], [ -48.169589611926568, -21.754415094894341 ], [ -48.169583497928478, -21.754415474856181 ], [ -48.169577483261492, -21.754416570076785 ], [ -48.169571663288686, -21.754418363191345 ], [ -48.169566130286213, -21.754420825769831 ], [ -48.169560971980346, -21.754423918767809 ], [ -48.169556270156491, -21.75442759314555 ], [ -48.169552099362519, -21.754431790645548 ], [ -48.169548525726782, -21.75443644471591 ], [ -48.169545605909668, -21.754441481566023 ], [ -48.169543386205198, -21.754446821336096 ], [ -48.169541901807072, -21.754452379363602 ], [ -48.169541176250668, -21.754458067525416 ], [ -48.169541221039829, -21.754463795635331 ], [ -48.169542035464502, -21.75446947287341 ], [ -48.169554307630349, -21.754590448701332 ], [ -48.169564917763338, -21.754695040575388 ], [ -48.169565319940283, -21.754699005127872 ], [ -48.169577144937001, -21.754810943804241 ], [ -48.169589671970606, -21.75492952807517 ], [ -48.169601946604267, -21.755045722980576 ], [ -48.169609395675245, -21.755116237803776 ], [ -48.169614109835344, -21.755163668371587 ], [ -48.169625673846177, -21.755280017275386 ], [ -48.169633595350099, -21.755359717807305 ], [ -48.169637197897814, -21.755395964066015 ], [ -48.169648847961547, -21.755513178627474 ], [ -48.169660581078261, -21.75563122873421 ] ] ] } },
{ "type": "Feature", "properties": { "nome": "Condomínio Residencial Portal das Tipuanas", "LAYER": "CONDOMINIOS" }, "geometry": { "type": "Polygon", "coordinates": [ [ [ -48.172673871677809, -21.75274490877155 ], [ -48.172674410790776, -21.752745546959048 ], [ -48.17268722201284, -21.752879738779324 ], [ -48.172658044854593, -21.752912874227391 ], [ -48.172655912725489, -21.752911234759651 ], [ -48.172669335015087, -21.752896000959986 ], [ -48.172640058508399, -21.752873489238343 ], [ -48.172610697610061, -21.75290681275375 ], [ -48.172642112112669, -21.752930968459239 ], [ -48.1726151376511, -21.752961602352919 ], [ -48.172612260557344, -21.752959364438215 ], [ -48.17259887335976, -21.752974384466714 ], [ -48.172581323929784, -21.752960733838666 ], [ -48.172472651664201, -21.753082660630934 ], [ -48.172479335690902, -21.753087859730911 ], [ -48.172437612995012, -21.753133709007258 ], [ -48.172406873913609, -21.75310938668342 ], [ -48.172377245892868, -21.753142064869056 ], [ -48.172405184902004, -21.753164171638662 ], [ -48.172419218324407, -21.753148693494246 ], [ -48.1724219850257, -21.753150882648693 ], [ -48.172407881192093, -21.753166381405808 ], [ -48.17237731317293, -21.753169660032238 ], [ -48.172249044435446, -21.753071265958607 ], [ -48.172051864279844, -21.753089183829015 ], [ -48.172215383463111, -21.754713436324753 ], [ -48.172481788004283, -21.75734658025609 ], [ -48.172504248832354, -21.75737881723807 ], [ -48.172547849147634, -21.757400132409941 ], [ -48.172596918305729, -21.757396638561872 ], [ -48.173060172251922, -21.757159328388656 ], [ -48.17355626054961, -21.756935336421439 ], [ -48.174341448933824, -21.756629115961221 ], [ -48.174564492527438, -21.756527208669254 ], [ -48.174825707065132, -21.756392447560934 ], [ -48.175033127511867, -21.756270540999513 ], [ -48.175272380875555, -21.756111688492748 ], [ -48.175460336426717, -21.755930639697137 ], [ -48.175536838968917, -21.755830380464086 ], [ -48.175579201011601, -21.755763238252523 ], [ -48.175641706966331, -21.755636334809875 ], [ -48.175696059419053, -21.755483142542651 ], [ -48.17570816885717, -21.755426867300454 ], [ -48.175721252666321, -21.755362684303368 ], [ -48.175732000729006, -21.755220135565644 ], [ -48.175725811840351, -21.755086165901844 ], [ -48.175707672312299, -21.7549677648346 ], [ -48.175641646600923, -21.754762607127581 ], [ -48.17552783375713, -21.754544327001458 ], [ -48.175333552305865, -21.754177765362584 ], [ -48.175179112338945, -21.75388999076101 ], [ -48.174983221987326, -21.753536495912826 ], [ -48.174773219721288, -21.753227464833852 ], [ -48.174571926000567, -21.752978325695008 ], [ -48.17354433926937, -21.753068370820653 ], [ -48.173502393968192, -21.752646159967043 ], [ -48.173132181273935, -21.75267838236843 ], [ -48.173073556286056, -21.752711688631805 ], [ -48.172673871677809, -21.75274490877155 ] ] ] } },
{ "type": "Feature", "properties": { "nome": "PORTAL CAMINHOS DE CÓRDOBA", "LAYER": "CONDOMINIOS" }, "geometry": { "type": "Polygon", "coordinates": [ [ [ -48.136481853598568, -21.744728846010933 ], [ -48.1364904517593, -21.744820852356707 ], [ -48.136498929436613, -21.744913926210909 ], [ -48.136507828115548, -21.745005570578421 ], [ -48.136516390378048, -21.745100007297079 ], [ -48.136525204471774, -21.74519368852199 ], [ -48.136533892649894, -21.745286362421904 ], [ -48.136542706743633, -21.745377399418704 ], [ -48.136551269006134, -21.745467051343606 ], [ -48.136559984152228, -21.745559818599109 ], [ -48.136568645362367, -21.74565164364968 ], [ -48.13657720762486, -21.745743562055857 ], [ -48.136585676634674, -21.745836600889362 ], [ -48.136594583981086, -21.745929539433799 ], [ -48.136603020327968, -21.746021457839959 ], [ -48.136612172115896, -21.746113739708871 ], [ -48.136620396684208, -21.746206553808523 ], [ -48.136628958946702, -21.746296961227195 ], [ -48.136637269377957, -21.746387872308354 ], [ -48.136646083471703, -21.746483316352009 ], [ -48.13665439390293, -21.746574919969113 ], [ -48.136661976063536, -21.746657438002295 ], [ -48.137337478277765, -21.746599679307327 ], [ -48.13714541841307, -21.744634505615117 ], [ -48.137157033542415, -21.744499233907128 ], [ -48.137164161851196, -21.744416216449874 ], [ -48.13716362861836, -21.744398341973124 ], [ -48.137152806912958, -21.744385323858396 ], [ -48.136437451087346, -21.74426182113411 ], [ -48.136447010868721, -21.74435987525402 ], [ -48.136455824962461, -21.744452423238311 ], [ -48.136464163496335, -21.744542644284632 ], [ -48.136473418430157, -21.744639223165688 ], [ -48.136481853598568, -21.744728846010933 ] ] ] } },
{ "type": "Feature", "properties": { "nome": "Condomínio Residencial Portal Da Colina", "LAYER": "CONDOMINIOS" }, "geometry": { "type": "Polygon", "coordinates": [ [ [ -48.162621094441597, -21.802935122942444 ], [ -48.162597425616553, -21.803321974727034 ], [ -48.162600040717436, -21.803337749068852 ], [ -48.162612156760041, -21.8033572734534 ], [ -48.162628324845954, -21.803369849053713 ], [ -48.162643028883835, -21.803376009930943 ], [ -48.163143240510536, -21.803405501142404 ], [ -48.163149979241332, -21.803296407994964 ], [ -48.163155109909383, -21.803206184192295 ], [ -48.163160217596293, -21.803115403118987 ], [ -48.163165290071348, -21.803025247641472 ], [ -48.163171457473283, -21.802910306427616 ], [ -48.162680836188301, -21.802884714300514 ], [ -48.162658315477074, -21.80288962233158 ], [ -48.162639141788937, -21.802901114929437 ], [ -48.162626607215792, -21.802918034521465 ], [ -48.162621094441597, -21.802935122942444 ] ] ] } },
{ "type": "Feature", "properties": { "nome": "Condomínio Residencial La Vie", "LAYER": "CONDOMINIOS" }, "geometry": { "type": "Polygon", "coordinates": [ [ [ -48.192402583704059, -21.782139846804601 ], [ -48.192402089000609, -21.78214430614582 ], [ -48.192401760022115, -21.782148778818886 ], [ -48.192401597163659, -21.782153259452642 ], [ -48.192401600620819, -21.782157742666417 ], [ -48.192401770389473, -21.782162223076423 ], [ -48.19240210626576, -21.782166695302223 ], [ -48.192402607846354, -21.782171153973231 ], [ -48.192403274528907, -21.782175593735126 ], [ -48.192404105512857, -21.782180009256294 ], [ -48.192405099800311, -21.782184395234243 ], [ -48.192406256197266, -21.782188746401925 ], [ -48.192407573315016, -21.782193057534148 ], [ -48.192409049571907, -21.782197323453754 ], [ -48.192410683195149, -21.782201539037885 ], [ -48.192412472222962, -21.78220569922415 ], [ -48.192414414506956, -21.782209799016663 ], [ -48.192416507714697, -21.782213833492069 ], [ -48.192418749332518, -21.782217797805462 ], [ -48.192421136668507, -21.782221687196163 ], [ -48.192423666855788, -21.782225496993508 ], [ -48.192426336855924, -21.782229222622369 ], [ -48.192429143462562, -21.782232859608722 ], [ -48.192432083305341, -21.78223640358501 ], [ -48.192435152853854, -21.782239850295312 ], [ -48.192438348421966, -21.782243195600547 ], [ -48.192441666172201, -21.782246435483426 ], [ -48.192445102120317, -21.782249566053224 ], [ -48.1924486521402, -21.782252583550484 ], [ -48.192618510475555, -21.782353279668108 ], [ -48.19295000964663, -21.782458968860404 ], [ -48.193257140612964, -21.782538154667606 ], [ -48.193257149319592, -21.78253813474954 ], [ -48.193285039603303, -21.782459736390091 ], [ -48.193292787672824, -21.782458662543551 ], [ -48.193302802519696, -21.782421137021313 ], [ -48.193362486600584, -21.782213459602403 ], [ -48.1928915630956, -21.782086919787279 ], [ -48.192859404886796, -21.782187918494376 ], [ -48.192434932479188, -21.78207260631352 ], [ -48.192408985058442, -21.782113668684033 ], [ -48.192407515383486, -21.782117936585522 ], [ -48.192406204916992, -21.782122249485422 ], [ -48.192405055232655, -21.782126602204524 ], [ -48.192404067711152, -21.782130989515689 ], [ -48.192403243538372, -21.782135406150324 ], [ -48.192402583704059, -21.782139846804601 ] ] ] } },
{ "type": "Feature", "properties": { "nome": "Condomínio Residencial Attuale", "LAYER": "CONDOMINIOS" }, "geometry": { "type": "Polygon", "coordinates": [ [ [ -48.192468000267269, -21.782044939431444 ], [ -48.192463933365538, -21.782047346242795 ], [ -48.192459958476164, -21.78204988361033 ], [ -48.192456080401456, -21.782052548468538 ], [ -48.192452303826769, -21.782055337597811 ], [ -48.192448633314825, -21.782058247628434 ], [ -48.192434932479188, -21.78207260631352 ], [ -48.192859404886796, -21.782187918494376 ], [ -48.1928915630956, -21.782086919787279 ], [ -48.193362486600584, -21.782213459602403 ], [ -48.193532180229575, -21.781636314201013 ], [ -48.193795920885222, -21.781707186364194 ], [ -48.193777461460279, -21.781577446198362 ], [ -48.193657658760699, -21.781380386208703 ], [ -48.19356054161107, -21.781453293433461 ], [ -48.193514976734598, -21.781482308353375 ], [ -48.193379534265283, -21.781574691277278 ], [ -48.193343810422164, -21.781593199741014 ], [ -48.193266108581831, -21.781625618976438 ], [ -48.192472154267861, -21.782042666084113 ], [ -48.192468000267269, -21.782044939431444 ] ] ] } },
{ "type": "Feature", "properties": { "nome": "Condomínio Residencial Bella Santa Angelina", "LAYER": "CONDOMINIOS" }, "geometry": { "type": "Polygon", "coordinates": [ [ [ -48.188074741287359, -21.779856287532724 ], [ -48.18796978855648, -21.779829994807049 ], [ -48.187963056460724, -21.779841155684611 ], [ -48.187965959829512, -21.779841703340598 ], [ -48.187768427444517, -21.780232022655497 ], [ -48.187955190883969, -21.78027333067422 ], [ -48.188016090811637, -21.780176326765616 ], [ -48.188070280373246, -21.7800918163272 ], [ -48.188122575017459, -21.78001052391496 ], [ -48.188206160301185, -21.779887531330992 ], [ -48.188074741287359, -21.779856287532724 ] ] ] } },
{ "type": "Feature", "properties": { "nome": "Condomínio Residencial Village Damha IV", "LAYER": "CONDOMINIOS" }, "geometry": { "type": "Polygon", "coordinates": [ [ [ -48.192127051292793, -21.751057785664987 ], [ -48.1926992116977, -21.750873929799116 ], [ -48.193003126397635, -21.750777823508532 ], [ -48.193309596553938, -21.75067968963701 ], [ -48.193603714288585, -21.750573727757491 ], [ -48.193792261242322, -21.750487470980435 ], [ -48.19397964215436, -21.750387960046762 ], [ -48.194155948557516, -21.750279799704209 ], [ -48.194323753152027, -21.750161287421484 ], [ -48.194494721933751, -21.750022751746396 ], [ -48.194739759393073, -21.749813903608235 ], [ -48.194929180472037, -21.749688052196134 ], [ -48.195138447877426, -21.749579497542619 ], [ -48.195464843147093, -21.749462036445859 ], [ -48.195787960025186, -21.749378503083737 ], [ -48.196450848545673, -21.749272812231329 ], [ -48.196891708800756, -21.749246634147749 ], [ -48.197099416666454, -21.749246211136533 ], [ -48.197542050938971, -21.749271772709594 ], [ -48.197758683792166, -21.749296293762569 ], [ -48.19818446379999, -21.749371332500491 ], [ -48.198285116554182, -21.749393859668881 ], [ -48.19842863440789, -21.749429240428533 ], [ -48.198518778358626, -21.749454662434701 ], [ -48.199412838817928, -21.747001784602965 ], [ -48.198306115248734, -21.746922191502335 ], [ -48.196946028508265, -21.74683149722124 ], [ -48.196535754752915, -21.746798485234564 ], [ -48.195909899834128, -21.746759242396106 ], [ -48.195350419124679, -21.746718264599849 ], [ -48.194871106294656, -21.746685586630274 ], [ -48.194556249772376, -21.746661624832296 ], [ -48.194489960698711, -21.746662611523206 ], [ -48.194406687781147, -21.746685292101994 ], [ -48.194295316872463, -21.746770789764955 ], [ -48.19420598080945, -21.74696100456292 ], [ -48.194126859353638, -21.747139411722031 ], [ -48.193838761168664, -21.747794775323893 ], [ -48.193440819793253, -21.74871447563898 ], [ -48.19332177750357, -21.748981673190357 ], [ -48.19146425683067, -21.748822152286944 ], [ -48.191384355614396, -21.749655674479971 ], [ -48.191496176527238, -21.749665976585213 ], [ -48.191437687299498, -21.750207193454475 ], [ -48.191427178240602, -21.750356946909868 ], [ -48.191813185517404, -21.750725347813027 ], [ -48.192127051292793, -21.751057785664987 ] ] ] } },
{ "type": "Feature", "properties": { "nome": "Condominio Residencial Paraiso", "LAYER": "CONDOMINIOS" }, "geometry": { "type": "Polygon", "coordinates": [ [ [ -48.191913482471328, -21.764439609536257 ], [ -48.191964518585571, -21.764150020209929 ], [ -48.191788649209101, -21.764109412364203 ], [ -48.191728942835503, -21.764405852803499 ], [ -48.191913482471328, -21.764439609536257 ] ] ] } },
{ "type": "Feature", "properties": { "nome": "Condominio Residencial Paraiso", "LAYER": "CONDOMINIOS" }, "geometry": { "type": "Polygon", "coordinates": [ [ [ -48.191669759740485, -21.764395026793618 ], [ -48.191728942835503, -21.764405852803499 ], [ -48.191788649209101, -21.764109412364203 ], [ -48.191616685175802, -21.764070993303839 ], [ -48.191556793073552, -21.764374362476328 ], [ -48.191669759740485, -21.764395026793618 ] ] ] } },
{ "type": "Feature", "properties": { "nome": "Condominio Residencial Paraiso", "LAYER": "CONDOMINIOS" }, "geometry": { "type": "Polygon", "coordinates": [ [ [ -48.191487671447945, -21.764042759333744 ], [ -48.191423774385889, -21.764350030162738 ], [ -48.191556793073552, -21.764374362476328 ], [ -48.191616685175802, -21.764070993303839 ], [ -48.191487671447945, -21.764042759333744 ] ] ] } },
{ "type": "Feature", "properties": { "nome": "CONJUNTO RESIDENCIAL PARQUE DA FONTE", "LAYER": "CONDOMINIOS" }, "geometry": { "type": "Polygon", "coordinates": [ [ [ -48.177411712706309, -21.75948104630309 ], [ -48.177506727006886, -21.759475635478996 ], [ -48.177603735407061, -21.759470424159804 ], [ -48.177700111948226, -21.75946524715711 ], [ -48.177798829443056, -21.759459554406309 ], [ -48.177893247761112, -21.759454090082826 ], [ -48.177989284120407, -21.759448852971403 ], [ -48.178087333116927, -21.759443634094712 ], [ -48.178183324450984, -21.759437855246361 ], [ -48.178281063048551, -21.759431531560288 ], [ -48.178376862980194, -21.759426084784863 ], [ -48.178484012033572, -21.759419927805521 ], [ -48.178432276712904, -21.758628303658551 ], [ -48.178429195226457, -21.75847724640083 ], [ -48.178411940534673, -21.758469825922806 ], [ -48.177823359330297, -21.758904114102609 ], [ -48.177677352040682, -21.759010986192983 ], [ -48.177603160727941, -21.759064776646962 ], [ -48.177553508263351, -21.759100976238166 ], [ -48.177523910532379, -21.759124920309059 ], [ -48.177432046900442, -21.75920940885123 ], [ -48.177343090749922, -21.759301023307067 ], [ -48.177286637105446, -21.759360115012026 ], [ -48.177175044177659, -21.759495353200215 ], [ -48.177313640851338, -21.759486863169968 ], [ -48.177411712706309, -21.75948104630309 ] ] ] } },
{ "type": "Feature", "properties": { "nome": "Condomínio Residencial Vitta Ipê Amarelo", "LAYER": "CONDOMINIOS" }, "geometry": { "type": "Polygon", "coordinates": [ [ [ -48.192475383151816, -21.764245374963448 ], [ -48.192469204685061, -21.764248676559351 ], [ -48.192463425848331, -21.764252566082259 ], [ -48.192460272671383, -21.764255083451403 ], [ -48.192449877203089, -21.764264200906418 ], [ -48.192438968208279, -21.76427277888531 ], [ -48.192427577729752, -21.764280792191823 ], [ -48.192415739224565, -21.76428821728874 ], [ -48.192403487465761, -21.764295032366416 ], [ -48.192400367455704, -21.764296636760147 ], [ -48.192352832756356, -21.764316821808983 ], [ -48.192331442057473, -21.764325501781247 ], [ -48.192326196104148, -21.764328953339835 ], [ -48.192321367095076, -21.764332952744962 ], [ -48.192317023348899, -21.764337443414927 ], [ -48.192313226318987, -21.764342361817747 ], [ -48.192311146748168, -21.764345636439153 ], [ -48.192099760154903, -21.765413884136755 ], [ -48.192097203045982, -21.765436858823939 ], [ -48.192118635093998, -21.765489950034965 ], [ -48.192903818525693, -21.765804150969682 ], [ -48.192931639869265, -21.765805348025175 ], [ -48.192958824229301, -21.765801812099546 ], [ -48.192986532861482, -21.765786575044061 ], [ -48.193011989632858, -21.765758127915859 ], [ -48.193283328920892, -21.764411125192019 ], [ -48.192642800326432, -21.764266360668127 ], [ -48.192516559938539, -21.764239551860481 ], [ -48.192509611763306, -21.764238779585817 ], [ -48.192502588092886, -21.764238711611476 ], [ -48.192495571514897, -21.764239348736602 ], [ -48.192488644533491, -21.764240683469712 ], [ -48.192481888599325, -21.764242700116164 ], [ -48.192475383151816, -21.764245374963448 ] ] ] } },
{ "type": "Feature", "properties": { "nome": "Condominio Residencial Paraiso", "LAYER": "CONDOMINIOS" }, "geometry": { "type": "Polygon", "coordinates": [ [ [ -48.191639340488351, -21.76453111787221 ], [ -48.191669759740485, -21.764395026793618 ], [ -48.191556793073552, -21.764374362476328 ], [ -48.191423774385889, -21.764350030162738 ], [ -48.191228085774007, -21.764314234014417 ], [ -48.191200058592443, -21.764456759533619 ], [ -48.191639340488351, -21.76453111787221 ] ] ] } },
{ "type": "Feature", "properties": { "nome": "Condomínio Edifício Samambaia", "LAYER": "CONDOMINIOS" }, "geometry": { "type": "Polygon", "coordinates": [ [ [ -48.181318643009412, -21.783778125501154 ], [ -48.181219049413542, -21.784082227610444 ], [ -48.181218777316957, -21.784082971916433 ], [ -48.181218532803904, -21.784083724526596 ], [ -48.181218316164021, -21.784084484549446 ], [ -48.181218127653871, -21.784085251084822 ], [ -48.181217967496764, -21.784086023224798 ], [ -48.181217835882393, -21.784086800054798 ], [ -48.181217732966651, -21.784087580654688 ], [ -48.181217658871425, -21.784088364099915 ], [ -48.181217613684495, -21.784089149462556 ], [ -48.181217597459366, -21.784089935812325 ], [ -48.18121761021527, -21.784090722217865 ], [ -48.181217651937089, -21.7840915077477 ], [ -48.181217722575411, -21.784092291471435 ], [ -48.181217822046563, -21.78409307246077 ], [ -48.181217950232742, -21.784093849790676 ], [ -48.181218106982101, -21.784094622540433 ], [ -48.181218292108987, -21.784095389794761 ], [ -48.181218505394128, -21.784096150644888 ], [ -48.181218746584889, -21.784096904189628 ], [ -48.181219015395605, -21.784097649536427 ], [ -48.181219311507881, -21.784098385802476 ], [ -48.181219634570979, -21.784099112115712 ], [ -48.181219984202258, -21.78409982761584 ], [ -48.181220359987591, -21.784100531455387 ], [ -48.181220761481875, -21.78410122280069 ], [ -48.181221188209577, -21.784101900832887 ], [ -48.181221639665253, -21.784102564748892 ], [ -48.181222115314156, -21.7841032137623 ], [ -48.181222614592926, -21.784103847104419 ], [ -48.181223136910205, -21.784104464025081 ], [ -48.181223681647296, -21.784105063793564 ], [ -48.181224248159019, -21.784105645699483 ], [ -48.181224835774351, -21.78410620905359 ], [ -48.18122544379731, -21.78410675318862 ], [ -48.181226071507702, -21.784107277460077 ], [ -48.18122671816203, -21.784107781246988 ], [ -48.181227382994386, -21.784108263952643 ], [ -48.181228065217311, -21.784108725005296 ], [ -48.181228764022741, -21.784109163858858 ], [ -48.181229478582964, -21.784109579993519 ], [ -48.18123020805163, -21.784109972916397 ], [ -48.181230951564721, -21.784110342162112 ], [ -48.181231708241569, -21.784110687293278 ], [ -48.181232477185951, -21.784111007901124 ], [ -48.181233257487072, -21.784111303605904 ], [ -48.181234048220723, -21.784111574057356 ], [ -48.181234848450281, -21.784111818935152 ], [ -48.181603283418177, -21.784198556433498 ], [ -48.181871245420851, -21.783687812345732 ], [ -48.181716610125292, -21.783642536904559 ], [ -48.181604420885193, -21.78385653460445 ], [ -48.181318643009412, -21.783778125501154 ] ] ] } },
{ "type": "Feature", "properties": { "nome": "Edifício Millenium", "LAYER": "CONDOMINIOS" }, "geometry": { "type": "Polygon", "coordinates": [ [ [ -48.180841627352521, -21.782231002153946 ], [ -48.180706413769975, -21.782622510207787 ], [ -48.181127654233698, -21.782664809018939 ], [ -48.181140008178552, -21.7826242347499 ], [ -48.181222659451116, -21.782620260359405 ], [ -48.181302609254409, -21.782328086634731 ], [ -48.180856065911726, -21.782223811932177 ], [ -48.180855650035276, -21.782223724864913 ], [ -48.180855231178938, -21.782223651306616 ], [ -48.180854809845606, -21.782223591345598 ], [ -48.180854386541107, -21.782223545053856 ], [ -48.180853961773629, -21.782223512486947 ], [ -48.180853536053171, -21.782223493683983 ], [ -48.180853109890819, -21.78222348866754 ], [ -48.180852683798207, -21.782223497443635 ], [ -48.180852258286905, -21.782223520001736 ], [ -48.180851833867763, -21.782223556314754 ], [ -48.18085141105032, -21.782223606339102 ], [ -48.180850990342208, -21.782223670014716 ], [ -48.180850572248502, -21.782223747265146 ], [ -48.180850157271173, -21.782223837997648 ], [ -48.180849745908411, -21.782223942103307 ], [ -48.180849338654092, -21.782224059457114 ], [ -48.180848935997162, -21.782224189918189 ], [ -48.180848538421024, -21.782224333329925 ], [ -48.180848146403015, -21.78222448952009 ], [ -48.180847760413762, -21.782224658301207 ], [ -48.180847380916681, -21.782224839470651 ], [ -48.180847008367387, -21.782225032810896 ], [ -48.180846643213144, -21.782225238089836 ], [ -48.180846285892358, -21.782225455060996 ], [ -48.180845936833997, -21.78222568346391 ], [ -48.180845596457146, -21.782225923024349 ], [ -48.180845265170454, -21.78222617345472 ], [ -48.180844943371646, -21.782226434454355 ], [ -48.180844631447073, -21.78222670570991 ], [ -48.18084432977119, -21.782226986895715 ], [ -48.180844038706226, -21.782227277674188 ], [ -48.180843758601597, -21.782227577696226 ], [ -48.180843489793602, -21.782227886601646 ], [ -48.180843232604957, -21.782228204019589 ], [ -48.180842987344434, -21.782228529568936 ], [ -48.180842754306482, -21.782228862858876 ], [ -48.180842533770893, -21.782229203489273 ], [ -48.18084232600242, -21.782229551051152 ], [ -48.180842131250515, -21.782229905127267 ], [ -48.180841949748988, -21.782230265292498 ], [ -48.180841781715742, -21.782230631114455 ], [ -48.180841627352521, -21.782231002153946 ] ] ] } },
{ "type": "Feature", "properties": { "nome": "Edifício Edel Michetti / Edifício Dona Alexandrina", "LAYER": "CONDOMINIOS" }, "geometry": { "type": "Polygon", "coordinates": [ [ [ -48.161897701793158, -21.75878513992857 ], [ -48.161884602595272, -21.758790687691747 ], [ -48.161878328700318, -21.758798714167142 ], [ -48.161875328257025, -21.758804832609485 ], [ -48.161875048095396, -21.758808097480266 ], [ -48.161889610019919, -21.759005324936865 ], [ -48.162177471141632, -21.758986843619766 ], [ -48.16216181945974, -21.758771404196015 ], [ -48.161897701793158, -21.75878513992857 ] ] ] } },
{ "type": "Feature", "properties": { "nome": "VILLAGIO HARMONIA", "LAYER": "CONDOMINIOS" }, "geometry": { "type": "Polygon", "coordinates": [ [ [ -48.180975045149637, -21.76293633033626 ], [ -48.180963143836827, -21.762938637674946 ], [ -48.180955477277095, -21.762938526287222 ], [ -48.180932580762921, -21.762935463570283 ], [ -48.180928553006503, -21.762934683053381 ], [ -48.180917574833366, -21.762931377705502 ], [ -48.180911424776468, -21.762929032512282 ], [ -48.18090679188915, -21.762926711376831 ], [ -48.18089934977295, -21.762922250718866 ], [ -48.180893344114445, -21.762917823018377 ], [ -48.18088809366045, -21.762913541664972 ], [ -48.180882956637817, -21.762908865102922 ], [ -48.180877053060605, -21.762902665722294 ], [ -48.180872344890268, -21.76289556912716 ], [ -48.180856765318822, -21.762862193359474 ], [ -48.180855627302208, -21.762860462291126 ], [ -48.180852402033487, -21.76285555624624 ], [ -48.180843617453135, -21.762845043861947 ], [ -48.180826709738668, -21.762830136948565 ], [ -48.180712093688314, -21.762950384177987 ], [ -48.180667714090063, -21.762999054949859 ], [ -48.180509014801672, -21.763162002269844 ], [ -48.180530606173718, -21.763179151231864 ], [ -48.180561788701823, -21.763205621041099 ], [ -48.180775297650058, -21.763385878180099 ], [ -48.180943352481009, -21.763525113338162 ], [ -48.18095887283841, -21.763535732644502 ], [ -48.18096747143921, -21.763540222394894 ], [ -48.180976842514525, -21.763544665316132 ], [ -48.180989069601885, -21.76354772140267 ], [ -48.181001483339621, -21.763549340178116 ], [ -48.181013534547589, -21.763549390705002 ], [ -48.181026389156258, -21.763546404346314 ], [ -48.181039511223396, -21.763541971771922 ], [ -48.181053717387165, -21.763534777704173 ], [ -48.181061881971466, -21.763528402522031 ], [ -48.181156037872647, -21.763413629532952 ], [ -48.181226355928672, -21.763327627451119 ], [ -48.181256244419615, -21.763290962576551 ], [ -48.181336797002501, -21.763191945471853 ], [ -48.181502094342036, -21.762992556806029 ], [ -48.181961787510815, -21.762432173772979 ], [ -48.1815414257808, -21.76208660626806 ], [ -48.181345521723465, -21.762294741400886 ], [ -48.181348670951877, -21.762297962058344 ], [ -48.181352748228221, -21.762301388200065 ], [ -48.181356505525393, -21.762303891229816 ], [ -48.181361975843473, -21.762306974081866 ], [ -48.181367272992226, -21.762309654290348 ], [ -48.181372694398007, -21.762312014421379 ], [ -48.181379023166301, -21.762314084151598 ], [ -48.181389408598363, -21.762317436444075 ], [ -48.181413262831185, -21.762326832400177 ], [ -48.181422912133911, -21.76233218076737 ], [ -48.181433600456046, -21.762339944993652 ], [ -48.181442483463577, -21.762348365633336 ], [ -48.181452044068664, -21.762358934943919 ], [ -48.181458129647275, -21.762369269584124 ], [ -48.181461126183819, -21.762377526562357 ], [ -48.181464263645189, -21.762391860800257 ], [ -48.181467003844929, -21.762407617757045 ], [ -48.181466451665607, -21.762421970605445 ], [ -48.181464700582254, -21.762430974497967 ], [ -48.181460620794937, -21.762442032939614 ], [ -48.181457002336181, -21.762450205591009 ], [ -48.181448636112961, -21.762462420543262 ], [ -48.181442384122278, -21.762469538839369 ], [ -48.181434692042579, -21.762476622365597 ], [ -48.181426113355734, -21.762482844483493 ], [ -48.181414835202574, -21.762489130655656 ], [ -48.181405865068186, -21.762492866393664 ], [ -48.181393305054819, -21.762496763148924 ], [ -48.181382787596363, -21.76249894306234 ], [ -48.181372987380783, -21.762500623368506 ], [ -48.181363134517561, -21.762500891631188 ], [ -48.181347248510221, -21.762497180372801 ], [ -48.181335349573644, -21.762493533071641 ], [ -48.181322970704898, -21.762487677254917 ], [ -48.181313419294256, -21.762482126629298 ], [ -48.181294155061607, -21.762466471125492 ], [ -48.181252264268927, -21.762432046240203 ], [ -48.181267725232367, -21.762416558624352 ], [ -48.181247711694105, -21.762396819978491 ], [ -48.181087027678259, -21.762564858043174 ], [ -48.180925137432652, -21.762730429137058 ], [ -48.180942541467907, -21.762745731986698 ], [ -48.180999714498441, -21.762767977184488 ], [ -48.181009326904089, -21.762774379920909 ], [ -48.181034041724878, -21.762796568518919 ], [ -48.181040700094776, -21.76280612897402 ], [ -48.181044923999742, -21.762813278964309 ], [ -48.181047530412577, -21.762823477567675 ], [ -48.181052012494071, -21.762847782360833 ], [ -48.181052196878078, -21.762855990099187 ], [ -48.181049629208921, -21.762865725941388 ], [ -48.181044344627658, -21.762880162430026 ], [ -48.181038317692796, -21.762891657438189 ], [ -48.181031730779672, -21.762901645119292 ], [ -48.181026811522159, -21.762907047852256 ], [ -48.181013767644437, -21.762917747521691 ], [ -48.181006195571669, -21.762922562559229 ], [ -48.180996150221063, -21.76292787993702 ], [ -48.180975045149637, -21.76293633033626 ] ] ] } },
{ "type": "Feature", "properties": { "nome": null, "LAYER": "CONDOMINIOS" }, "geometry": { "type": "Polygon", "coordinates": [ [ [ -48.192237449615142, -21.769140895602725 ], [ -48.192610044497997, -21.769271025490927 ], [ -48.192736397526026, -21.769221832217944 ], [ -48.19373232225216, -21.768131591973514 ], [ -48.193737774963942, -21.768110445897268 ], [ -48.193732128438228, -21.768089059562413 ], [ -48.193718213997485, -21.768071515401918 ], [ -48.193703860835015, -21.768059716649201 ], [ -48.192346259940578, -21.766987113187781 ], [ -48.192287639105814, -21.767074132912565 ], [ -48.192175028259257, -21.767184268399649 ], [ -48.191897615423869, -21.767455582509957 ], [ -48.191450875129583, -21.767883268305358 ], [ -48.191414973677574, -21.767911592722399 ], [ -48.19130935705082, -21.768001578029423 ], [ -48.191201855046351, -21.768216328077372 ], [ -48.191559804587108, -21.768495421483248 ], [ -48.191801448483872, -21.76871638622783 ], [ -48.192012488863504, -21.768913527137936 ], [ -48.192040617946759, -21.768880925701975 ], [ -48.192083051159621, -21.76891325020399 ], [ -48.192127417592467, -21.768949906913473 ], [ -48.192183644034721, -21.768995469597851 ], [ -48.19217267996963, -21.769007392556915 ], [ -48.192221714131634, -21.769048383822888 ], [ -48.192225888866595, -21.769049902500978 ], [ -48.192282742795598, -21.769096153110073 ], [ -48.192280604756078, -21.769098244170706 ], [ -48.192259979898466, -21.769122153073788 ], [ -48.192237449615142, -21.769140895602725 ] ] ] } },
{ "type": "Feature", "properties": { "nome": "Condomínio Jardim Alvorada", "LAYER": "CONDOMINIOS" }, "geometry": { "type": "Polygon", "coordinates": [ [ [ -48.14165215342129, -21.827979725515799 ], [ -48.14177278144772, -21.8280544306681 ], [ -48.141751305017152, -21.828080141721514 ], [ -48.141724475440888, -21.828109732865713 ], [ -48.141815990493086, -21.828181689800093 ], [ -48.141842647031766, -21.828154407343252 ], [ -48.141859107521704, -21.828167316889225 ], [ -48.14246189742456, -21.827504787247879 ], [ -48.142647295045599, -21.82730370782507 ], [ -48.14300502079854, -21.826924785593224 ], [ -48.142709582578206, -21.826147371684574 ], [ -48.142427760958554, -21.82534395879885 ], [ -48.142193568908127, -21.824725284763048 ], [ -48.142139065798716, -21.824578085038823 ], [ -48.142114275256951, -21.824282808077147 ], [ -48.142045285664494, -21.823461080196861 ], [ -48.14197407874137, -21.822711196759851 ], [ -48.141706623128947, -21.821164206817233 ], [ -48.141311515129559, -21.821250176415798 ], [ -48.141224507929849, -21.821326874014002 ], [ -48.141161093298528, -21.821382774472387 ], [ -48.141095865768939, -21.821434965645572 ], [ -48.141035306706911, -21.821490173359397 ], [ -48.140973089238777, -21.821543047627962 ], [ -48.140911463021851, -21.821598124676253 ], [ -48.140850864426213, -21.821651469983504 ], [ -48.140788097659836, -21.821704013613942 ], [ -48.140663878307684, -21.82181096738065 ], [ -48.14056682130731, -21.82189466030578 ], [ -48.140540941509848, -21.821917629741439 ], [ -48.140478892718647, -21.82197247163543 ], [ -48.140418147492504, -21.822026732344277 ], [ -48.140356023289854, -21.82208013445522 ], [ -48.140293231340074, -21.822132384763613 ], [ -48.140230616956998, -21.822186746039975 ], [ -48.140227946864535, -21.822189068060716 ], [ -48.14016996508289, -21.822239491338962 ], [ -48.140107653530585, -21.822292590282604 ], [ -48.140045786579542, -21.822345263137471 ], [ -48.140014134831475, -21.822373854931527 ], [ -48.13998399314692, -21.822401082630947 ], [ -48.139921863904277, -21.822452217416714 ], [ -48.13986061200869, -21.822505873197048 ], [ -48.139799595180008, -21.82255946383891 ], [ -48.1397552567947, -21.822600254948906 ], [ -48.13972925627192, -21.82262417529228 ], [ -48.139693238035235, -21.822660159824562 ], [ -48.139686484249623, -21.822669559443227 ], [ -48.139678882191326, -21.822679596670348 ], [ -48.139667172203374, -21.822696089270426 ], [ -48.13964743841214, -21.822722444707416 ], [ -48.139622070075141, -21.822767861986563 ], [ -48.139612038054906, -21.822789439720935 ], [ -48.13960104322188, -21.822820562568733 ], [ -48.139595558706802, -21.822836087466463 ], [ -48.139591775930441, -21.822851312776283 ], [ -48.139587077656067, -21.822870166602641 ], [ -48.139586237547199, -21.822873627754422 ], [ -48.139585517411604, -21.822877125503044 ], [ -48.139585314027073, -21.822878190133423 ], [ -48.139580143025455, -21.822903735935611 ], [ -48.139575833837306, -21.822939583513971 ], [ -48.139575454143809, -21.822955112077171 ], [ -48.139574556439179, -21.822991826018729 ], [ -48.139580395601769, -21.823055492480155 ], [ -48.139582565042275, -21.823069855668798 ], [ -48.13959752706343, -21.823154727952637 ], [ -48.139611596644578, -21.823231200465592 ], [ -48.139624813786021, -21.823310449759926 ], [ -48.139637597245425, -21.823385801527614 ], [ -48.139651388392188, -21.823464520194811 ], [ -48.139665206147463, -21.823544352983461 ], [ -48.13967826332415, -21.823621010212083 ], [ -48.139692631127055, -21.82369902020827 ], [ -48.139706539611311, -21.823774536279135 ], [ -48.139719488863243, -21.82385304246381 ], [ -48.139732229002519, -21.823930390629076 ], [ -48.1397467065973, -21.824009836519387 ], [ -48.139773377134311, -21.824164835786579 ], [ -48.139800826807175, -21.824319140687873 ], [ -48.139814563867546, -21.824396663206919 ], [ -48.139828383083938, -21.824475186475791 ], [ -48.139842013480454, -21.82455208683648 ], [ -48.139855556305662, -21.824629668250047 ], [ -48.139869873756702, -21.824708327153129 ], [ -48.139882811683378, -21.824785369517137 ], [ -48.139896009025456, -21.824862266519823 ], [ -48.139909892066697, -21.824940545801031 ], [ -48.139924104168905, -21.825017678244006 ], [ -48.139936319635076, -21.825094833761248 ], [ -48.13994973665411, -21.825170800613527 ], [ -48.139964118456554, -21.825249268733714 ], [ -48.139977323159066, -21.825327349679764 ], [ -48.139991582213632, -21.825407107965074 ], [ -48.140004458902581, -21.825482221682584 ], [ -48.140018558778621, -21.825557630902335 ], [ -48.140031551930598, -21.825636080363012 ], [ -48.140045060442979, -21.82571470893074 ], [ -48.140058347849532, -21.825792160505529 ], [ -48.14007316844399, -21.825869807505558 ], [ -48.140086111427117, -21.825943963688616 ], [ -48.140100336886825, -21.826025265978128 ], [ -48.140112211962723, -21.826101622108474 ], [ -48.140125709682671, -21.82617856937809 ], [ -48.140140845986359, -21.826257457759333 ], [ -48.140153480644976, -21.826334267449198 ], [ -48.140194607954889, -21.826567381237332 ], [ -48.140207991249873, -21.826640325200437 ], [ -48.140221971665241, -21.82672154855312 ], [ -48.140234517317637, -21.826797965511712 ], [ -48.140248625287619, -21.82687280197618 ], [ -48.140262322012973, -21.826954423041272 ], [ -48.14027602120207, -21.827029409177126 ], [ -48.14029012746068, -21.827110663780221 ], [ -48.140301537152041, -21.82718508459196 ], [ -48.140315540555783, -21.827264224674785 ], [ -48.140329625868212, -21.827343223780879 ], [ -48.140343179304324, -21.827419191153041 ], [ -48.14034301510344, -21.827419216266637 ], [ -48.140362810405591, -21.827525295324357 ], [ -48.140365974847711, -21.827540327375509 ], [ -48.140369167252373, -21.827554721035327 ], [ -48.140371851619243, -21.827564684164269 ], [ -48.140375128538068, -21.827576846570707 ], [ -48.140384326133209, -21.827603739453224 ], [ -48.140384887022414, -21.827605096964835 ], [ -48.140385537479297, -21.82760667125569 ], [ -48.140386247252458, -21.827608389108775 ], [ -48.140387023589, -21.82761026806422 ], [ -48.140387722412719, -21.827611959416473 ], [ -48.140388313439615, -21.827613389869722 ], [ -48.140388873298612, -21.827614744887761 ], [ -48.140389396016118, -21.8276160100128 ], [ -48.140395106883801, -21.827629831935688 ], [ -48.140396723435906, -21.827632837093724 ], [ -48.140409845107378, -21.827657104257003 ], [ -48.140415837415766, -21.827666074807329 ], [ -48.140443362164348, -21.827707279637469 ], [ -48.140447697000461, -21.827712282500286 ], [ -48.140466887910826, -21.827734430850789 ], [ -48.140495915259422, -21.827761178654281 ], [ -48.140549261404153, -21.82780997241332 ], [ -48.140857071869789, -21.828068401217845 ], [ -48.140982151077715, -21.827985799014733 ], [ -48.140997955839651, -21.827971185537411 ], [ -48.14103664193064, -21.827954399664367 ], [ -48.141119719789884, -21.827928110776096 ], [ -48.141158886682476, -21.827917862678589 ], [ -48.141326959693515, -21.827918498797619 ], [ -48.141554956095405, -21.82794069665001 ], [ -48.14165215342129, -21.827979725515799 ] ] ] } },
{ "type": "Feature", "properties": { "nome": null, "LAYER": "CONDOMINIOS" }, "geometry": { "type": "Polygon", "coordinates": [ [ [ -48.194267174480665, -21.765854569039146 ], [ -48.194243413513142, -21.765928164772106 ], [ -48.194217057536804, -21.766000985465418 ], [ -48.194188135435311, -21.76607295130421 ], [ -48.194156678905038, -21.766143983410469 ], [ -48.194122722420403, -21.766214003929463 ], [ -48.194086303196045, -21.766282936115164 ], [ -48.194047461146091, -21.766350704414318 ], [ -48.194006238840402, -21.76641723454922 ], [ -48.193962681457911, -21.766482453599238 ], [ -48.193961169195447, -21.766484139873253 ], [ -48.193959720428794, -21.7664858741079 ], [ -48.193958336899861, -21.766487654218064 ], [ -48.19395702027213, -21.766489478063438 ], [ -48.193955772128596, -21.766491343451168 ], [ -48.193954593969991, -21.76649324813841 ], [ -48.193953487212838, -21.766495189835091 ], [ -48.193952453187848, -21.766497166206644 ], [ -48.193951493138265, -21.766499174876802 ], [ -48.193950608218387, -21.766501213430455 ], [ -48.193949799492202, -21.76650327941659 ], [ -48.193949067932074, -21.766505370351197 ], [ -48.193948414417584, -21.76650748372024 ], [ -48.193947839734491, -21.766509616982752 ], [ -48.193947344573729, -21.766511767573846 ], [ -48.193946929530682, -21.76651393290777 ], [ -48.193946595104364, -21.766516110381072 ], [ -48.193946341696886, -21.766518297375672 ], [ -48.193946169612914, -21.766520491262085 ], [ -48.193946079059373, -21.766522689402528 ], [ -48.193946070145124, -21.766524889154073 ], [ -48.19394614288089, -21.766527087871872 ], [ -48.193946297179238, -21.76652928291233 ], [ -48.193946532854639, -21.766531471636281 ], [ -48.193946849623742, -21.766533651412132 ], [ -48.19394724710569, -21.766535819619047 ], [ -48.193947724822571, -21.766537973650109 ], [ -48.193948282200019, -21.766540110915429 ], [ -48.193948918567877, -21.766542228845346 ], [ -48.193949633161012, -21.766544324893342 ], [ -48.193950425120256, -21.76654639653928 ], [ -48.193951293493413, -21.766548441292326 ], [ -48.193952237236388, -21.766550456694002 ], [ -48.193953255214517, -21.766552440321099 ], [ -48.19395434620381, -21.766554389788656 ], [ -48.193955508892557, -21.76655630275275 ], [ -48.193956741882815, -21.766558176913314 ], [ -48.193958043692113, -21.766560010017017 ], [ -48.193959412755227, -21.766561799859797 ], [ -48.193960847426098, -21.76656354428971 ], [ -48.193962345979763, -21.766565241209324 ], [ -48.193963906614464, -21.766566888578392 ], [ -48.193965527453756, -21.766568484416197 ], [ -48.193967206548876, -21.766570026804011 ], [ -48.193968941880989, -21.766571513887357 ], [ -48.193970731363606, -21.766572943878241 ], [ -48.193972572845198, -21.766574315057358 ], [ -48.193974464111669, -21.766575625776078 ], [ -48.194204291023709, -21.766760034205618 ], [ -48.194465459745345, -21.766464542964151 ], [ -48.194922660337788, -21.76683714740911 ], [ -48.195429688228053, -21.766273634081934 ], [ -48.195169715639494, -21.766072024535319 ], [ -48.195043994743969, -21.765971887912325 ], [ -48.194984507840154, -21.765923119183736 ], [ -48.194929917589889, -21.765882567403796 ], [ -48.194836207718758, -21.765809130316615 ], [ -48.194778093912838, -21.765760772762302 ], [ -48.194693912877788, -21.76569356281804 ], [ -48.194471931023116, -21.765521334149014 ], [ -48.194408550256071, -21.765590887978234 ], [ -48.194355669988951, -21.765648918519656 ], [ -48.194337135510857, -21.765645687487048 ], [ -48.194318470823475, -21.765631439664546 ], [ -48.194302251150887, -21.765702780729089 ], [ -48.194267174480665, -21.765854569039146 ] ] ] } },
{ "type": "Feature", "properties": { "nome": "Condominio Residencial Paraiso", "LAYER": "CONDOMINIOS" }, "geometry": { "type": "Polygon", "coordinates": [ [ [ -48.192057703215646, -21.764740796408638 ], [ -48.191614142267873, -21.764664465071025 ], [ -48.191590488712784, -21.764800305684492 ], [ -48.192031599915929, -21.764873659900189 ], [ -48.192057703215646, -21.764740796408638 ] ] ] } },
{ "type": "Feature", "properties": { "nome": "Edifício Faveral", "LAYER": "CONDOMINIOS" }, "geometry": { "type": "Polygon", "coordinates": [ [ [ -48.178795757572644, -21.7706150984956 ], [ -48.179116059976167, -21.770682926821536 ], [ -48.179145220654412, -21.770569406492935 ], [ -48.179089284274468, -21.770557920303382 ], [ -48.179129307296364, -21.770390317296894 ], [ -48.178791803562909, -21.77031603014802 ], [ -48.178752118250046, -21.770308934855574 ], [ -48.178736337326505, -21.770321609160035 ], [ -48.178795757572644, -21.7706150984956 ] ] ] } },
{ "type": "Feature", "properties": { "nome": "Condomínio Residencial Henrique Lupo", "LAYER": "CONDOMINIOS" }, "geometry": { "type": "Polygon", "coordinates": [ [ [ -48.178397438239124, -21.768463777123653 ], [ -48.178354261535674, -21.768453111243346 ], [ -48.178446946922982, -21.768913863692905 ], [ -48.17881788012528, -21.76899604005748 ], [ -48.178946591595825, -21.768466221078214 ], [ -48.178477199307657, -21.768371373793798 ], [ -48.178428567554619, -21.768470198115864 ], [ -48.178397438239124, -21.768463777123653 ] ] ] } },
{ "type": "Feature", "properties": { "nome": "Condomínio Residencial Vitta Portal das Arvores", "LAYER": "CONDOMINIOS" }, "geometry": { "type": "Polygon", "coordinates": [ [ [ -48.190358439064099, -21.767772621051257 ], [ -48.190699939124393, -21.768113715156439 ], [ -48.191228640642628, -21.767657832247433 ], [ -48.191450875129583, -21.767883268305358 ], [ -48.191897615423869, -21.767455582509957 ], [ -48.192175028259257, -21.767184268399649 ], [ -48.191549224972825, -21.766640568148141 ], [ -48.189809929991718, -21.76709662891307 ], [ -48.190358439064099, -21.767772621051257 ] ] ] } },
{ "type": "Feature", "properties": { "nome": "Condomínio Residencial Catellani", "LAYER": "CONDOMINIOS" }, "geometry": { "type": "Polygon", "coordinates": [ [ [ -48.196247744519248, -21.785257359533006 ], [ -48.196260623985417, -21.785358228204167 ], [ -48.196274072982277, -21.785463894440362 ], [ -48.196277910144232, -21.785493807335293 ], [ -48.196426160519763, -21.785477737950046 ], [ -48.196518299384813, -21.785467750621041 ], [ -48.196498788002657, -21.785315209537014 ], [ -48.196494954783212, -21.785307922973708 ], [ -48.196490227260853, -21.785300551560301 ], [ -48.196481076336376, -21.78529008614564 ], [ -48.196446577961709, -21.785263948216546 ], [ -48.196243275018318, -21.785214154520219 ], [ -48.196247744519248, -21.785257359533006 ] ] ] } },
{ "type": "Feature", "properties": { "nome": "Condomínio Residencial Parque Atlantis", "LAYER": "CONDOMINIOS" }, "geometry": { "type": "Polygon", "coordinates": [ [ [ -48.209334095992965, -21.782759917217383 ], [ -48.208265052085991, -21.78256358643468 ], [ -48.207351572243809, -21.78548715211511 ], [ -48.20801968136297, -21.785668102291169 ], [ -48.208099629586833, -21.785412597138425 ], [ -48.208471381518599, -21.785514996854943 ], [ -48.209334095992965, -21.782759917217383 ] ] ] } },
{ "type": "Feature", "properties": { "nome": "Reserva Flor de Lótus", "LAYER": "CONDOMINIOS" }, "geometry": { "type": "Polygon", "coordinates": [ [ [ -48.188295927369566, -21.753898900416459 ], [ -48.188295367337005, -21.753896301926282 ], [ -48.188294710471304, -21.753893723299587 ], [ -48.188293957574402, -21.7538911676845 ], [ -48.188293109565485, -21.753888638201072 ], [ -48.188292167479858, -21.753886137937418 ], [ -48.188291132467675, -21.753883669946021 ], [ -48.188290005792545, -21.753881237239927 ], [ -48.188288788829979, -21.753878842789124 ], [ -48.188287483065714, -21.753876489516905 ], [ -48.188286090093918, -21.753874180296251 ], [ -48.188284611615181, -21.753871917946395 ], [ -48.18828304943456, -21.753869705229341 ], [ -48.188281405459215, -21.7538675448465 ], [ -48.188279681696237, -21.753865439435394 ], [ -48.188277880250077, -21.753863391566416 ], [ -48.188276003320055, -21.753861403739723 ], [ -48.188274053197624, -21.753859478382147 ], [ -48.188272032263612, -21.753857617844293 ], [ -48.188269942985293, -21.75385582439759 ], [ -48.188267787913354, -21.753854100231592 ], [ -48.188265569678862, -21.753852447451244 ], [ -48.188263290989937, -21.753850868074359 ], [ -48.188260954628539, -21.753849364029115 ], [ -48.188258563447029, -21.753847937151747 ], [ -48.188256120364684, -21.753846589184256 ], [ -48.188253628364173, -21.753845321772317 ], [ -48.18825109048786, -21.753844136463258 ], [ -48.188248509834118, -21.753843034704158 ], [ -48.188245889553563, -21.753842017840118 ], [ -48.188243232845167, -21.753841087112587 ], [ -48.188240542952393, -21.75384024365782 ], [ -48.18823782315922, -21.753839488505559 ], [ -48.188235076786079, -21.753838822577766 ], [ -48.188232307185949, -21.753838246687398 ], [ -48.188229517740069, -21.753837761537586 ], [ -48.188226711853964, -21.753837367720571 ], [ -48.188223892953218, -21.753837065717178 ], [ -48.187232397361186, -21.753706307024114 ], [ -48.18715269824159, -21.754232042507642 ], [ -48.188231172264445, -21.754369973549867 ], [ -48.18829718728373, -21.753909429282004 ], [ -48.188297020227132, -21.753906783246009 ], [ -48.188296754319438, -21.753904144277321 ], [ -48.188296389885274, -21.753901515597718 ], [ -48.188295927369566, -21.753898900416459 ] ] ] } },
{ "type": "Feature", "properties": { "nome": "Condomínio Residencial Riacho Doce", "LAYER": "CONDOMINIOS" }, "geometry": { "type": "Polygon", "coordinates": [ [ [ -48.18591713531189, -21.754607958014631 ], [ -48.187072945524775, -21.754755580503723 ], [ -48.18715269824159, -21.754232042507642 ], [ -48.187232397361186, -21.753706307024114 ], [ -48.186223255786359, -21.753579421463701 ], [ -48.18591713531189, -21.754607958014631 ] ] ] } },
{ "type": "Feature", "properties": { "nome": "Condomínio Altos do Botânico", "LAYER": "CONDOMINIOS" }, "geometry": { "type": "Polygon", "coordinates": [ [ [ -48.188153747590178, -21.754866299035211 ], [ -48.188155100920888, -21.754864302537438 ], [ -48.188158825930181, -21.754856450539428 ], [ -48.188161050216308, -21.754847687388093 ], [ -48.18816381047499, -21.754828311980045 ], [ -48.188231172264445, -21.754369973549867 ], [ -48.18715269824159, -21.754232042507642 ], [ -48.187072945524775, -21.754755580503723 ], [ -48.188121401646242, -21.754888675889575 ], [ -48.188139035143429, -21.754880797092937 ], [ -48.188150129775408, -21.75487120318413 ], [ -48.188153747590178, -21.754866299035211 ] ] ] } },
{ "type": "Feature", "properties": { "nome": "Condomínio Residencial Parque Arcos Da Lapa", "LAYER": "CONDOMINIOS" }, "geometry": { "type": "Polygon", "coordinates": [ [ [ -48.210794230232459, -21.780752423030851 ], [ -48.210709354787717, -21.781026698624366 ], [ -48.210521571058841, -21.781633816841694 ], [ -48.21041448345391, -21.781980196294469 ], [ -48.21119455805777, -21.782190644058357 ], [ -48.211285419195868, -21.782216000070779 ], [ -48.211263261102687, -21.781693396053342 ], [ -48.211250391635744, -21.781419564094566 ], [ -48.211242349519551, -21.781205582798748 ], [ -48.211233075412807, -21.780988118490111 ], [ -48.211226262775071, -21.780869828526018 ], [ -48.210794230232459, -21.780752423030851 ] ] ] } },
{ "type": "Feature", "properties": { "nome": "Condomínio Residencial Portal Parque de Sevilha", "LAYER": "CONDOMINIOS" }, "geometry": { "type": "Polygon", "coordinates": [ [ [ -48.209440723105907, -21.788338571404985 ], [ -48.209405951972549, -21.788447329018968 ], [ -48.209379919300929, -21.788523092903183 ], [ -48.209292976924743, -21.78878080164688 ], [ -48.209734397815211, -21.788891119116503 ], [ -48.209813494535325, -21.788911384597878 ], [ -48.210251891660185, -21.787556039076879 ], [ -48.210255197267117, -21.787538613228843 ], [ -48.21025169494542, -21.787522134672976 ], [ -48.210242880805161, -21.787510044696916 ], [ -48.210238587206184, -21.787506050950523 ], [ -48.210232217085618, -21.787501799097498 ], [ -48.210221488932305, -21.787498008764775 ], [ -48.209754967989021, -21.787372159153367 ], [ -48.209740325488603, -21.787416246433438 ], [ -48.209703097854536, -21.787527157164426 ], [ -48.209536927508879, -21.788051029676556 ], [ -48.209508292362315, -21.788142060333985 ], [ -48.209440723105907, -21.788338571404985 ] ] ] } },
{ "type": "Feature", "properties": { "nome": "Condomínio Residencial Parque Arpoador", "LAYER": "CONDOMINIOS" }, "geometry": { "type": "Polygon", "coordinates": [ [ [ -48.210057854664925, -21.781571934390435 ], [ -48.210010525659712, -21.781559403481435 ], [ -48.209777846195259, -21.781497083701737 ], [ -48.209593123807508, -21.781446936692724 ], [ -48.209491358888243, -21.78141958248392 ], [ -48.209416909399131, -21.781399570563611 ], [ -48.209341772166461, -21.781379373740336 ], [ -48.209267652553052, -21.781359450414254 ], [ -48.209193441675723, -21.781339502518708 ], [ -48.209119616776412, -21.781319658336596 ], [ -48.209042708035426, -21.781298779408029 ], [ -48.208970138076999, -21.781279078354054 ], [ -48.208794232134267, -21.78123156988643 ], [ -48.208654301299347, -21.781195014216124 ], [ -48.208665708587446, -21.781398637585038 ], [ -48.20868064259966, -21.781643779423352 ], [ -48.208698137308474, -21.781965438603315 ], [ -48.208720129912763, -21.782366663195901 ], [ -48.208724383502094, -21.782409694243146 ], [ -48.208732689489295, -21.782431149596409 ], [ -48.208747731390268, -21.782449175346208 ], [ -48.208768038568152, -21.782462009123723 ], [ -48.20877761800444, -21.782465511724066 ], [ -48.208885253037963, -21.782489045639842 ], [ -48.208914904612236, -21.782496896432534 ], [ -48.209091881643332, -21.782528927596641 ], [ -48.209245675724965, -21.782553969140501 ], [ -48.209430929586269, -21.782586386763516 ], [ -48.209436354861573, -21.782587336130618 ], [ -48.209490253190957, -21.782601606487226 ], [ -48.209557707078041, -21.782613458027786 ], [ -48.20958993837538, -21.782614886884851 ], [ -48.209632389064559, -21.782606874888749 ], [ -48.209672577802678, -21.782592403946325 ], [ -48.209709357706899, -21.782571468605578 ], [ -48.20972493078952, -21.782559739703686 ], [ -48.209725360743889, -21.78255928502238 ], [ -48.209749782030109, -21.782533459248029 ], [ -48.209768360680727, -21.78250299114459 ], [ -48.209779500038877, -21.782471266478087 ], [ -48.209774120645456, -21.782451972191666 ], [ -48.209760492925732, -21.782412284977934 ], [ -48.209764904766764, -21.782397748688382 ], [ -48.209778548869565, -21.782339074726782 ], [ -48.209784470831131, -21.782318202397594 ], [ -48.209816554855294, -21.782212780531076 ], [ -48.209858613395873, -21.782080188563206 ], [ -48.209913694153101, -21.781898705228027 ], [ -48.20997082345491, -21.781858691669331 ], [ -48.210028890192994, -21.781667368971991 ], [ -48.210049818049256, -21.781598414124581 ], [ -48.210057854664925, -21.781571934390435 ] ] ] } },
{ "type": "Feature", "properties": { "nome": "Condomínio Residencial Morada do Sol Place", "LAYER": "CONDOMINIOS" }, "geometry": { "type": "Polygon", "coordinates": [ [ [ -48.206845666797783, -21.781497102422875 ], [ -48.207646848526792, -21.781365784768266 ], [ -48.207505165949151, -21.780634510638457 ], [ -48.206740406108793, -21.780762295247555 ], [ -48.206725986347436, -21.780772038932835 ], [ -48.20671726939446, -21.780786531811188 ], [ -48.206715899051559, -21.780792267600908 ], [ -48.206715213696434, -21.780815834775392 ], [ -48.206845666797783, -21.781497102422875 ] ] ] } },
{ "type": "Feature", "properties": { "nome": "Condomínio Residencial Parque Atlanta", "LAYER": "CONDOMINIOS" }, "geometry": { "type": "Polygon", "coordinates": [ [ [ -48.20852374340771, -21.778833158816902 ], [ -48.208654301299347, -21.781195014216124 ], [ -48.210010525659712, -21.781559403481435 ], [ -48.210438741963479, -21.780172266591098 ], [ -48.210392332809697, -21.780159979269939 ], [ -48.210485824519438, -21.779852268506968 ], [ -48.210481910251694, -21.779799885392016 ], [ -48.210516348010735, -21.779712488385627 ], [ -48.210589586138489, -21.779459312224411 ], [ -48.210616303038904, -21.779435485880633 ], [ -48.210658013602234, -21.779270533810127 ], [ -48.210714523401066, -21.779220712760413 ], [ -48.210772370295764, -21.779093587522492 ], [ -48.210896100489435, -21.778692707570176 ], [ -48.210960996272725, -21.778482447186619 ], [ -48.211016370884899, -21.778303034497476 ], [ -48.211061290379483, -21.778142958077694 ], [ -48.211074503691364, -21.778080587097008 ], [ -48.211061302819367, -21.777934259639807 ], [ -48.211052180666655, -21.777896169605427 ], [ -48.21100965549676, -21.777816394788836 ], [ -48.210887656763745, -21.777690027037405 ], [ -48.210743098922478, -21.777623902104175 ], [ -48.210074589483185, -21.777441155871401 ], [ -48.210252134013068, -21.776869066893045 ], [ -48.210006155827998, -21.776803327806153 ], [ -48.209992489253366, -21.776776998806554 ], [ -48.209968655209359, -21.776752640194026 ], [ -48.209915158682151, -21.776723967920123 ], [ -48.209866657823468, -21.776724644964503 ], [ -48.209812843975911, -21.776749779466083 ], [ -48.209286372523515, -21.776610654281658 ], [ -48.209353661009253, -21.776388939042953 ], [ -48.209308019211996, -21.776391449564844 ], [ -48.208713520939121, -21.776437955486159 ], [ -48.208634083225988, -21.776452407048126 ], [ -48.208395036035306, -21.776505527968705 ], [ -48.208419293014792, -21.776854221539931 ], [ -48.208419148617843, -21.776946696416445 ], [ -48.208437568314459, -21.777335370410402 ], [ -48.208443679759078, -21.777470104970032 ], [ -48.20852374340771, -21.778833158816902 ] ] ] } },
{ "type": "Feature", "properties": { "nome": "Condomínio Residencial Parque das Pitangueiras", "LAYER": "CONDOMINIOS" }, "geometry": { "type": "Polygon", "coordinates": [ [ [ -48.211501869401062, -21.787239218179966 ], [ -48.211839622595974, -21.78623555589764 ], [ -48.211253894746505, -21.785698435111641 ], [ -48.210795207681393, -21.787061534182591 ], [ -48.211501869401062, -21.787239218179966 ] ] ] } },
{ "type": "Feature", "properties": { "nome": "Condomínio Residencial Amistad- MRV", "LAYER": "CONDOMINIOS" }, "geometry": { "type": "Polygon", "coordinates": [ [ [ -48.190626603375783, -21.754143922360413 ], [ -48.189379676737516, -21.75398358104842 ], [ -48.189140655258605, -21.755018669542444 ], [ -48.190586547828879, -21.755205815874859 ], [ -48.19073904241769, -21.755223210458293 ], [ -48.190745941060499, -21.755222648437051 ], [ -48.190754638893075, -21.755221293661869 ], [ -48.190763176411537, -21.755219232909337 ], [ -48.190771488085609, -21.755216481996879 ], [ -48.190779510118467, -21.755213062039385 ], [ -48.190787180936468, -21.755208999286836 ], [ -48.19079444166178, -21.755204324923227 ], [ -48.19080116057539, -21.755199512181811 ], [ -48.190804717605303, -21.755195794190094 ], [ -48.190807663412251, -21.755191635812583 ], [ -48.190809936394686, -21.755187124007584 ], [ -48.190811489020923, -21.755182353124191 ], [ -48.19090992860118, -21.754373931700503 ], [ -48.190905421345441, -21.754347480641933 ], [ -48.190896604769868, -21.754321436832001 ], [ -48.190882288372833, -21.754298624342248 ], [ -48.190861095860988, -21.754277689478027 ], [ -48.190799413306408, -21.75422200911953 ], [ -48.19075800716535, -21.754191749510717 ], [ -48.190730921728644, -21.754177346986175 ], [ -48.190705902703748, -21.754166603868914 ], [ -48.190678765970119, -21.75415609166998 ], [ -48.190626603375783, -21.754143922360413 ] ] ] } },
{ "type": "Feature", "properties": { "nome": "Condomínio Residencial Antares", "LAYER": "CONDOMINIOS" }, "geometry": { "type": "Polygon", "coordinates": [ [ [ -48.188325829567304, -21.754893650876163 ], [ -48.188329704390995, -21.754897352482498 ], [ -48.188336368656586, -21.754903454719287 ], [ -48.18834641765487, -21.754909814341225 ], [ -48.188355584583569, -21.754915017151269 ], [ -48.188361980669569, -21.754916825764351 ], [ -48.188388666455687, -21.754922405224683 ], [ -48.189140655258605, -21.755018669542444 ], [ -48.189379676737516, -21.75398358104842 ], [ -48.188526932580956, -21.753875241257024 ], [ -48.188496643397293, -21.753874408335278 ], [ -48.188472476263541, -21.753884717788726 ], [ -48.188453644230975, -21.753900428541499 ], [ -48.188440373764237, -21.753922549613801 ], [ -48.188327428467758, -21.754688782855634 ], [ -48.188306099274705, -21.75485089475999 ], [ -48.188307583120732, -21.754858622631133 ], [ -48.188309819974663, -21.754866192640236 ], [ -48.188312791010141, -21.75487354107446 ], [ -48.188316471221647, -21.754880606085987 ], [ -48.188320829634847, -21.754887328212025 ], [ -48.188325829567304, -21.754893650876163 ] ] ] } },
{ "type": "Feature", "properties": { "nome": "Condomínio Residencial Parque dos Jequitibás", "LAYER": "CONDOMINIOS" }, "geometry": { "type": "Polygon", "coordinates": [ [ [ -48.185810091541299, -21.754970608026902 ], [ -48.185877715638512, -21.754741506877952 ], [ -48.18591713531189, -21.754607958014631 ], [ -48.186223255786359, -21.753579421463701 ], [ -48.185460025933224, -21.753481602204577 ], [ -48.185327218969618, -21.754105774435885 ], [ -48.185051646849217, -21.755401034394623 ], [ -48.185653442445243, -21.755476246936031 ], [ -48.185660172926333, -21.755477401237183 ], [ -48.185682228012332, -21.75540358350052 ], [ -48.185708382082083, -21.755317142835363 ], [ -48.185733156065325, -21.755232536645764 ], [ -48.1857585009896, -21.755145980492063 ], [ -48.18578517477728, -21.755054817106885 ], [ -48.185810091541299, -21.754970608026902 ] ] ] } },
{ "type": "Feature", "properties": { "nome": "Condomínio Residencial Vistas do Botânico Oitis", "LAYER": "CONDOMINIOS" }, "geometry": { "type": "Polygon", "coordinates": [ [ [ -48.187384604863219, -21.759865508337626 ], [ -48.187362204933997, -21.759854679156049 ], [ -48.18559975036456, -21.759637564700689 ], [ -48.18557793848219, -21.759640912537652 ], [ -48.185565238848689, -21.75964398099325 ], [ -48.185553155085195, -21.759648755623253 ], [ -48.185545548413273, -21.759654126856205 ], [ -48.185540377736288, -21.75965892084097 ], [ -48.185532218099056, -21.759667515757812 ], [ -48.185522119387407, -21.759682394081427 ], [ -48.185513822823445, -21.759698155389604 ], [ -48.18546278415463, -21.760024478352953 ], [ -48.185462766510369, -21.760029899168661 ], [ -48.185463518663106, -21.760035274265711 ], [ -48.185465027298633, -21.760040508496409 ], [ -48.185467265711786, -21.760045509206545 ], [ -48.185470194279119, -21.760050187875571 ], [ -48.185473761160424, -21.76005446168352 ], [ -48.185477903216245, -21.760058254977157 ], [ -48.185482547125595, -21.760061500609162 ], [ -48.185487610683907, -21.760064141126698 ], [ -48.185493004258106, -21.760066129788186 ], [ -48.185498632373246, -21.760067431391274 ], [ -48.185530337927631, -21.760074036765854 ], [ -48.18730225940746, -21.760300898700628 ], [ -48.187317438473158, -21.760300919005218 ], [ -48.187332837401513, -21.760296105739712 ], [ -48.187357448878018, -21.760284838933213 ], [ -48.187372053661782, -21.760262582903906 ], [ -48.187379703285508, -21.760243638279086 ], [ -48.187384803285667, -21.760221607694284 ], [ -48.187419113054233, -21.759973899812572 ], [ -48.18741868335723, -21.759938376924161 ], [ -48.187414618858462, -21.759916850538605 ], [ -48.187408806195897, -21.759900954259361 ], [ -48.187398494724349, -21.759882628342481 ], [ -48.187384604863219, -21.759865508337626 ] ] ] } },
{ "type": "Feature", "properties": { "nome": "Condomínio Residencial Araucária Flat Hotel", "LAYER": "CONDOMINIOS" }, "geometry": { "type": "Polygon", "coordinates": [ [ [ -48.196785996798795, -21.783965083605811 ], [ -48.196624675908112, -21.784561852559065 ], [ -48.197217820776515, -21.78469957040819 ], [ -48.197379115044932, -21.784104960981956 ], [ -48.197401009404572, -21.784027491832802 ], [ -48.196816251709478, -21.783861452383299 ], [ -48.196785996798795, -21.783965083605811 ] ] ] } },
{ "type": "Feature", "properties": { "nome": "Edifício Victória Business", "LAYER": "CONDOMINIOS" }, "geometry": { "type": "Polygon", "coordinates": [ [ [ -48.19784158876368, -21.784847453652134 ], [ -48.198022741034492, -21.784196950518069 ], [ -48.197401009404572, -21.784027491832802 ], [ -48.197379115044932, -21.784104960981956 ], [ -48.197217820776515, -21.78469957040819 ], [ -48.19784158876368, -21.784847453652134 ] ] ] } },
{ "type": "Feature", "properties": { "nome": "Condomínio Residencial Vistas Do Botânico Cedros", "LAYER": "CONDOMINIOS" }, "geometry": { "type": "Polygon", "coordinates": [ [ [ -48.187565838092738, -21.758815939698003 ], [ -48.187561994758838, -21.758809816619298 ], [ -48.187557506339552, -21.758804090224025 ], [ -48.187552419074386, -21.75879881950522 ], [ -48.187546785372056, -21.758794058761367 ], [ -48.187519389619304, -21.758781425429657 ], [ -48.185733707564786, -21.758554319656337 ], [ -48.185726774779717, -21.758556123833824 ], [ -48.18571888032713, -21.758558869909173 ], [ -48.185711287671438, -21.758562277698953 ], [ -48.185704060663724, -21.75856631854527 ], [ -48.185697260080111, -21.758570958466009 ], [ -48.185690943110785, -21.7585761584415 ], [ -48.185685162878805, -21.75858187474217 ], [ -48.18567996799365, -21.758588059296162 ], [ -48.185675445511002, -21.758600427658532 ], [ -48.185627157502424, -21.758914454427959 ], [ -48.185628308374447, -21.758922230027643 ], [ -48.185630197038307, -21.758929705853216 ], [ -48.185632823170707, -21.758936983776142 ], [ -48.185636163593664, -21.758943999562288 ], [ -48.185640188825019, -21.758950691290789 ], [ -48.185644863338482, -21.758956999900896 ], [ -48.185650145877233, -21.75896286971329 ], [ -48.185655989818059, -21.758968248921548 ], [ -48.185662343582827, -21.758973090049093 ], [ -48.185669151093741, -21.758977350368554 ], [ -48.185676352268231, -21.758980992278513 ], [ -48.185683883549267, -21.758983983635808 ], [ -48.185691678466327, -21.758986298038842 ], [ -48.187436586489497, -21.759211506447233 ], [ -48.187452140324943, -21.759211549909921 ], [ -48.187463317146175, -21.759209500364488 ], [ -48.187468670100849, -21.759208147690327 ], [ -48.187476509211919, -21.759205544289454 ], [ -48.187484056035835, -21.759202272893805 ], [ -48.187491245506727, -21.75919836170802 ], [ -48.187498015639697, -21.759193844452977 ], [ -48.187504308065279, -21.759188760074636 ], [ -48.187510068532596, -21.759183152408653 ], [ -48.187515247377135, -21.759177069802192 ], [ -48.18751979994893, -21.759170564697023 ], [ -48.187523686997544, -21.75916369317784 ], [ -48.187526875010398, -21.7591565144882 ], [ -48.18753361060341, -21.759117607642047 ], [ -48.187573644413057, -21.758857274601159 ], [ -48.187574246073176, -21.758850191852627 ], [ -48.187574076434977, -21.758843089844241 ], [ -48.18757313724619, -21.758836041740526 ], [ -48.18757143818241, -21.75882912015074 ], [ -48.187568996747395, -21.75882239638057 ], [ -48.187565838092738, -21.758815939698003 ] ] ] } },
{ "type": "Feature", "properties": { "nome": "Condomínio Residencial Vistas do Botânico Flamboyants", "LAYER": "CONDOMINIOS" }, "geometry": { "type": "Polygon", "coordinates": [ [ [ -48.187433734525136, -21.759719633612875 ], [ -48.187441978511387, -21.759706500382638 ], [ -48.187447863270371, -21.759690951428645 ], [ -48.187489463044798, -21.759392689560038 ], [ -48.187487022249073, -21.759378686747532 ], [ -48.187484522576767, -21.759371505404065 ], [ -48.187481301275426, -21.759364571830652 ], [ -48.187476830783176, -21.759357187175159 ], [ -48.187472816449763, -21.759351695746073 ], [ -48.18746356705006, -21.759342095752512 ], [ -48.187455600794365, -21.759335703597664 ], [ -48.187448867550685, -21.759331455662807 ], [ -48.18744173479228, -21.759327817314386 ], [ -48.187432696499798, -21.759324287781453 ], [ -48.187416963338279, -21.759320712050549 ], [ -48.187388538245337, -21.75931700948713 ], [ -48.185661442861665, -21.759093481516619 ], [ -48.185625851114366, -21.759109777180655 ], [ -48.185615485293319, -21.759117545347639 ], [ -48.185606611303065, -21.759127520595985 ], [ -48.185601815844429, -21.759134358132496 ], [ -48.185597680616766, -21.7591415600657 ], [ -48.185594237844469, -21.7591490702737 ], [ -48.185591514355892, -21.759156830232016 ], [ -48.185588304352329, -21.759172856043254 ], [ -48.185547533458333, -21.759448814258771 ], [ -48.185547295368963, -21.759457961256977 ], [ -48.185550388666101, -21.759472127922113 ], [ -48.185552621985401, -21.759478610922798 ], [ -48.185555837364454, -21.759485732729214 ], [ -48.185559748957218, -21.759492542608807 ], [ -48.185564322735395, -21.759498981319886 ], [ -48.185569518910093, -21.759504992849635 ], [ -48.18557529227796, -21.759510524901657 ], [ -48.185581592614383, -21.759515529350455 ], [ -48.185588365110441, -21.759519962660615 ], [ -48.185595550849719, -21.759523786264904 ], [ -48.185603087320793, -21.759526966900527 ], [ -48.185610908961131, -21.759529476897832 ], [ -48.185618947727328, -21.759531294421318 ], [ -48.187314010686833, -21.759748040933225 ], [ -48.187330311681265, -21.759749636574856 ], [ -48.187349877019876, -21.759750240625465 ], [ -48.187367481447787, -21.759749002920582 ], [ -48.187382311034199, -21.759747532021262 ], [ -48.187393254608821, -21.759745348670975 ], [ -48.187409283096613, -21.759738872139522 ], [ -48.187421946722694, -21.759731784148997 ], [ -48.187433734525136, -21.759719633612875 ] ] ] } },
{ "type": "Feature", "properties": { "nome": null, "LAYER": "CONDOMINIOS" }, "geometry": { "type": "Polygon", "coordinates": [ [ [ -48.209236167711531, -21.772427404949358 ], [ -48.210070574385405, -21.773352998991523 ], [ -48.210073194270819, -21.773354489473945 ], [ -48.210075867534577, -21.773355894832768 ], [ -48.210078591007843, -21.773357213402132 ], [ -48.210081361462265, -21.77335844361901 ], [ -48.210084175613822, -21.773359584025151 ], [ -48.210087030126658, -21.77336063326872 ], [ -48.210089921617104, -21.773361590105949 ], [ -48.210092846657652, -21.773362453402676 ], [ -48.210095801781009, -21.773363222135526 ], [ -48.210098783484256, -21.773363895393274 ], [ -48.210101788232897, -21.773364472377832 ], [ -48.210104812465211, -21.773364952405291 ], [ -48.210107852596309, -21.773365334906607 ], [ -48.210110905022489, -21.773365619428361 ], [ -48.210113966125476, -21.773365805633315 ], [ -48.210117032276692, -21.773365893300728 ], [ -48.210120099841582, -21.773365882326672 ], [ -48.210123165183923, -21.77336577272418 ], [ -48.21012622467012, -21.773365564623173 ], [ -48.21012927467352, -21.773365258270292 ], [ -48.210132311578711, -21.773364854028713 ], [ -48.210135331785786, -21.773364352377602 ], [ -48.210138331714688, -21.773363753911607 ], [ -48.210141307809344, -21.773363059340141 ], [ -48.210144256541959, -21.773362269486533 ], [ -48.210147174417166, -21.77336138528706 ], [ -48.210150057976165, -21.773360407789816 ], [ -48.210152903800854, -21.773359338153526 ], [ -48.210155708517853, -21.773358177646124 ], [ -48.210158468802497, -21.773356927643224 ], [ -48.210161181382809, -21.773355589626544 ], [ -48.210163843043354, -21.773354165182191 ], [ -48.210166450629053, -21.773352655998643 ], [ -48.210169001048932, -21.773351063864855 ], [ -48.21017149127978, -21.773349390668095 ], [ -48.210173918369726, -21.773347638391762 ], [ -48.21017627944174, -21.773345809112943 ], [ -48.210850695560552, -21.772808786784008 ], [ -48.21085179579859, -21.772805461254979 ], [ -48.210852770729993, -21.772802101788749 ], [ -48.210853619159678, -21.77279871250342 ], [ -48.210854340047646, -21.772795297553582 ], [ -48.210854932510252, -21.772791861125306 ], [ -48.210855395821234, -21.77278840743098 ], [ -48.210855729412685, -21.77278494070417 ], [ -48.21085593287571, -21.772781465194413 ], [ -48.210856005960892, -21.772777985161998 ], [ -48.210855948578661, -21.772774504872775 ], [ -48.210855760799362, -21.772771028592913 ], [ -48.210855442853195, -21.772767560583652 ], [ -48.210854995129893, -21.772764105096083 ], [ -48.210854418178307, -21.772760666365972 ], [ -48.210853712705656, -21.772757248608528 ], [ -48.210852879576734, -21.772753856013271 ], [ -48.210851919812804, -21.772750492738844 ], [ -48.210850834590346, -21.772747162907972 ], [ -48.210849625239675, -21.772743870602383 ], [ -48.210848293243181, -21.772740619857807 ], [ -48.210846840233671, -21.772737414659005 ], [ -48.210845267992248, -21.772734258934932 ], [ -48.210843578446188, -21.77273115655392 ], [ -48.210841773666544, -21.772728111318834 ], [ -48.210839855865643, -21.772725126962548 ], [ -48.210837827394329, -21.772722207143328 ], [ -48.210835690739124, -21.772719355440266 ], [ -48.210833448519168, -21.772716575349005 ], [ -48.210831103482967, -21.772713870277396 ], [ -48.210033389010746, -21.771817261018711 ], [ -48.209236167711531, -21.772427404949358 ] ] ] } },
{ "type": "Feature", "properties": { "nome": null, "LAYER": "CONDOMINIOS" }, "geometry": { "type": "Polygon", "coordinates": [ [ [ -48.197019143785589, -21.779246757309007 ], [ -48.197119369965129, -21.779167200392941 ], [ -48.197272303173378, -21.779045561970367 ], [ -48.197321675842879, -21.778997020129768 ], [ -48.197359372464497, -21.778950398438127 ], [ -48.197414306542463, -21.778862213872141 ], [ -48.19745590421028, -21.778770372566257 ], [ -48.197479721798906, -21.778679840974423 ], [ -48.197489057304203, -21.778593968802266 ], [ -48.197488743916672, -21.778507618928884 ], [ -48.197476523852266, -21.77842462227542 ], [ -48.197454455357814, -21.77834718470837 ], [ -48.197426694434732, -21.7782811213679 ], [ -48.197374679434034, -21.778192122210157 ], [ -48.197346463053591, -21.778143129702396 ], [ -48.19732164053773, -21.778093893026703 ], [ -48.197290201335385, -21.77801709904827 ], [ -48.197277640047574, -21.777985842376914 ], [ -48.197273819834827, -21.777978243325752 ], [ -48.197269315341003, -21.777970979255503 ], [ -48.197264159789057, -21.777964103742168 ], [ -48.197258391203803, -21.777957667496118 ], [ -48.197252052131439, -21.777951717987758 ], [ -48.19724518932582, -21.777946299097511 ], [ -48.197237853403507, -21.777941450792493 ], [ -48.197230098470548, -21.777937208831144 ], [ -48.197221981723381, -21.777933604500074 ], [ -48.197213563026956, -21.777930664382882 ], [ -48.197204904473267, -21.777928410164368 ], [ -48.197196069923301, -21.777926858470451 ], [ -48.197190697311505, -21.777926268408248 ], [ -48.197181030074134, -21.777925388794099 ], [ -48.197171331496712, -21.777925218736666 ], [ -48.197161662523129, -21.777925759304541 ], [ -48.19715208391127, -21.777927007100775 ], [ -48.197142655851167, -21.777928954284661 ], [ -48.197133437586842, -21.777931588620312 ], [ -48.197124487044022, -21.777934893554178 ], [ -48.197115860466099, -21.777938848318634 ], [ -48.197107612060783, -21.777943428062855 ], [ -48.197099793659426, -21.777948604008543 ], [ -48.19709245439131, -21.777954343631102 ], [ -48.197088385672942, -21.777957963232474 ], [ -48.197072693156173, -21.777979136366529 ], [ -48.196994041967841, -21.778123799576484 ], [ -48.196941802586522, -21.778210536762074 ], [ -48.196794018771818, -21.778410003465577 ], [ -48.196742220498443, -21.778468665314023 ], [ -48.196717092204452, -21.778498679566596 ], [ -48.19668061062147, -21.778551694673769 ], [ -48.1966545263992, -21.778595891138703 ], [ -48.196623877891668, -21.778653897608496 ], [ -48.196587868601313, -21.778736807386508 ], [ -48.196562766057333, -21.778806235524435 ], [ -48.196538006848598, -21.778917602284547 ], [ -48.196516376202027, -21.779100676737325 ], [ -48.196516425863713, -21.779101959548854 ], [ -48.196519129112538, -21.779171787215411 ], [ -48.196519360927212, -21.779177775225886 ], [ -48.19652738047342, -21.779230646027646 ], [ -48.196563413368828, -21.779360302602644 ], [ -48.196588971258173, -21.779433902241642 ], [ -48.196604045672551, -21.779454645281778 ], [ -48.196619979430935, -21.77946915122838 ], [ -48.196639156732786, -21.779478950334433 ], [ -48.196654877307168, -21.779484137371806 ], [ -48.196681367961531, -21.779486735773428 ], [ -48.196700515485304, -21.779483228585732 ], [ -48.196722198863419, -21.779477011796324 ], [ -48.196900765434414, -21.779341485856108 ], [ -48.197019143785589, -21.779246757309007 ] ] ] } },
{ "type": "Feature", "properties": { "nome": "Condomínio Residencial Das Flores", "LAYER": "CONDOMINIOS" }, "geometry": { "type": "Polygon", "coordinates": [ [ [ -48.204274597125568, -21.790886623739514 ], [ -48.204301673723769, -21.790870164812119 ], [ -48.204325540700026, -21.790787877664506 ], [ -48.204509843540364, -21.7901034739888 ], [ -48.203254922553867, -21.789806774786044 ], [ -48.203241400916944, -21.789804542533183 ], [ -48.203184798043928, -21.789804453789589 ], [ -48.20315735180241, -21.789807052360512 ], [ -48.203143495484355, -21.789810260642639 ], [ -48.203131296431913, -21.789815591966377 ], [ -48.203117734413041, -21.789824484754927 ], [ -48.203105180777953, -21.789833457038913 ], [ -48.203094184784142, -21.789880286069941 ], [ -48.203002085944931, -21.790216371112027 ], [ -48.202918136428231, -21.790533020600574 ], [ -48.202930737083229, -21.790568572179954 ], [ -48.204274597125568, -21.790886623739514 ] ] ] } },
{ "type": "Feature", "properties": { "nome": "Condomínio Residencial Atmosphere", "LAYER": "CONDOMINIOS" }, "geometry": { "type": "Polygon", "coordinates": [ [ [ -48.203270914719141, -21.785686019516447 ], [ -48.203267372127215, -21.785679698995931 ], [ -48.203255554658114, -21.785663246211737 ], [ -48.203199259749503, -21.785591935629348 ], [ -48.20204110914743, -21.785285316395097 ], [ -48.201791849370522, -21.786218962823284 ], [ -48.20308593273981, -21.786510180592138 ], [ -48.20328870169466, -21.785769907640464 ], [ -48.20328849549221, -21.785753624660991 ], [ -48.203285202347246, -21.785722600837317 ], [ -48.203279702121769, -21.785703815372127 ], [ -48.203275153212694, -21.785693581630234 ], [ -48.203270914719141, -21.785686019516447 ] ] ] } },
{ "type": "Feature", "properties": { "nome": "Condomínio Residencial Volpi", "LAYER": "CONDOMINIOS" }, "geometry": { "type": "Polygon", "coordinates": [ [ [ -48.201633574079324, -21.756947362436168 ], [ -48.206062833548188, -21.757310118748261 ], [ -48.210022586120331, -21.757650672277141 ], [ -48.210094093784441, -21.757448684999037 ], [ -48.210090892036177, -21.757262042217263 ], [ -48.209965454078194, -21.757188302583948 ], [ -48.209885550707554, -21.756948639225463 ], [ -48.20990424097041, -21.756525569588121 ], [ -48.209780016942403, -21.756430363088569 ], [ -48.209662171916385, -21.75623580638095 ], [ -48.209657678045815, -21.756103570586728 ], [ -48.209675771757738, -21.755997424472319 ], [ -48.209125648928442, -21.755946532595853 ], [ -48.206487965884044, -21.755695433202884 ], [ -48.20628414447112, -21.755676028255326 ], [ -48.206076787277745, -21.755656566484078 ], [ -48.20587024634812, -21.755636921074998 ], [ -48.205662475134098, -21.755617234000034 ], [ -48.205456235262723, -21.755597456980411 ], [ -48.20524843531016, -21.755577288831489 ], [ -48.205041347858824, -21.755557271390998 ], [ -48.204939780187317, -21.75554748813553 ], [ -48.204629435018177, -21.755517666725986 ], [ -48.204319146434734, -21.755487890403661 ], [ -48.204213904780225, -21.755477662265758 ], [ -48.204112941013044, -21.755467849820029 ], [ -48.204007489477732, -21.755457601151431 ], [ -48.203040639392668, -21.7553653196791 ], [ -48.202904733006669, -21.755352304845069 ], [ -48.202360750696819, -21.755296384494116 ], [ -48.202327178015594, -21.75534455999399 ], [ -48.201980834015274, -21.755846056232656 ], [ -48.202014241571483, -21.755935799514404 ], [ -48.20206505492925, -21.755987739697535 ], [ -48.202062559713795, -21.756041260087997 ], [ -48.202041519151813, -21.756223573813678 ], [ -48.202042365304827, -21.756223634741708 ], [ -48.202035446654747, -21.756276648375511 ], [ -48.201940628506065, -21.756408363899258 ], [ -48.201985941420922, -21.756437402020925 ], [ -48.201995790344746, -21.756443061746765 ], [ -48.201633574079324, -21.756947362436168 ] ] ] } },
{ "type": "Feature", "properties": { "nome": "Condomínio Residencial Village Damha I", "LAYER": "CONDOMINIOS" }, "geometry": { "type": "Polygon", "coordinates": [ [ [ -48.193942308997642, -21.761080555285364 ], [ -48.193929073391935, -21.761272693781642 ], [ -48.193873442787272, -21.762086486619921 ], [ -48.193807461366141, -21.763032218387494 ], [ -48.193817348879818, -21.763077930966187 ], [ -48.193849598470457, -21.76312811612495 ], [ -48.19388627289262, -21.763155868515554 ], [ -48.193928653053753, -21.763173629484022 ], [ -48.193956931201555, -21.76317931520579 ], [ -48.194224205775704, -21.763231749005108 ], [ -48.194598395781298, -21.76330819712684 ], [ -48.194832052414696, -21.763351023628324 ], [ -48.194964488195822, -21.763378943172665 ], [ -48.195079141293427, -21.76340234023759 ], [ -48.195192510581542, -21.763418070691369 ], [ -48.195271560247633, -21.763425633470273 ], [ -48.195395189325296, -21.76342679607361 ], [ -48.195512964968472, -21.763427379978474 ], [ -48.195562312082437, -21.763428173909691 ], [ -48.195744367963094, -21.763415885593886 ], [ -48.196297915661098, -21.763367308517541 ], [ -48.196494801429402, -21.763344044824745 ], [ -48.196605630868, -21.763296693035457 ], [ -48.196660744208707, -21.763261426563755 ], [ -48.1967058905595, -21.763219143220773 ], [ -48.196759511322121, -21.76314954954869 ], [ -48.196874027131507, -21.762927139973169 ], [ -48.197170302868869, -21.762366070988008 ], [ -48.197365431039465, -21.761987767429542 ], [ -48.197627119679183, -21.761487365898713 ], [ -48.197821858392153, -21.761124353850054 ], [ -48.198164224478731, -21.760469823137001 ], [ -48.198335200140328, -21.760147940401922 ], [ -48.198523823662988, -21.759769997811777 ], [ -48.198611268360956, -21.759589395314606 ], [ -48.198630204456151, -21.759510090105483 ], [ -48.198636909865513, -21.759415250850385 ], [ -48.198629836460668, -21.759318547200404 ], [ -48.19860416166221, -21.759229304055978 ], [ -48.198549018712519, -21.759122320639896 ], [ -48.198521495468285, -21.759082656341917 ], [ -48.198468860903354, -21.759022415172378 ], [ -48.198406911623508, -21.75896602850273 ], [ -48.198262300709288, -21.758879355999923 ], [ -48.196286446260309, -21.758265131947116 ], [ -48.196187509187588, -21.758488199711415 ], [ -48.19582263751866, -21.759310847519167 ], [ -48.19579350333381, -21.759366994743147 ], [ -48.19576246275146, -21.759422243320895 ], [ -48.195729547494331, -21.759476536786178 ], [ -48.195694791201198, -21.759529819648893 ], [ -48.195658229392606, -21.759582037451786 ], [ -48.195619899434561, -21.759633136826043 ], [ -48.195558867061685, -21.759706038492507 ], [ -48.195509063887968, -21.759757734802097 ], [ -48.195457566574738, -21.759807961803887 ], [ -48.195404424770189, -21.759856671073038 ], [ -48.19534968970823, -21.759903815647956 ], [ -48.194375270751948, -21.760727419963349 ], [ -48.193988152504488, -21.761054617872009 ], [ -48.193942308997642, -21.761080555285364 ] ] ] } },
{ "type": "Feature", "properties": { "nome": "RESERVA DOS OITIS", "LAYER": "CONDOMINIOS" }, "geometry": { "type": "Polygon", "coordinates": [ [ [ -48.200072975719593, -21.785980411846072 ], [ -48.201466288350247, -21.786313542572607 ], [ -48.20154916076789, -21.785992392955329 ], [ -48.201584044866188, -21.785864232208194 ], [ -48.20176201342786, -21.785209289734528 ], [ -48.200848262214663, -21.784963434380398 ], [ -48.200694440979802, -21.785524069316939 ], [ -48.200131527262144, -21.785389022586337 ], [ -48.199992971934961, -21.785904079665567 ], [ -48.199993843368127, -21.785915672355937 ], [ -48.200000625946146, -21.785934298566353 ], [ -48.200009174204766, -21.785946290605352 ], [ -48.20002059817859, -21.785958276468985 ], [ -48.200038343772107, -21.785969999257336 ], [ -48.200072975719593, -21.785980411846072 ] ] ] } },
{ "type": "Feature", "properties": { "nome": "Condomínio Residencial Jardim Flamboyant", "LAYER": "CONDOMINIOS" }, "geometry": { "type": "Polygon", "coordinates": [ [ [ -48.183352595919544, -21.746532427334976 ], [ -48.183448470729935, -21.746567687894625 ], [ -48.183759181526355, -21.746646220771481 ], [ -48.183834951114839, -21.74657780279939 ], [ -48.183970537866863, -21.74640115106245 ], [ -48.184370017923563, -21.745260921152589 ], [ -48.18464091797432, -21.744453235757131 ], [ -48.184629832602454, -21.744420930544962 ], [ -48.184610979381667, -21.744406477991451 ], [ -48.183013529036138, -21.743928069844127 ], [ -48.182399334020772, -21.743998979787921 ], [ -48.182224357941372, -21.744019301816699 ], [ -48.18206049131399, -21.744037987643015 ], [ -48.181935193827478, -21.744052012776809 ], [ -48.181832290854416, -21.744063531113756 ], [ -48.181712004244389, -21.744076664783826 ], [ -48.181598537282653, -21.744088841517435 ], [ -48.181481313182303, -21.7441024249589 ], [ -48.181428842853244, -21.744108604794111 ], [ -48.181176039985665, -21.744206013537568 ], [ -48.180938342776564, -21.744296701088281 ], [ -48.180268734114968, -21.744556876808261 ], [ -48.179818223644943, -21.744729357296251 ], [ -48.179300428063414, -21.744770625242833 ], [ -48.179278993590295, -21.745335608435717 ], [ -48.179287281799425, -21.745376497325498 ], [ -48.179338761416311, -21.74542199151298 ], [ -48.183223206588394, -21.746587832938314 ], [ -48.183323207081926, -21.746617838563473 ], [ -48.183352595919544, -21.746532427334976 ] ] ] } },
{ "type": "Feature", "properties": { "nome": "Condominio Mar Del Plata", "LAYER": "CONDOMINIOS" }, "geometry": { "type": "Polygon", "coordinates": [ [ [ -48.162455516419762, -21.806026051721567 ], [ -48.162672490031021, -21.806208604215485 ], [ -48.162904743028612, -21.805966967251859 ], [ -48.162740937396322, -21.805830967768781 ], [ -48.162736661777735, -21.805828561649218 ], [ -48.162725142000802, -21.805824041849927 ], [ -48.162715499045099, -21.805821034748661 ], [ -48.162698354227068, -21.805818599309589 ], [ -48.162672875994936, -21.805822141345999 ], [ -48.162650802267279, -21.805830992677002 ], [ -48.162640191601092, -21.805838907023361 ], [ -48.162623741178678, -21.805854390251433 ], [ -48.162455516419762, -21.806026051721567 ] ] ] } },
{ "type": "Feature", "properties": { "nome": "Condomínio Residencial Parque Álamo", "LAYER": "CONDOMINIOS" }, "geometry": { "type": "Polygon", "coordinates": [ [ [ -48.209666725107624, -21.789114230361875 ], [ -48.209726369233209, -21.788938117119429 ], [ -48.209735676307758, -21.788905940365499 ], [ -48.209731272892952, -21.7889000353352 ], [ -48.209734397815211, -21.788891119116503 ], [ -48.209292976924743, -21.78878080164688 ], [ -48.208731541165285, -21.788662796679905 ], [ -48.208164576166794, -21.788529160468673 ], [ -48.207993441987838, -21.789082526919945 ], [ -48.207955697941308, -21.789211878171763 ], [ -48.207740769510799, -21.789999488733844 ], [ -48.208292973116556, -21.790137285415 ], [ -48.208352568820658, -21.790101066308175 ], [ -48.208848688061515, -21.790224121164851 ], [ -48.208870693222295, -21.790231907606366 ], [ -48.208888635891853, -21.790258990881174 ], [ -48.209046113897664, -21.790294313462642 ], [ -48.209151579108749, -21.790321504190942 ], [ -48.209339403146942, -21.790364615652926 ], [ -48.209604282324413, -21.789528091562282 ], [ -48.209549018124285, -21.789508018850519 ], [ -48.209564992531959, -21.789458217561201 ], [ -48.209567145437248, -21.789447190122729 ], [ -48.209607699776633, -21.789328189003161 ], [ -48.209656515063941, -21.789170442079556 ], [ -48.20965416552896, -21.789145377556537 ], [ -48.209666725107624, -21.789114230361875 ] ] ] } },
{ "type": "Feature", "properties": { "nome": "Condomínio Residencial Golden Park", "LAYER": "CONDOMINIOS" }, "geometry": { "type": "Polygon", "coordinates": [ [ [ -48.204665482253155, -21.789282117963751 ], [ -48.204675470643309, -21.789283173057186 ], [ -48.204689315073345, -21.789282513502833 ], [ -48.20469945600604, -21.789279883753771 ], [ -48.204706591608982, -21.789276919756755 ], [ -48.204715628481715, -21.789270956034009 ], [ -48.204723100949948, -21.789265002730517 ], [ -48.204734176734945, -21.789252231657603 ], [ -48.204737253300905, -21.789248485508356 ], [ -48.204739736606534, -21.789244242634492 ], [ -48.204903605529317, -21.788644382873727 ], [ -48.204923941771568, -21.788563636690018 ], [ -48.204924563772082, -21.78854697173097 ], [ -48.204920753194351, -21.788532815885368 ], [ -48.204912905457007, -21.788520009202141 ], [ -48.204906080083177, -21.788510205797539 ], [ -48.204902586101881, -21.788507146651689 ], [ -48.204894910061356, -21.788502529382352 ], [ -48.204762811460107, -21.78846648819054 ], [ -48.204246671579348, -21.788345440068358 ], [ -48.204032821181464, -21.789132271831825 ], [ -48.204665482253155, -21.789282117963751 ] ] ] } },
{ "type": "Feature", "properties": { "nome": "Condomínio Residencial Aurora", "LAYER": "CONDOMINIOS" }, "geometry": { "type": "Polygon", "coordinates": [ [ [ -48.206793185078219, -21.78534613815075 ], [ -48.207351572243809, -21.78548715211511 ], [ -48.207524455560453, -21.784938641488196 ], [ -48.207728232000797, -21.78427524740145 ], [ -48.207858635694251, -21.783861913443133 ], [ -48.207564949582149, -21.78378150728598 ], [ -48.207720815779339, -21.783281373530059 ], [ -48.20786631856727, -21.78281597618615 ], [ -48.207935731359456, -21.782598103012678 ], [ -48.207939695949328, -21.782585342781225 ], [ -48.207959028740596, -21.782520491387366 ], [ -48.207960468369947, -21.782515609831666 ], [ -48.207678177597295, -21.7825119549587 ], [ -48.206793185078219, -21.78534613815075 ] ] ] } },
{ "type": "Feature", "properties": { "nome": "Condomínio Residencial Parque Alentejo", "LAYER": "CONDOMINIOS" }, "geometry": { "type": "Polygon", "coordinates": [ [ [ -48.203941393444133, -21.783555554699038 ], [ -48.204565088680326, -21.78372500732511 ], [ -48.205003535447219, -21.782309525921338 ], [ -48.205010214359248, -21.78225414071359 ], [ -48.20500799837221, -21.782227276097597 ], [ -48.204998626759057, -21.782201513006314 ], [ -48.204971041878061, -21.782163605540493 ], [ -48.204957140777466, -21.782151442393715 ], [ -48.204918015978841, -21.782128345271605 ], [ -48.204411735559859, -21.782048962779644 ], [ -48.203941393444133, -21.783555554699038 ] ] ] } },
{ "type": "Feature", "properties": { "nome": "Condomínio Residencial Parque Antilles", "LAYER": "CONDOMINIOS" }, "geometry": { "type": "Polygon", "coordinates": [ [ [ -48.211948688007716, -21.791225378399538 ], [ -48.210971958506043, -21.790924957336696 ], [ -48.210373632729954, -21.790744014948185 ], [ -48.210208334924637, -21.790693205513978 ], [ -48.209834787164432, -21.790578636597211 ], [ -48.209458375189811, -21.790461556613369 ], [ -48.209458286501999, -21.790461829424768 ], [ -48.209345811103148, -21.790819712150544 ], [ -48.209375150521105, -21.790828303623101 ], [ -48.209409779162634, -21.790837542231319 ], [ -48.210904035199952, -21.791301201115125 ], [ -48.211872812207439, -21.791606486667515 ], [ -48.211937281542674, -21.791282315380336 ], [ -48.211948688007716, -21.791225378399538 ] ] ] } },
{ "type": "Feature", "properties": { "nome": "Condomínio Residencial Parque Amis", "LAYER": "CONDOMINIOS" }, "geometry": { "type": "Polygon", "coordinates": [ [ [ -48.211872812207439, -21.791606486667515 ], [ -48.210904035199952, -21.791301201115125 ], [ -48.209409779162634, -21.790837542231319 ], [ -48.209375150521105, -21.790828303623101 ], [ -48.209345811103148, -21.790819712150544 ], [ -48.209185763787275, -21.791336808583122 ], [ -48.209383187394231, -21.791394397838062 ], [ -48.211403388571512, -21.79196697029985 ], [ -48.211779069591117, -21.792077849353703 ], [ -48.211872812207439, -21.791606486667515 ] ] ] } },
{ "type": "Feature", "properties": { "nome": "Condomínio Residencial Sollaris", "LAYER": "CONDOMINIOS" }, "geometry": { "type": "Polygon", "coordinates": [ [ [ -48.197917804928174, -21.744036849932485 ], [ -48.1980452904155, -21.743878488554866 ], [ -48.198072495638016, -21.743830661786074 ], [ -48.198110590564944, -21.743765062187848 ], [ -48.198578225820626, -21.742906523158787 ], [ -48.198621105402069, -21.742809352870097 ], [ -48.19872202015587, -21.742630835352337 ], [ -48.198753338017298, -21.742589446613255 ], [ -48.198951053436254, -21.742225973056613 ], [ -48.198985176194988, -21.742163373523098 ], [ -48.199121797452143, -21.74190469459008 ], [ -48.199244048415544, -21.741690964125301 ], [ -48.199256848971849, -21.741634927944016 ], [ -48.19933268445768, -21.741378535270819 ], [ -48.199637134770157, -21.74054985809099 ], [ -48.199752527547176, -21.74023630333269 ], [ -48.199875800902831, -21.739874519649177 ], [ -48.197881547323469, -21.739369816783423 ], [ -48.197355703557825, -21.740828033135205 ], [ -48.196573163859028, -21.740611958748303 ], [ -48.196449145999573, -21.740937476050014 ], [ -48.196222136042671, -21.7415453508304 ], [ -48.196042997549604, -21.742029783407673 ], [ -48.195848386323831, -21.742536813175441 ], [ -48.195804380133723, -21.742654605341215 ], [ -48.19571130115088, -21.742934926592532 ], [ -48.195578736761163, -21.743285987090491 ], [ -48.195546894848604, -21.743360497776955 ], [ -48.195437967322285, -21.743659609267823 ], [ -48.195618918404264, -21.743686543409144 ], [ -48.196197639988569, -21.743778429619429 ], [ -48.196216456414845, -21.743783305352267 ], [ -48.196716045314837, -21.743861336261276 ], [ -48.197086774146925, -21.743908534299884 ], [ -48.197188761122902, -21.743920122393991 ], [ -48.197314729108953, -21.743940866297084 ], [ -48.197422795824401, -21.74395399760035 ], [ -48.19754981528181, -21.743972583356939 ], [ -48.197651464651983, -21.743987153647069 ], [ -48.197770034893956, -21.744016213601629 ], [ -48.197917804928174, -21.744036849932485 ] ] ] } },
{ "type": "Feature", "properties": { "nome": "Condomínio Residencial Portal do Araucarias", "LAYER": "CONDOMINIOS" }, "geometry": { "type": "Polygon", "coordinates": [ [ [ -48.186960498701602, -21.739423676278037 ], [ -48.186968547421145, -21.739473532028445 ], [ -48.186995025797565, -21.739522196625206 ], [ -48.18702811791232, -21.739557203706671 ], [ -48.18705948510604, -21.739568915257436 ], [ -48.187099562586056, -21.73958057267895 ], [ -48.187276236399136, -21.739583401362673 ], [ -48.187556008628732, -21.739566335980555 ], [ -48.187919631391551, -21.739548938685729 ], [ -48.18816067611391, -21.73953844632279 ], [ -48.188434168769746, -21.739524838435202 ], [ -48.188712147838253, -21.739512975471154 ], [ -48.189076704713479, -21.739493479821622 ], [ -48.189353824744032, -21.739484724396835 ], [ -48.18953131670974, -21.739469179198366 ], [ -48.189589025570292, -21.73942474045344 ], [ -48.189630622971634, -21.739383378666581 ], [ -48.189649297024729, -21.739311950153258 ], [ -48.189601483086967, -21.739004642954278 ], [ -48.189512195578651, -21.738328556711043 ], [ -48.189413853524826, -21.737618454082281 ], [ -48.18931638555889, -21.736964268437891 ], [ -48.189248255814064, -21.73650765518671 ], [ -48.189228502927484, -21.736446852544979 ], [ -48.189194773231037, -21.736403236689082 ], [ -48.189166488104831, -21.736381658225611 ], [ -48.189128821386397, -21.736365774768505 ], [ -48.189087848001101, -21.736356720122057 ], [ -48.188226553472433, -21.736265342314049 ], [ -48.188109023554979, -21.736266833676677 ], [ -48.188045179263298, -21.736287243930452 ], [ -48.187993975807835, -21.736331261771966 ], [ -48.187595933102514, -21.737472387982724 ], [ -48.187610087780207, -21.737575278160818 ], [ -48.187529286528637, -21.737822712930203 ], [ -48.186960498701602, -21.739423676278037 ] ] ] } },
{ "type": "Feature", "properties": { "nome": "Resiencial Higienópolis", "LAYER": "CONDOMINIOS" }, "geometry": { "type": "Polygon", "coordinates": [ [ [ -48.161621069300693, -21.806672781785782 ], [ -48.1617863141783, -21.806502124249509 ], [ -48.16179745847171, -21.806488365321563 ], [ -48.161802262682684, -21.806480955858298 ], [ -48.16180591248623, -21.806472032869266 ], [ -48.161809933189211, -21.806456981755382 ], [ -48.161810900737791, -21.806438090890314 ], [ -48.161808760283471, -21.806425187021635 ], [ -48.161805431651651, -21.806415478339058 ], [ -48.161798781914733, -21.806402333362396 ], [ -48.161791312952367, -21.806392454216741 ], [ -48.161784222960385, -21.806385519823891 ], [ -48.161475583682396, -21.806125776310228 ], [ -48.161461070381435, -21.806116463108253 ], [ -48.161450641636293, -21.806112479640031 ], [ -48.161431443352839, -21.806107463243588 ], [ -48.16141581534476, -21.806106265947385 ], [ -48.161399664479937, -21.806108151878586 ], [ -48.161387351662569, -21.806112519958607 ], [ -48.161377098280475, -21.806118598794885 ], [ -48.161361009621302, -21.806132464093146 ], [ -48.161344851780768, -21.806147345344964 ], [ -48.161190976090843, -21.80630940868086 ], [ -48.161401769636427, -21.806488992435206 ], [ -48.161621069300693, -21.806672781785782 ] ] ] } },
{ "type": "Feature", "properties": { "nome": null, "LAYER": "CONDOMINIOS" }, "geometry": { "type": "Polygon", "coordinates": [ [ [ -48.128558126530997, -21.771925389057635 ], [ -48.128541614212324, -21.771885972495458 ], [ -48.128453551824556, -21.771813768998111 ], [ -48.128408052460472, -21.771805276756766 ], [ -48.127394257852416, -21.771859700733401 ], [ -48.127403700472676, -21.771906213648993 ], [ -48.127403484024086, -21.771930913132696 ], [ -48.127396681608317, -21.771960442138688 ], [ -48.127421278784816, -21.771958393580938 ], [ -48.127530014308611, -21.773355318459771 ], [ -48.128129627693674, -21.773316580618314 ], [ -48.128329795546058, -21.773302017394478 ], [ -48.128331219662861, -21.773317421415609 ], [ -48.128524895151592, -21.773306148015909 ], [ -48.128640168736545, -21.773291415127865 ], [ -48.128667764022069, -21.773291098836765 ], [ -48.128558126530997, -21.771925389057635 ] ] ] } },
{ "type": "Feature", "properties": { "nome": "Residencial Marina", "LAYER": "CONDOMINIOS" }, "geometry": { "type": "Polygon", "coordinates": [ [ [ -48.189846358487372, -21.808005646679998 ], [ -48.189848531420978, -21.808006897189969 ], [ -48.189850749236975, -21.808008076989033 ], [ -48.189853009297714, -21.808009184674077 ], [ -48.189855308915305, -21.808010218927688 ], [ -48.189857645354763, -21.808011178519862 ], [ -48.189860015837397, -21.808012062309338 ], [ -48.189862417543964, -21.808012869245015 ], [ -48.189864847618097, -21.808013598367207 ], [ -48.189867303169713, -21.808014248808767 ], [ -48.189869781278404, -21.80801481979611 ], [ -48.189872278996951, -21.808015310650177 ], [ -48.18987479335479, -21.808015720787175 ], [ -48.189877321361607, -21.808016049719331 ], [ -48.190275632681391, -21.807999023123127 ], [ -48.190276232896771, -21.807999022456936 ], [ -48.190276910585283, -21.807999000915604 ], [ -48.190277587059121, -21.80799895734501 ], [ -48.190278261497383, -21.807998891798022 ], [ -48.190278933081586, -21.80799880435417 ], [ -48.190279600996746, -21.807998695119597 ], [ -48.190280264432324, -21.807998564226846 ], [ -48.19028092258322, -21.807998411834763 ], [ -48.19028157465074, -21.807998238128302 ], [ -48.190282219843574, -21.807998043318225 ], [ -48.190282857378747, -21.807997827640978 ], [ -48.190283486482599, -21.807997591358244 ], [ -48.19028410639168, -21.807997334756802 ], [ -48.190284716353716, -21.807997058148064 ], [ -48.190285315628486, -21.80799676186767 ], [ -48.19028590348875, -21.807996446275169 ], [ -48.190286479221115, -21.807996111753557 ], [ -48.190287042126911, -21.807995758708785 ], [ -48.190287591523031, -21.807995387569292 ], [ -48.190288126742772, -21.80799499878546 ], [ -48.19028864713659, -21.807994592829097 ], [ -48.190289152072999, -21.807994170192849 ], [ -48.190289640939234, -21.807993731389594 ], [ -48.190290113142026, -21.807993276951837 ], [ -48.190290568108352, -21.807992807431066 ], [ -48.190291005286085, -21.807992323397063 ], [ -48.190291424144696, -21.80799182543721 ], [ -48.190291824175887, -21.8079913141558 ], [ -48.190292204894213, -21.807990790173303 ], [ -48.190292565837623, -21.807990254125588 ], [ -48.190292906568139, -21.807989706663172 ], [ -48.190293226672253, -21.807989148450403 ], [ -48.190293525761511, -21.807988580164718 ], [ -48.190293803472954, -21.807988002495744 ], [ -48.190294059469579, -21.807987416144503 ], [ -48.190294293440701, -21.807986821822549 ], [ -48.190294505102408, -21.807986220251117 ], [ -48.190294694197846, -21.807985612160252 ], [ -48.190294860497509, -21.807984998287882 ], [ -48.190295003799619, -21.807984379378961 ], [ -48.190295123930262, -21.807983756184569 ], [ -48.19029522074365, -21.807983129460968 ], [ -48.190295294122308, -21.807982499968716 ], [ -48.190295343977184, -21.807981868471721 ], [ -48.190295370247775, -21.807981235736321 ], [ -48.190295372902192, -21.807980602530385 ], [ -48.190295351937237, -21.807979969622327 ], [ -48.190295307378335, -21.807979337780182 ], [ -48.190295239279564, -21.807978707770751 ], [ -48.19029514772356, -21.807978080358549 ], [ -48.190295032821446, -21.807977456304954 ], [ -48.190294894712629, -21.807976836367317 ], [ -48.190294733564748, -21.80797622129792 ], [ -48.190294549573331, -21.807975611843183 ], [ -48.190294342961693, -21.807975008742716 ], [ -48.190294113980521, -21.807974412728395 ], [ -48.190293862907723, -21.807973824523515 ], [ -48.190293590047986, -21.807973244841843 ], [ -48.190293295732424, -21.807972674386903 ], [ -48.189897077070363, -21.807139860782858 ], [ -48.189525218315943, -21.807037695320968 ], [ -48.189486422550971, -21.807029445700245 ], [ -48.189484322335339, -21.807029701561177 ], [ -48.189481913880286, -21.807030618817993 ], [ -48.189473010180173, -21.807038565806451 ], [ -48.18945124137467, -21.807062428512857 ], [ -48.189431801085021, -21.80708575800417 ], [ -48.189415442673535, -21.807108212965058 ], [ -48.189412183757362, -21.807121681341513 ], [ -48.189411076037054, -21.807131927446076 ], [ -48.189413016932498, -21.807138182050537 ], [ -48.189820755660023, -21.807979598297663 ], [ -48.189821981993575, -21.807981688694394 ], [ -48.189823284784829, -21.807983738360793 ], [ -48.189824662484362, -21.807985744859188 ], [ -48.189826113453691, -21.807987705803239 ], [ -48.189827635967163, -21.807989618860791 ], [ -48.189829228214059, -21.807991481756648 ], [ -48.189830888300705, -21.807993292275256 ], [ -48.189832614252765, -21.807995048263344 ], [ -48.189834404017567, -21.807996747632519 ], [ -48.189836255466517, -21.8079983883617 ], [ -48.189838166397706, -21.807999968499598 ], [ -48.189840134538429, -21.808001486166901 ], [ -48.189842157548007, -21.808002939558666 ], [ -48.189844233020445, -21.808004326946389 ], [ -48.189846358487372, -21.808005646679998 ] ] ] } },
{ "type": "Feature", "properties": { "nome": "Condomínio Residencial Conquista Araraquara", "LAYER": "CONDOMINIOS" }, "geometry": { "type": "Polygon", "coordinates": [ [ [ -48.174791061257423, -21.813399660609086 ], [ -48.174387712996364, -21.813603271535715 ], [ -48.174334566917786, -21.814148288679633 ], [ -48.174277218138123, -21.814703584173692 ], [ -48.17594168812694, -21.814803997902498 ], [ -48.175990999271455, -21.81431976891637 ], [ -48.176040563589517, -21.813825402482646 ], [ -48.176042715512942, -21.813793166352923 ], [ -48.176087109363074, -21.813346468445939 ], [ -48.176125907105522, -21.812942922709837 ], [ -48.175623829114095, -21.812902439383276 ], [ -48.175638907864986, -21.812730065731508 ], [ -48.175471393567385, -21.812740638824589 ], [ -48.17534081091528, -21.812823290611149 ], [ -48.174654699215417, -21.813162539008502 ], [ -48.174791061257423, -21.813399660609086 ] ] ] } },
{ "type": "Feature", "properties": { "nome": "Condomínio Residencial Village Allegro", "LAYER": "CONDOMINIOS" }, "geometry": { "type": "Polygon", "coordinates": [ [ [ -48.197191274590871, -21.800464415703502 ], [ -48.197148093922287, -21.800535645567468 ], [ -48.197130413654826, -21.800562642843083 ], [ -48.19708653574876, -21.800620473618583 ], [ -48.197014150144881, -21.800703404814723 ], [ -48.195618220299025, -21.802140505845845 ], [ -48.195600938313078, -21.802168861359373 ], [ -48.195597276184188, -21.80219870568579 ], [ -48.195597710438271, -21.802202314207072 ], [ -48.19559987015321, -21.802213934219726 ], [ -48.195605385265317, -21.802228403667602 ], [ -48.195613630952963, -21.802241614053958 ], [ -48.195618692162569, -21.802247602308693 ], [ -48.195624322296425, -21.802253108908868 ], [ -48.195647986098599, -21.802268977671211 ], [ -48.196348992792224, -21.802462166029223 ], [ -48.197875031155313, -21.800890125666985 ], [ -48.197395113388339, -21.800302908861113 ], [ -48.1973919689732, -21.800300013371896 ], [ -48.197385714906325, -21.800295032728712 ], [ -48.197378987512309, -21.80029062223004 ], [ -48.19737184623245, -21.800286820845638 ], [ -48.197364354165032, -21.800283662163579 ], [ -48.197356577507762, -21.80028117409293 ], [ -48.197351347806496, -21.800279999271638 ], [ -48.197348584972879, -21.800279378617478 ], [ -48.197340447180061, -21.800278291601582 ], [ -48.197332236032409, -21.800277922649776 ], [ -48.197324024081176, -21.80027827502202 ], [ -48.197315883884741, -21.800279345604704 ], [ -48.19730788736738, -21.800281124938614 ], [ -48.197300105183992, -21.800283597302034 ], [ -48.197292606095623, -21.800286740849867 ], [ -48.197285456361975, -21.800290527806627 ], [ -48.197278719156024, -21.800294924711974 ], [ -48.197272454005727, -21.800299892715998 ], [ -48.197266716268153, -21.800305387923036 ], [ -48.197261556640321, -21.800311361778959 ], [ -48.19725702071122, -21.800317761500633 ], [ -48.197253148559092, -21.800324530541815 ], [ -48.197229752698114, -21.80038061763727 ], [ -48.197191274590871, -21.800464415703502 ] ] ] } },
{ "type": "Feature", "properties": { "nome": "Condomínio Residencial Portal dos Oitis", "LAYER": "CONDOMINIOS" }, "geometry": { "type": "Polygon", "coordinates": [ [ [ -48.168162934019541, -21.815370534736878 ], [ -48.165665252704507, -21.814822999468685 ], [ -48.163601369354751, -21.814389298777208 ], [ -48.163375768637202, -21.814341129996439 ], [ -48.163267460357794, -21.81432011261041 ], [ -48.163226783099411, -21.814312219107148 ], [ -48.163203186630518, -21.814312486783937 ], [ -48.163187275798009, -21.814316571607634 ], [ -48.163170426148767, -21.814324051506887 ], [ -48.163152564761909, -21.814338840666121 ], [ -48.163132156546794, -21.814364341608592 ], [ -48.163038905724093, -21.814491639356415 ], [ -48.162900164079353, -21.814681079701867 ], [ -48.162743038919238, -21.814894576953847 ], [ -48.162581355950927, -21.815113544404841 ], [ -48.162314841547072, -21.815476109200514 ], [ -48.162080090774374, -21.815794554292445 ], [ -48.162006593501118, -21.815894175534506 ], [ -48.161935333711021, -21.815990763818874 ], [ -48.161929902972958, -21.816029299913421 ], [ -48.161959362664184, -21.81606080506576 ], [ -48.161907198057953, -21.816126430494549 ], [ -48.161846021893489, -21.816203392763075 ], [ -48.161844926807269, -21.816204770427937 ], [ -48.161723029356168, -21.816362734328408 ], [ -48.161614107513024, -21.816505472200461 ], [ -48.16143746961901, -21.816731259014126 ], [ -48.161384219033472, -21.816799899023042 ], [ -48.161254014868682, -21.816967731816984 ], [ -48.161166447053368, -21.817080291018268 ], [ -48.160984329585276, -21.8173168571359 ], [ -48.160860655985836, -21.817476216730181 ], [ -48.160769708668994, -21.817593406564942 ], [ -48.160675449930295, -21.817714249711472 ], [ -48.160503328270352, -21.817937470143285 ], [ -48.160382684914481, -21.818095526100567 ], [ -48.160256498112339, -21.8182559540938 ], [ -48.16011615902395, -21.81843637407972 ], [ -48.160102727901197, -21.81845427750709 ], [ -48.160073140459112, -21.818447170679146 ], [ -48.160068083230037, -21.818447068336415 ], [ -48.160063066560959, -21.81844768532418 ], [ -48.160058207017116, -21.818449007306434 ], [ -48.160053617512816, -21.818451003565979 ], [ -48.160049404687875, -21.8184536277187 ], [ -48.16004566642976, -21.818456818790771 ], [ -48.160042489599086, -21.818460502635943 ], [ -48.160039948011431, -21.81846459365773 ], [ -48.160038100722119, -21.818468996798959 ], [ -48.160036990654064, -21.818473609749951 ], [ -48.160036643600428, -21.818478325326129 ], [ -48.160037067625268, -21.818483033958294 ], [ -48.160038252876205, -21.818487626238557 ], [ -48.160038735270376, -21.81848892033171 ], [ -48.160046009053623, -21.818505345934703 ], [ -48.160016154137935, -21.818498324926512 ], [ -48.159942818489505, -21.818481078488919 ], [ -48.159898807956978, -21.818475455865343 ], [ -48.15985240861837, -21.818483121089407 ], [ -48.159813300757953, -21.818502966289675 ], [ -48.159780635994885, -21.8185345927734 ], [ -48.159761199392008, -21.818564829294633 ], [ -48.159751024570163, -21.818603898596333 ], [ -48.159748622855737, -21.818613120700274 ], [ -48.159749296625904, -21.818645889625817 ], [ -48.159761308013671, -21.818680087857278 ], [ -48.159814219282502, -21.818763398424892 ], [ -48.159891606009104, -21.81885438307155 ], [ -48.159937385631437, -21.818908206742439 ], [ -48.160010411084777, -21.818979065464831 ], [ -48.160105919759971, -21.819054541796351 ], [ -48.160107166073239, -21.81905552670235 ], [ -48.160137672540266, -21.819075101275402 ], [ -48.160179255531716, -21.819101783119223 ], [ -48.160202645213367, -21.819114806049129 ], [ -48.16028746603034, -21.819162032621648 ], [ -48.160482693562614, -21.819268816050428 ], [ -48.160627323600472, -21.81934637682285 ], [ -48.160815762236744, -21.819447977160305 ], [ -48.160878992473791, -21.819481626562617 ], [ -48.160996446962351, -21.819544132527135 ], [ -48.161156577780652, -21.819630418562877 ], [ -48.161234201499731, -21.819672245794358 ], [ -48.161445573721238, -21.819786616728479 ], [ -48.161505310683047, -21.81981865279262 ], [ -48.161594778692738, -21.819866633121585 ], [ -48.161663928705799, -21.819904044566098 ], [ -48.161714667145674, -21.819931494977396 ], [ -48.161752377237612, -21.81995189680136 ], [ -48.16195646859066, -21.820061389151743 ], [ -48.161984660669447, -21.820076800372728 ], [ -48.162033469560569, -21.820103481771405 ], [ -48.16214862342774, -21.820150642738199 ], [ -48.162271242749718, -21.82018964620082 ], [ -48.162394632263464, -21.820218708783528 ], [ -48.162442388454103, -21.82022196481293 ], [ -48.162515567887745, -21.820226954178683 ], [ -48.162668799490909, -21.820217175641776 ], [ -48.162830845231213, -21.820200859058737 ], [ -48.162918139722834, -21.820176027606504 ], [ -48.163092195417875, -21.820121276595511 ], [ -48.163175115977261, -21.820080437416017 ], [ -48.163402257304064, -21.819968567759975 ], [ -48.16350911107773, -21.819914737696578 ], [ -48.1637330772948, -21.819801909152439 ], [ -48.164084671275724, -21.819622052384041 ], [ -48.164324472493597, -21.819505656371234 ], [ -48.164324802051205, -21.819506301340901 ], [ -48.164341635573365, -21.81949732564081 ], [ -48.1645502380103, -21.819386098002592 ], [ -48.164831326328958, -21.819223075287635 ], [ -48.164850056269579, -21.819212212457181 ], [ -48.165066033394233, -21.819083107916345 ], [ -48.165070731671491, -21.819080036239374 ], [ -48.16508849824492, -21.819068420665644 ], [ -48.165106933361571, -21.819057413222119 ], [ -48.165117881108259, -21.819045881238853 ], [ -48.165131740080966, -21.819029855008289 ], [ -48.165139133911275, -21.819018984171105 ], [ -48.165147043995624, -21.819000302774914 ], [ -48.165151821460711, -21.818983935501322 ], [ -48.165153332240358, -21.818964289238551 ], [ -48.165152173450025, -21.818948416215601 ], [ -48.16514049164784, -21.818917023564321 ], [ -48.165322169088029, -21.818797796117238 ], [ -48.165370725247314, -21.818756863617285 ], [ -48.165405246316134, -21.818706636091072 ], [ -48.165418533058698, -21.818673603749346 ], [ -48.165423856378759, -21.818650618000479 ], [ -48.165427960131758, -21.818619546122225 ], [ -48.165417818369392, -21.818543466794825 ], [ -48.165396495335443, -21.818498536631743 ], [ -48.165369106448566, -21.818462589080955 ], [ -48.165318540477209, -21.818426325100109 ], [ -48.165312237751898, -21.818422775304164 ], [ -48.16529525714968, -21.818412737796741 ], [ -48.165278545455081, -21.818402159489185 ], [ -48.165262126225322, -21.81839105529307 ], [ -48.165246022605359, -21.818379440861172 ], [ -48.1652302572952, -21.818367332565415 ], [ -48.165214852517984, -21.818354747474093 ], [ -48.165199829988595, -21.818341703327455 ], [ -48.165185210883074, -21.818328218512857 ], [ -48.165171015808774, -21.818314312038904 ], [ -48.165155159317081, -21.818290099598244 ], [ -48.165097083509949, -21.818182863295409 ], [ -48.165093564117889, -21.818176364773763 ], [ -48.165125309206168, -21.81816089882723 ], [ -48.16510231184499, -21.818119741320132 ], [ -48.165097280462206, -21.818122192569238 ], [ -48.165095928537369, -21.818119819483872 ], [ -48.165081319062331, -21.818094174908435 ], [ -48.165067653394424, -21.818070187025672 ], [ -48.16506574843087, -21.818066843167809 ], [ -48.165078960580018, -21.818060345531912 ], [ -48.165055730122582, -21.81801915972521 ], [ -48.165042045438625, -21.818025889750142 ], [ -48.165040636542216, -21.818023287449513 ], [ -48.16501334395123, -21.817972876680553 ], [ -48.165011469142954, -21.817969413815433 ], [ -48.165014388280085, -21.817967973951678 ], [ -48.164991517878981, -21.817927546235467 ], [ -48.16498382924263, -21.817931338653541 ], [ -48.164976230831549, -21.817917907032783 ], [ -48.164974685527753, -21.817918669253462 ], [ -48.16497435822086, -21.8179180621702 ], [ -48.164957404196009, -21.817886616128032 ], [ -48.164929909844439, -21.817835620034867 ], [ -48.165002225669738, -21.817799035323358 ], [ -48.165006468478978, -21.817778505285506 ], [ -48.165014467851819, -21.817748897633862 ], [ -48.16501577419632, -21.817744926816129 ], [ -48.165020829497124, -21.817731129519903 ], [ -48.165026607359479, -21.817717574350336 ], [ -48.165033093722606, -21.81770429429449 ], [ -48.165040272801619, -21.817691321669653 ], [ -48.165048127125871, -21.81767868804495 ], [ -48.165056637581557, -21.817666424164628 ], [ -48.165065783458111, -21.817654559873034 ], [ -48.165075542498734, -21.817643124042267 ], [ -48.165085890954472, -21.817632144501601 ], [ -48.165090278276928, -21.817627735512399 ], [ -48.165096593582106, -21.817621389018413 ], [ -48.165107848885143, -21.817611137996757 ], [ -48.165119629673853, -21.817601416200425 ], [ -48.165131907489055, -21.81759224711443 ], [ -48.165144652670989, -21.817583652888814 ], [ -48.165157834430808, -21.817575654284621 ], [ -48.165171420925063, -21.817568270624406 ], [ -48.16518537933262, -21.817561519744931 ], [ -48.165199675933877, -21.817555417954452 ], [ -48.165214276192287, -21.817549979993192 ], [ -48.165229144837753, -21.817545218997736 ], [ -48.165244245951861, -21.817541146469221 ], [ -48.165257953367309, -21.817538088510815 ], [ -48.165290398408921, -21.817534065902866 ], [ -48.165334079387712, -21.817532863895487 ], [ -48.165384308941292, -21.817472682439849 ], [ -48.165437150743877, -21.817509267004848 ], [ -48.165465698240411, -21.81752903160325 ], [ -48.165466391068463, -21.81752951127628 ], [ -48.165465808906156, -21.817530208618159 ], [ -48.165479021824908, -21.817539826328527 ], [ -48.165472243155669, -21.817547946148043 ], [ -48.165510749562152, -21.817575975028326 ], [ -48.165514506722964, -21.817571474517358 ], [ -48.165518696802607, -21.817574517850019 ], [ -48.165539226102936, -21.81758942865909 ], [ -48.165563381343638, -21.817606973048587 ], [ -48.16556737408861, -21.817609873050941 ], [ -48.165556995157537, -21.817622119256871 ], [ -48.165596891728299, -21.817651601524492 ], [ -48.165606587189707, -21.817640161748333 ], [ -48.165611436497691, -21.817643769815909 ], [ -48.165655356942381, -21.817676448265829 ], [ -48.165659749993836, -21.817679716858741 ], [ -48.165656520742608, -21.817683501121547 ], [ -48.165694946005921, -21.817712090929469 ], [ -48.165720780129384, -21.817681816678004 ], [ -48.165726864735433, -21.817686544098315 ], [ -48.165751920787926, -21.81770601133406 ], [ -48.165795559443055, -21.817739916254979 ], [ -48.165841420929354, -21.817777682797612 ], [ -48.165851767449141, -21.817788307908298 ], [ -48.165861528086047, -21.817799392287327 ], [ -48.165870678403415, -21.817810908184132 ], [ -48.165879195492558, -21.817822826767859 ], [ -48.165887058030123, -21.817835118199259 ], [ -48.16589424633144, -21.817847751705958 ], [ -48.165900742399842, -21.817860695658922 ], [ -48.165906529971707, -21.817873917651823 ], [ -48.16591159455718, -21.817887384582495 ], [ -48.165915923476454, -21.81790106273538 ], [ -48.165919505891502, -21.817914917866034 ], [ -48.165922332833226, -21.817928915287105 ], [ -48.165924397223904, -21.817943019954789 ], [ -48.165925693894962, -21.817957196556883 ], [ -48.165926219599825, -21.817971409601071 ], [ -48.165926206050479, -21.817977680487633 ], [ -48.166054812450376, -21.818054813733713 ], [ -48.166105444870858, -21.81808200260215 ], [ -48.166149904687934, -21.818097129876548 ], [ -48.166203559888956, -21.818108682288443 ], [ -48.166250741535663, -21.818111966697995 ], [ -48.166273126337423, -21.81811262153763 ], [ -48.166311071288874, -21.818110089081749 ], [ -48.166378967770676, -21.818095429429707 ], [ -48.166385395964078, -21.818093859462742 ], [ -48.166385395964134, -21.818093859462714 ], [ -48.166444087035671, -21.818071563694467 ], [ -48.166609574383173, -21.817972841651365 ], [ -48.166618757938146, -21.817981092121752 ], [ -48.166640449100278, -21.817996198836028 ], [ -48.166667561987822, -21.81800740033033 ], [ -48.166696850067048, -21.81801054074333 ], [ -48.166722858902048, -21.818009277230306 ], [ -48.166839229296613, -21.817946117478701 ], [ -48.16752718664025, -21.817493920914238 ], [ -48.167933172444556, -21.817163057696501 ], [ -48.168880914534725, -21.816230665159924 ], [ -48.1689056199166, -21.81619189829561 ], [ -48.16892742075305, -21.816136040851667 ], [ -48.168932673420251, -21.816105073423383 ], [ -48.168935266197465, -21.816065781834492 ], [ -48.168933290836343, -21.816032392184844 ], [ -48.168922460827609, -21.815992219938575 ], [ -48.168907063892782, -21.81596038719924 ], [ -48.168882240098675, -21.815917435884955 ], [ -48.168443871419164, -21.815508654943805 ], [ -48.16840711122385, -21.815483866822149 ], [ -48.168270727029835, -21.815405966614744 ], [ -48.168162934019541, -21.815370534736878 ] ] ] } },
{ "type": "Feature", "properties": { "nome": "GRAN VILLAGE", "LAYER": "CONDOMINIOS" }, "geometry": { "type": "Polygon", "coordinates": [ [ [ -48.187859703862912, -21.770622839322193 ], [ -48.187863784521504, -21.770623686488669 ], [ -48.187929866305574, -21.770637740149152 ], [ -48.18810983957875, -21.770676336570283 ], [ -48.188182829889747, -21.770691682256277 ], [ -48.188266637245192, -21.770708906069249 ], [ -48.18853876230979, -21.769808452062989 ], [ -48.188510262471091, -21.769768630956619 ], [ -48.188575646043354, -21.76966999237078 ], [ -48.18858113950202, -21.769661704852755 ], [ -48.188599057091878, -21.769601611286429 ], [ -48.188775944287507, -21.769009097243664 ], [ -48.188232794534571, -21.768545576048997 ], [ -48.188193004831142, -21.768585147666386 ], [ -48.188085292663317, -21.768696908979287 ], [ -48.1880118827793, -21.768771637426656 ], [ -48.187956929308385, -21.768827407797883 ], [ -48.187944599787933, -21.768873110120715 ], [ -48.18793315296351, -21.768910805568272 ], [ -48.187900180526576, -21.769019386701775 ], [ -48.187762027736035, -21.768988134749677 ], [ -48.187469617213161, -21.769215707134673 ], [ -48.187348196026626, -21.769310204790706 ], [ -48.187222587271954, -21.76940796147743 ], [ -48.18720779268439, -21.769420142952637 ], [ -48.187087785593384, -21.769512979557511 ], [ -48.18698125639424, -21.769597096558638 ], [ -48.186731587668056, -21.769792379607143 ], [ -48.18672115314493, -21.769827607866034 ], [ -48.186742999277868, -21.769851276748767 ], [ -48.186730274577442, -21.769861524101149 ], [ -48.186747422525876, -21.769880102797583 ], [ -48.18676014722702, -21.769869855444036 ], [ -48.186827633934236, -21.769942972873373 ], [ -48.186818193126257, -21.769953732979452 ], [ -48.186812355534336, -21.77001761109414 ], [ -48.18677377015625, -21.770026523719228 ], [ -48.186786824570866, -21.770075834382641 ], [ -48.18678104195461, -21.770082534173476 ], [ -48.186780365993208, -21.770084813497558 ], [ -48.186779860746441, -21.770089312966906 ], [ -48.186780788404782, -21.770098507116142 ], [ -48.18678271699055, -21.770105726311446 ], [ -48.186785095203952, -21.770111109727402 ], [ -48.186789373377685, -21.770115781658241 ], [ -48.18679742922447, -21.77012009609453 ], [ -48.186810559077948, -21.770169691664247 ], [ -48.186854481809597, -21.770159546197124 ], [ -48.186873382990207, -21.770179498192569 ], [ -48.186871977088344, -21.770193801064984 ], [ -48.186829555716649, -21.770214818646998 ], [ -48.18678295067577, -21.770391728533351 ], [ -48.186789769603728, -21.77039320622702 ], [ -48.186894257815439, -21.770415849274343 ], [ -48.186897911764127, -21.770416641099587 ], [ -48.187000276633043, -21.770439467197743 ], [ -48.187109010671115, -21.770461664974416 ], [ -48.187215910834887, -21.770483488295451 ], [ -48.187327439833062, -21.770506256499111 ], [ -48.187297590831314, -21.770469564904015 ], [ -48.187290659371286, -21.770452117125593 ], [ -48.187288500285568, -21.770430593830238 ], [ -48.187289747332272, -21.770416383481017 ], [ -48.187293412831934, -21.770395659036932 ], [ -48.187298791464549, -21.77038084832239 ], [ -48.187307525285817, -21.77036462813129 ], [ -48.187319129512339, -21.770350431746632 ], [ -48.1873325209244, -21.77033868700746 ], [ -48.187348435670856, -21.77032756371846 ], [ -48.18736687161929, -21.770319832585695 ], [ -48.18738406185399, -21.770315318388967 ], [ -48.187406504125711, -21.770312061490866 ], [ -48.187417785222372, -21.77031243759588 ], [ -48.187434475127148, -21.77031581960259 ], [ -48.187461105072565, -21.770324054315061 ], [ -48.18747187704296, -21.770329536361508 ], [ -48.187488913790801, -21.770341814341116 ], [ -48.187497881920642, -21.770349362884982 ], [ -48.187508453988862, -21.770361675205613 ], [ -48.187515594037478, -21.770371734423996 ], [ -48.18751983948988, -21.770380175676173 ], [ -48.187526668701075, -21.770397789446317 ], [ -48.187528981725038, -21.770411983718869 ], [ -48.187529365641645, -21.770425960335253 ], [ -48.187528699505094, -21.770438422313056 ], [ -48.187527068454536, -21.770450686014573 ], [ -48.187523336807473, -21.77046240289754 ], [ -48.187518802648114, -21.770473873583811 ], [ -48.187511968442806, -21.770484445891164 ], [ -48.187505450954816, -21.770493769626526 ], [ -48.18749699445322, -21.770505179870867 ], [ -48.187492352676465, -21.770510114589637 ], [ -48.187489576033123, -21.770512156453822 ], [ -48.187483003285188, -21.770516989864461 ], [ -48.187461768585251, -21.770527635730136 ], [ -48.187444107468004, -21.77053423801453 ], [ -48.187790455654188, -21.770607992085058 ], [ -48.187859703862912, -21.770622839322193 ] ] ] } },
{ "type": "Feature", "properties": { "nome": "Condomínio Residencial Harmonia", "LAYER": "CONDOMINIOS" }, "geometry": { "type": "Polygon", "coordinates": [ [ [ -48.191133871864743, -21.780724495690343 ], [ -48.191126592932363, -21.780734909865092 ], [ -48.191044428432988, -21.780688268252533 ], [ -48.191013801742081, -21.780681593022166 ], [ -48.191008647861231, -21.7806910440896 ], [ -48.190955097654225, -21.780789243126268 ], [ -48.190930446588226, -21.780834112187431 ], [ -48.190930253985272, -21.780834485910827 ], [ -48.190918568715311, -21.780855002315882 ], [ -48.190880032666634, -21.780911853648131 ], [ -48.190859305287141, -21.780942315181534 ], [ -48.190792133418746, -21.781029625897141 ], [ -48.190881906909887, -21.781050674598596 ], [ -48.190892925376822, -21.781050301154195 ], [ -48.190983044521758, -21.781074387719364 ], [ -48.191115600050111, -21.780875462306049 ], [ -48.191166842182412, -21.780798815680523 ], [ -48.191194132284501, -21.780759029516709 ], [ -48.191133871864743, -21.780724495690343 ] ] ] } },
{ "type": "Feature", "properties": { "nome": "RESIDENCIAL VEREDAS DO CAMPO", "LAYER": "CONDOMINIOS" }, "geometry": { "type": "Polygon", "coordinates": [ [ [ -48.151073031573553, -21.754147345486828 ], [ -48.150897934836642, -21.754259856537946 ], [ -48.150532963709949, -21.753772655762585 ], [ -48.150471058341061, -21.753690595813335 ], [ -48.150652556162854, -21.753572507579467 ], [ -48.150640234245607, -21.753478732139182 ], [ -48.150646841535753, -21.75344381816301 ], [ -48.150665673623415, -21.753399543794007 ], [ -48.150682492932184, -21.75337474138373 ], [ -48.150813269973213, -21.753229864616202 ], [ -48.149998922155731, -21.752133144284141 ], [ -48.149756089756174, -21.752207217390506 ], [ -48.148251209757554, -21.752649719738493 ], [ -48.150096120856574, -21.755131801943147 ], [ -48.150231237405308, -21.755051443919026 ], [ -48.150623352620926, -21.754796018321311 ], [ -48.150663249203774, -21.754773099533207 ], [ -48.150688402792056, -21.754812309848404 ], [ -48.150795146994135, -21.754768053627082 ], [ -48.150897592111001, -21.754680232877202 ], [ -48.150912063439918, -21.754661040645704 ], [ -48.150936401862154, -21.754616076345812 ], [ -48.15095050940787, -21.754574920947547 ], [ -48.150884805087664, -21.754556713925187 ], [ -48.150896810792837, -21.754517289248678 ], [ -48.150969222397265, -21.754536655438965 ], [ -48.150985896783382, -21.754482245849225 ], [ -48.150992535271918, -21.754484021283933 ], [ -48.151007028424544, -21.754436729149667 ], [ -48.150999430242997, -21.75443469704949 ], [ -48.151016344299187, -21.754379505302968 ], [ -48.151001722674074, -21.754375594813588 ], [ -48.151013599332515, -21.754331720228919 ], [ -48.151093378737087, -21.754354354199108 ], [ -48.15117656209668, -21.75428831755374 ], [ -48.151073031573553, -21.754147345486828 ] ] ] } },
{ "type": "Feature", "properties": { "nome": "Condomínio Residencial Villa de Aracoara", "LAYER": "CONDOMINIOS" }, "geometry": { "type": "Polygon", "coordinates": [ [ [ -48.185894626246721, -21.753199492801844 ], [ -48.185889678745745, -21.753237750857551 ], [ -48.186061618269576, -21.753257155507249 ], [ -48.186063629051944, -21.753241606383458 ], [ -48.186217470764113, -21.753260247799503 ], [ -48.186258748998853, -21.753258623377505 ], [ -48.186296706492342, -21.753246287491294 ], [ -48.18632905644094, -21.753221702064177 ], [ -48.186350874223372, -21.75319142160593 ], [ -48.186360975821074, -21.75315498141444 ], [ -48.186382891192721, -21.752996638679466 ], [ -48.186420888356928, -21.753000632438063 ], [ -48.186577132588134, -21.752475741519131 ], [ -48.186750696169135, -21.75189375861822 ], [ -48.186900873041488, -21.751399435393196 ], [ -48.186759452126516, -21.751384443396255 ], [ -48.186423314797324, -21.751354716974003 ], [ -48.186286876839752, -21.751343233250953 ], [ -48.185959703767018, -21.751310371348985 ], [ -48.185634546573368, -21.751278713463108 ], [ -48.185312444342891, -21.751243838607952 ], [ -48.185194097385953, -21.751234143363348 ], [ -48.185171048970538, -21.751233371537161 ], [ -48.185148414480544, -21.751414094243806 ], [ -48.184956183420901, -21.751389299869821 ], [ -48.184942249556478, -21.751519362391296 ], [ -48.184927201337111, -21.751618904874586 ], [ -48.184920678752611, -21.751657465745144 ], [ -48.184912178138291, -21.751722973604682 ], [ -48.184902337998217, -21.751824036514996 ], [ -48.184889568223952, -21.751908222474665 ], [ -48.184875321178026, -21.752024431368469 ], [ -48.18486228847209, -21.752125178488015 ], [ -48.184845950568665, -21.75222660396053 ], [ -48.184836222979946, -21.752326672714911 ], [ -48.18480710259751, -21.752531383256073 ], [ -48.184794996204829, -21.752628703502907 ], [ -48.184788611224917, -21.752670796468244 ], [ -48.184781737984672, -21.752731438873326 ], [ -48.184769068159724, -21.752833729801289 ], [ -48.184755208936423, -21.752913284211854 ], [ -48.18475445145593, -21.752932877621181 ], [ -48.18497956805507, -21.752958950190546 ], [ -48.18499651713433, -21.752960913187525 ], [ -48.184987879437514, -21.753019183935557 ], [ -48.18566827041748, -21.753094865185279 ], [ -48.18565786305745, -21.75317187018727 ], [ -48.185894626246721, -21.753199492801844 ] ] ] } },
{ "type": "Feature", "properties": { "nome": "Condomínio Residencial Veneto", "LAYER": "CONDOMINIOS" }, "geometry": { "type": "Polygon", "coordinates": [ [ [ -48.157001597147904, -21.755198110978281 ], [ -48.157308540760042, -21.755599969622278 ], [ -48.157385408025931, -21.755702660741122 ], [ -48.157425976407076, -21.755721617555288 ], [ -48.157442325721391, -21.755733119617759 ], [ -48.157502579621742, -21.755814635694449 ], [ -48.157504626960808, -21.755813289149351 ], [ -48.157554869994492, -21.755879473646562 ], [ -48.15758053075448, -21.755913276206492 ], [ -48.157580892116016, -21.755915996177489 ], [ -48.157581715985813, -21.755914837494707 ], [ -48.157596733158528, -21.755926986436588 ], [ -48.157627396007413, -21.755939281263171 ], [ -48.157639431130491, -21.755941990885027 ], [ -48.157658612822026, -21.755941104694589 ], [ -48.157678221553901, -21.755935092883913 ], [ -48.157694540014454, -21.755927800595995 ], [ -48.157713900009483, -21.755914581112538 ], [ -48.157738670286129, -21.755896945405595 ], [ -48.157774012013661, -21.755942958184743 ], [ -48.1577220738899, -21.755978293439188 ], [ -48.157724645837199, -21.755981442617312 ], [ -48.15771711606795, -21.755986576308068 ], [ -48.157723383911062, -21.755994599038889 ], [ -48.157718767525594, -21.755997638763485 ], [ -48.157750940332207, -21.756039102447524 ], [ -48.157742627401106, -21.756044289988083 ], [ -48.157760036820562, -21.756068575067239 ], [ -48.157769244176137, -21.756062531030963 ], [ -48.157808889571243, -21.756114451601618 ], [ -48.157805787849306, -21.756117314985541 ], [ -48.157803836978687, -21.756119721296681 ], [ -48.157800126772031, -21.756125059849637 ], [ -48.157798641946592, -21.756127571175337 ], [ -48.157795780398651, -21.756133347609939 ], [ -48.157791938494576, -21.756145545197512 ], [ -48.157791692766892, -21.756157281328463 ], [ -48.157792205132807, -21.756166082147686 ], [ -48.157793585483006, -21.756176801227234 ], [ -48.157794651396607, -21.756185078555593 ], [ -48.157815554184303, -21.756221827275994 ], [ -48.157916605505804, -21.756351157575732 ], [ -48.157986767843568, -21.756446475631662 ], [ -48.157992311986447, -21.756492693724518 ], [ -48.15807051644007, -21.756594798488628 ], [ -48.158148943194668, -21.756696957075949 ], [ -48.158228231825518, -21.75680108823229 ], [ -48.158306162057464, -21.756903632795005 ], [ -48.158353740369336, -21.756966154872259 ], [ -48.158402308606121, -21.756985025681857 ], [ -48.15842370407978, -21.75699162450919 ], [ -48.158450995048746, -21.756998236768318 ], [ -48.158470601942518, -21.757004365551136 ], [ -48.158496201028058, -21.75701403345391 ], [ -48.158513912351978, -21.757020722414783 ], [ -48.158544995897572, -21.757038094303088 ], [ -48.158568407157816, -21.757051178318921 ], [ -48.158598511790615, -21.757073261135197 ], [ -48.158634124312336, -21.757093946760836 ], [ -48.158656440906277, -21.757105707393897 ], [ -48.158705847648733, -21.757094597547038 ], [ -48.158714372518403, -21.757092680600543 ], [ -48.158822413554667, -21.757034594209738 ], [ -48.158949399859992, -21.756966402824297 ], [ -48.159074189726638, -21.756900280490967 ], [ -48.159207695817365, -21.756828975743598 ], [ -48.159327360845538, -21.756765063258783 ], [ -48.159351029831782, -21.75674960328838 ], [ -48.159370737285315, -21.756725628619261 ], [ -48.159379344127757, -21.756700574262556 ], [ -48.159378023449982, -21.756674166477215 ], [ -48.159366934413192, -21.756646684066244 ], [ -48.159304131650615, -21.756545718290248 ], [ -48.159155844336148, -21.756306272258872 ], [ -48.159020248260916, -21.756087265739957 ], [ -48.158885173193809, -21.75586897472586 ], [ -48.158818216104258, -21.755758749762148 ], [ -48.158748804276001, -21.755647276410006 ], [ -48.158681906868416, -21.755539108197048 ], [ -48.158613273806971, -21.755427678436021 ], [ -48.158544573605006, -21.755318390521683 ], [ -48.158477825910303, -21.755210314883403 ], [ -48.158409171772227, -21.755100239954764 ], [ -48.158341704623439, -21.754991378431018 ], [ -48.158274486429967, -21.754884533929548 ], [ -48.158204596332205, -21.754774185824232 ], [ -48.158065707432726, -21.75463003951997 ], [ -48.157857335488458, -21.754408767809828 ], [ -48.157829182684623, -21.754389846088575 ], [ -48.157795374652906, -21.754382231387964 ], [ -48.157758552060379, -21.754386644588585 ], [ -48.15773056795107, -21.754403678900438 ], [ -48.157694010401592, -21.754438729066816 ], [ -48.15757400099659, -21.754550073962704 ], [ -48.157352303292051, -21.754755072257428 ], [ -48.157241878140503, -21.754856905961987 ], [ -48.157042760865799, -21.755041002026395 ], [ -48.157013397113097, -21.755068156224301 ], [ -48.157001880826598, -21.755078805932175 ], [ -48.156993192610642, -21.755088086317969 ], [ -48.156983808051528, -21.755098426143331 ], [ -48.156972587494614, -21.755130533616079 ], [ -48.156975874523347, -21.755156060115645 ], [ -48.15699026401176, -21.755183385550879 ], [ -48.157001597147904, -21.755198110978281 ] ] ] } },
{ "type": "Feature", "properties": { "nome": "Condomínio Residencial Village Damha III", "LAYER": "CONDOMINIOS" }, "geometry": { "type": "Polygon", "coordinates": [ [ [ -48.198518778358626, -21.749454662434701 ], [ -48.19842863440789, -21.749429240428533 ], [ -48.198285116554182, -21.749393859668881 ], [ -48.19818446379999, -21.749371332500491 ], [ -48.197758683792166, -21.749296293762569 ], [ -48.197542050938971, -21.749271772709594 ], [ -48.197099416666454, -21.749246211136533 ], [ -48.196891708800756, -21.749246634147749 ], [ -48.196450848545673, -21.749272812231329 ], [ -48.195787960025186, -21.749378503083737 ], [ -48.195464843147093, -21.749462036445859 ], [ -48.195138447877426, -21.749579497542619 ], [ -48.194929180472037, -21.749688052196134 ], [ -48.194739759393073, -21.749813903608235 ], [ -48.194494721933751, -21.750022751746396 ], [ -48.194323753152027, -21.750161287421484 ], [ -48.194155948557516, -21.750279799704209 ], [ -48.19397964215436, -21.750387960046762 ], [ -48.193792261242322, -21.750487470980435 ], [ -48.193603714288585, -21.750573727757491 ], [ -48.193309596553938, -21.75067968963701 ], [ -48.193003126397635, -21.750777823508532 ], [ -48.1926992116977, -21.750873929799116 ], [ -48.192127051292793, -21.751057785664987 ], [ -48.192128807993328, -21.751059646313063 ], [ -48.192330101365833, -21.751363037776155 ], [ -48.192517053466453, -21.751764534190087 ], [ -48.192638990553874, -21.752141507544675 ], [ -48.192708130993886, -21.752713815111534 ], [ -48.192625408254656, -21.753422655103581 ], [ -48.192507097323428, -21.753790201318587 ], [ -48.192451444445418, -21.753982237288469 ], [ -48.192897525275882, -21.754091180150478 ], [ -48.192863765554769, -21.754203952754189 ], [ -48.193414471888275, -21.75435113454439 ], [ -48.193399188479745, -21.754407678728988 ], [ -48.1936385222048, -21.754475069217168 ], [ -48.193683632199743, -21.754490084252215 ], [ -48.193702901634779, -21.754512346208749 ], [ -48.193711917605754, -21.754539626213596 ], [ -48.19370829418353, -21.754557363107239 ], [ -48.193623444151932, -21.75482190933015 ], [ -48.193843566787244, -21.755653803309801 ], [ -48.194223568452948, -21.755754828024799 ], [ -48.194349359202953, -21.755328272511637 ], [ -48.194391371712904, -21.755185807683795 ], [ -48.194940967895022, -21.753322088785652 ], [ -48.195419791199051, -21.751698315777773 ], [ -48.195553059597771, -21.75124637122569 ], [ -48.195556625221279, -21.751230998607117 ], [ -48.195560746544224, -21.75121574772491 ], [ -48.195565418830299, -21.751200636105008 ], [ -48.195570636710087, -21.751185681113345 ], [ -48.19557639418715, -21.751170899935801 ], [ -48.195582684644975, -21.75115630955861 ], [ -48.195589500854588, -21.751141926748602 ], [ -48.195596834982801, -21.751127768034202 ], [ -48.195604678601285, -21.751113849686238 ], [ -48.195613022696193, -21.751100187699297 ], [ -48.195621857678631, -21.751086797773436 ], [ -48.195631173395505, -21.751073695295947 ], [ -48.195640959141336, -21.751060895323889 ], [ -48.195651203670494, -21.751048412566654 ], [ -48.195661895210158, -21.751036261369055 ], [ -48.195673021473731, -21.75102445569501 ], [ -48.195684569675201, -21.751013009111219 ], [ -48.195696526543621, -21.751001934771761 ], [ -48.195708878338309, -21.750991245403064 ], [ -48.195721610864958, -21.750980953288963 ], [ -48.19573470949161, -21.750971070256917 ], [ -48.195748159165646, -21.75096160766422 ], [ -48.195761944431077, -21.750952576385007 ], [ -48.195776049446131, -21.750943986797825 ], [ -48.195790458001753, -21.75093584877354 ], [ -48.195805153539943, -21.750928171664189 ], [ -48.195820119173106, -21.750920964292053 ], [ -48.195835337703173, -21.750914234939628 ], [ -48.195850791641305, -21.750907991340167 ], [ -48.195866463228285, -21.750902240668644 ], [ -48.195882334454907, -21.750896989533501 ], [ -48.196001219067547, -21.750862974485909 ], [ -48.196115507280524, -21.750834148214818 ], [ -48.196289661133136, -21.750797784315441 ], [ -48.196448062604617, -21.750771316379723 ], [ -48.196686969628892, -21.750744319088565 ], [ -48.196858438213887, -21.75073380405032 ], [ -48.197027530438248, -21.750731662813152 ], [ -48.197215180499761, -21.750737179311319 ], [ -48.197396038700319, -21.750751582314038 ], [ -48.197518080395163, -21.75076599369055 ], [ -48.197680110112842, -21.750790827772413 ], [ -48.197798930624614, -21.750813890593331 ], [ -48.197941744069297, -21.750847138747112 ], [ -48.198063850846623, -21.750880903061454 ], [ -48.198116316251244, -21.750895410483523 ], [ -48.198203032174071, -21.750922306106425 ], [ -48.198279297479949, -21.750948463538791 ], [ -48.198384790579617, -21.750987238656645 ], [ -48.198488504135909, -21.751028871456779 ], [ -48.198502664996518, -21.751034530573612 ], [ -48.198504338912457, -21.751035199521965 ], [ -48.198505571764478, -21.751035739232996 ], [ -48.198508059424967, -21.751036773623795 ], [ -48.19861706714083, -21.751090874739329 ], [ -48.198755725726841, -21.751279671134462 ], [ -48.198796186887066, -21.751193194290032 ], [ -48.198800125002208, -21.751137036269622 ], [ -48.19872755719036, -21.75071593889551 ], [ -48.198549503404507, -21.749694063448803 ], [ -48.19851838148854, -21.749455751257972 ], [ -48.198518778358626, -21.749454662434701 ] ] ] } },
{ "type": "Feature", "properties": { "nome": "Residencial Dolce Villa", "LAYER": "CONDOMINIOS" }, "geometry": { "type": "Polygon", "coordinates": [ [ [ -48.161151067199484, -21.793028861244963 ], [ -48.161155673338591, -21.792938749962769 ], [ -48.161160147004132, -21.792851230060201 ], [ -48.161164853745319, -21.792759331158702 ], [ -48.161172075481389, -21.792666652854308 ], [ -48.16117521443114, -21.792626369877489 ], [ -48.16117920237329, -21.792575191496653 ], [ -48.161137683405208, -21.792573138792658 ], [ -48.161060994174072, -21.792569347238132 ], [ -48.16098799387327, -21.792575894238823 ], [ -48.16098800552296, -21.792575610944667 ], [ -48.160890166654426, -21.792584873360713 ], [ -48.160792725538649, -21.792581509637508 ], [ -48.160694437918238, -21.792577879516799 ], [ -48.160692041163401, -21.792664405092726 ], [ -48.160689560970582, -21.792753942520172 ], [ -48.160687018804254, -21.792845716877423 ], [ -48.16068302161429, -21.792936074950113 ], [ -48.160679035804613, -21.793023978337811 ], [ -48.160674840564475, -21.793116500247674 ], [ -48.160651832077157, -21.793299017254874 ], [ -48.160916316535015, -21.793311985274567 ], [ -48.160915531543068, -21.793298576101702 ], [ -48.160958121966843, -21.79330136123022 ], [ -48.160957881999543, -21.793314418188988 ], [ -48.161129657756575, -21.793324882348237 ], [ -48.161137306174709, -21.793226700454543 ], [ -48.161137233124379, -21.793226697742234 ], [ -48.161145159552447, -21.793125896931034 ], [ -48.161147855289222, -21.793091295230209 ], [ -48.161150771329837, -21.793034649422914 ], [ -48.161151067199484, -21.793028861244963 ] ] ] } },
{ "type": "Feature", "properties": { "nome": "Condomínio Villa Rio Preto", "LAYER": "CONDOMINIOS" }, "geometry": { "type": "Polygon", "coordinates": [ [ [ -48.142104257348258, -21.781899042540942 ], [ -48.142095702259972, -21.781739016676848 ], [ -48.1421999612962, -21.781729271616619 ], [ -48.142310172453534, -21.781718970139547 ], [ -48.142416898686349, -21.781709486907562 ], [ -48.142416915304224, -21.781709485446541 ], [ -48.142525186991755, -21.781700797164305 ], [ -48.142634109646181, -21.781691994996041 ], [ -48.142742137487758, -21.781681749870138 ], [ -48.142863822419251, -21.781670199431606 ], [ -48.142844144746434, -21.781504741760198 ], [ -48.14281966611393, -21.781506165330242 ], [ -48.142818579460553, -21.781499224675709 ], [ -48.142831474852969, -21.78149826616319 ], [ -48.142830417091673, -21.78147918704536 ], [ -48.142838419724676, -21.781478383400543 ], [ -48.142809700911563, -21.7812115313037 ], [ -48.142697762609714, -21.781217662474528 ], [ -48.142616003379949, -21.781222136768093 ], [ -48.142462985858792, -21.781228317236547 ], [ -48.142269510911014, -21.781238930369305 ], [ -48.142040127469386, -21.781251293866603 ], [ -48.142048656198547, -21.7814028253873 ], [ -48.142052521386425, -21.781471498911017 ], [ -48.142056418676752, -21.78155301890698 ], [ -48.14206409260548, -21.781713535291111 ], [ -48.142074508849682, -21.781900761158454 ], [ -48.142074633644782, -21.781901622133102 ], [ -48.142104257348258, -21.781899042540942 ] ] ] } },
{ "type": "Feature", "properties": { "nome": "Condomínio Miami Boulevard", "LAYER": "CONDOMINIOS" }, "geometry": { "type": "Polygon", "coordinates": [ [ [ -48.162875658980383, -21.808716632821902 ], [ -48.162918647214269, -21.808752993715913 ], [ -48.162961194213963, -21.808789183835774 ], [ -48.163070153420186, -21.808882162537998 ], [ -48.163380629008678, -21.80862354733328 ], [ -48.163549463351224, -21.808482318082678 ], [ -48.163569318373803, -21.808465284253689 ], [ -48.163611500241032, -21.808429095970762 ], [ -48.163663715948374, -21.808384299504031 ], [ -48.163717344004702, -21.808338291316538 ], [ -48.16379731137468, -21.808271268069301 ], [ -48.163840456395008, -21.808235106782586 ], [ -48.16391916704093, -21.808169136672038 ], [ -48.163986815572429, -21.80811207171417 ], [ -48.164225912895247, -21.807910800691179 ], [ -48.164276527393639, -21.807868573070163 ], [ -48.164376176323188, -21.807785435949594 ], [ -48.164427863256563, -21.807742313465177 ], [ -48.164485894108623, -21.80769346816993 ], [ -48.164624022322499, -21.807577203689341 ], [ -48.164769745384262, -21.807457888759725 ], [ -48.164995370554557, -21.807267848633423 ], [ -48.16473458633665, -21.80699823235372 ], [ -48.164726912278631, -21.807005662946754 ], [ -48.164553147626002, -21.806813793004714 ], [ -48.164571224171432, -21.806799142532977 ], [ -48.164518124585442, -21.806742008369888 ], [ -48.164531343149328, -21.806730951976316 ], [ -48.164426603420758, -21.806621586177403 ], [ -48.164422216742921, -21.806625673011471 ], [ -48.164400537563424, -21.806643364198603 ], [ -48.16419375393712, -21.806812366781571 ], [ -48.16407465140167, -21.806913338674757 ], [ -48.164063474035366, -21.806922814529536 ], [ -48.163980759120847, -21.806992571003111 ], [ -48.1638681660936, -21.807085547120185 ], [ -48.163764543558607, -21.807171102677522 ], [ -48.163611121688817, -21.807296957211637 ], [ -48.16357449735829, -21.807327000706703 ], [ -48.163397174915382, -21.807473979023236 ], [ -48.163238449333846, -21.807605992462527 ], [ -48.163154842863285, -21.807675528516331 ], [ -48.163047806178191, -21.807761903886774 ], [ -48.162868853116329, -21.80790990463926 ], [ -48.162733004328814, -21.808024619823723 ], [ -48.16268275802252, -21.808067097983084 ], [ -48.162493183399874, -21.808224624737861 ], [ -48.162421639957763, -21.808284054194097 ], [ -48.162399604538543, -21.808301791324933 ], [ -48.162446145091941, -21.808344436161679 ], [ -48.162528391190023, -21.808418709950878 ], [ -48.162701602202837, -21.808568460473854 ], [ -48.162790091295484, -21.808644256713873 ], [ -48.162834283118535, -21.808681635700321 ], [ -48.162875658980383, -21.808716632821902 ] ] ] } },
{ "type": "Feature", "properties": { "nome": "Condomínio Virgínia", "LAYER": "CONDOMINIOS" }, "geometry": { "type": "Polygon", "coordinates": [ [ [ -48.140569343555377, -21.759366331497493 ], [ -48.140407260043219, -21.75910677194566 ], [ -48.140420353342911, -21.759063024007983 ], [ -48.140332025847329, -21.758921752794151 ], [ -48.140327321698365, -21.75892426186444 ], [ -48.140300674559633, -21.758879856442757 ], [ -48.140325905118893, -21.758865833576905 ], [ -48.140279338642991, -21.758792719987355 ], [ -48.140256126769565, -21.758805620889731 ], [ -48.140163843379213, -21.758651837286735 ], [ -48.140118778315433, -21.758643430927261 ], [ -48.140002403905285, -21.758456222693841 ], [ -48.140045037231076, -21.758431427336991 ], [ -48.140040598966117, -21.758424987344931 ], [ -48.140035543900296, -21.758418984115977 ], [ -48.14002990653492, -21.758413454157683 ], [ -48.140023737037055, -21.758408446681099 ], [ -48.1400170903092, -21.758404006247993 ], [ -48.140010025500743, -21.758400172373602 ], [ -48.140002605481527, -21.758396979175767 ], [ -48.13999489628241, -21.758394455070736 ], [ -48.139986966507664, -21.758392622520471 ], [ -48.139978886724435, -21.758391497833035 ], [ -48.139970728834818, -21.758391091016779 ], [ -48.139962565435908, -21.758391405692141 ], [ -48.139954469173915, -21.758392439058706 ], [ -48.139946512097531, -21.75839418192059 ], [ -48.139938765016858, -21.758396618767922 ], [ -48.139920386878337, -21.758401345865099 ], [ -48.138984571060533, -21.75891573388207 ], [ -48.139218373791103, -21.759287219600541 ], [ -48.139451675087003, -21.759661200914159 ], [ -48.139558171638029, -21.759832717073579 ], [ -48.139599136788839, -21.759895750682219 ], [ -48.140045998293324, -21.759650652194399 ], [ -48.140209282272949, -21.759561944312466 ], [ -48.140569343555377, -21.759366331497493 ] ] ] } },
{ "type": "Feature", "properties": { "nome": "Condomínio Residencial Summertime Residences", "LAYER": "CONDOMINIOS" }, "geometry": { "type": "Polygon", "coordinates": [ [ [ -48.194082073183274, -21.799805526966633 ], [ -48.194245282293167, -21.799169313277293 ], [ -48.194325424095936, -21.798847115697431 ], [ -48.194346486016997, -21.798762567559166 ], [ -48.194376177157757, -21.798642578794936 ], [ -48.194407547294915, -21.798553555355408 ], [ -48.194411683473042, -21.798540282501225 ], [ -48.194412231153116, -21.79852066415706 ], [ -48.19440746849078, -21.798501941438321 ], [ -48.194399315510417, -21.798487470745439 ], [ -48.194386747768455, -21.798476677827352 ], [ -48.194369517683072, -21.798468496377463 ], [ -48.194335311036383, -21.798458230978412 ], [ -48.194255274277609, -21.798435911621254 ], [ -48.194254483716172, -21.798436202440364 ], [ -48.194250601921873, -21.798437630412732 ], [ -48.194214907405005, -21.798426488694897 ], [ -48.194213830542616, -21.798429497551542 ], [ -48.194149145322115, -21.798411747404291 ], [ -48.194098877266484, -21.798403724478696 ], [ -48.194098443021396, -21.79839378612149 ], [ -48.194057920036805, -21.798395330353891 ], [ -48.194058334518751, -21.798404816463087 ], [ -48.194015155772703, -21.798405814356553 ], [ -48.19401541606031, -21.798383169370631 ], [ -48.194012763796913, -21.798381741795939 ], [ -48.194010846666032, -21.798380709904595 ], [ -48.193990955739288, -21.798375711498604 ], [ -48.193991874049651, -21.798367488535238 ], [ -48.193990287510594, -21.798365088003305 ], [ -48.193966071764486, -21.798358694128204 ], [ -48.193967976505903, -21.798351237518684 ], [ -48.193962340678404, -21.798347112519231 ], [ -48.193941287151915, -21.798342147927407 ], [ -48.193943032482238, -21.798335105682494 ], [ -48.193938244131999, -21.798331777912129 ], [ -48.193916216873831, -21.798325038713912 ], [ -48.193917965483976, -21.798317998692532 ], [ -48.193914434058257, -21.798314528968724 ], [ -48.193836003041021, -21.798292346967973 ], [ -48.193812173044577, -21.798363467306295 ], [ -48.193680842114702, -21.798760570733897 ], [ -48.193504905798818, -21.799238234764118 ], [ -48.19327541830409, -21.799922733715203 ], [ -48.193995317569446, -21.800103328534437 ], [ -48.194037336793947, -21.799965787748906 ], [ -48.194082073183274, -21.799805526966633 ] ] ] } },
{ "type": "Feature", "properties": { "nome": "Condomínio Buona Vita", "LAYER": "CONDOMINIOS" }, "geometry": { "type": "Polygon", "coordinates": [ [ [ -48.177499654476215, -21.752297078820202 ], [ -48.177574740792807, -21.752312446028018 ], [ -48.177601657873389, -21.75231496946892 ], [ -48.177618643344189, -21.752312645655124 ], [ -48.177631455922345, -21.75230850569956 ], [ -48.177643368197742, -21.752302911525522 ], [ -48.177657126912976, -21.752293458897896 ], [ -48.177671990657167, -21.752281247083094 ], [ -48.177683022349484, -21.752269339452234 ], [ -48.177691333410117, -21.75225792840585 ], [ -48.177699493353799, -21.752243232859609 ], [ -48.177703024281726, -21.75223188347524 ], [ -48.177706274642077, -21.75219935985654 ], [ -48.177709195826537, -21.752175095285171 ], [ -48.177714682635546, -21.752158891030298 ], [ -48.177724256218461, -21.752143306283596 ], [ -48.177738746874113, -21.752128723799981 ], [ -48.177777157591684, -21.752100529555381 ], [ -48.177810816229879, -21.75207604451003 ], [ -48.17783593593586, -21.752060105454614 ], [ -48.177893446943933, -21.75202576247364 ], [ -48.177925753063803, -21.752007748060912 ], [ -48.177978143779505, -21.751983102978741 ], [ -48.178050070109656, -21.751954929585459 ], [ -48.178094401880408, -21.751939467671676 ], [ -48.178250477779869, -21.751899947638694 ], [ -48.178310896917836, -21.751892135481437 ], [ -48.178342743539623, -21.751884622717849 ], [ -48.178372375224555, -21.751874126819388 ], [ -48.178389918738048, -21.751865054409727 ], [ -48.178414794446468, -21.751848692317228 ], [ -48.178434039588382, -21.75183125251052 ], [ -48.17844707272716, -21.751815589102463 ], [ -48.178461358967269, -21.751792812974294 ], [ -48.178471481533606, -21.751772977120215 ], [ -48.178482563297919, -21.751746378511484 ], [ -48.178485518029291, -21.75173089839938 ], [ -48.178489245503187, -21.751698789340665 ], [ -48.178527160791724, -21.75075753722534 ], [ -48.178540157289014, -21.750456121572459 ], [ -48.178827809019907, -21.750466817984503 ], [ -48.179019758757974, -21.745844524287353 ], [ -48.179023595195773, -21.745754810329942 ], [ -48.179034866191309, -21.745478397721577 ], [ -48.17903648457208, -21.745438707942402 ], [ -48.178751386105745, -21.745494986994323 ], [ -48.178635936298384, -21.745517960291899 ], [ -48.178524144537306, -21.745539844369066 ], [ -48.178410707038161, -21.745562145062628 ], [ -48.178296720605033, -21.745584618011488 ], [ -48.178070075569451, -21.745629033316174 ], [ -48.177956870980395, -21.745651222768625 ], [ -48.177842361224336, -21.745673701718143 ], [ -48.177730661674005, -21.7456954762701 ], [ -48.177617850344966, -21.745717340797054 ], [ -48.177501957765642, -21.745740075284871 ], [ -48.17738851332895, -21.745762479169461 ], [ -48.177274717339841, -21.745784882007506 ], [ -48.177164009100977, -21.745806565261887 ], [ -48.177049500048589, -21.745828992854559 ], [ -48.17693560275746, -21.745851529943614 ], [ -48.176819949877796, -21.745874477314437 ], [ -48.176754194884566, -21.745887524110625 ], [ -48.176705375094315, -21.745896889500838 ], [ -48.176595546420998, -21.745917958528896 ], [ -48.176536975896603, -21.745929194396041 ], [ -48.176424836005545, -21.745952064090169 ], [ -48.176310329431402, -21.745975416355016 ], [ -48.17619936534971, -21.745996487202305 ], [ -48.176159686809399, -21.74600402169661 ], [ -48.176085395703637, -21.746018887389347 ], [ -48.175969244676629, -21.746042129201342 ], [ -48.175857222052535, -21.74606436480709 ], [ -48.175744145053564, -21.746086557924048 ], [ -48.175630820325246, -21.746108799575165 ], [ -48.175517253991394, -21.746130888613823 ], [ -48.175403456007899, -21.746153004175714 ], [ -48.17528975381915, -21.746175150974025 ], [ -48.175176104315028, -21.746197421895552 ], [ -48.175061032770472, -21.746219971393373 ], [ -48.17494994983214, -21.7462415631929 ], [ -48.174835156242843, -21.746263710691029 ], [ -48.174769485861702, -21.746276380650123 ], [ -48.17472013487604, -21.746288667906793 ], [ -48.174609044755769, -21.746310296106252 ], [ -48.174495764205318, -21.746332350676184 ], [ -48.174379762689888, -21.746354934900765 ], [ -48.174315763520873, -21.746367394799208 ], [ -48.174154486250586, -21.746398793497193 ], [ -48.174041648553391, -21.746420761502815 ], [ -48.173972048619802, -21.74643431164559 ], [ -48.173940028925998, -21.746518271351849 ], [ -48.173872408094915, -21.746695581361486 ], [ -48.173830929497036, -21.746804353371996 ], [ -48.173681091610788, -21.747197281240211 ], [ -48.173667994305674, -21.747231626873265 ], [ -48.17358874139569, -21.747912027942821 ], [ -48.173557185417607, -21.748182939151821 ], [ -48.173609201315429, -21.748208933731313 ], [ -48.17372477327244, -21.748263244717723 ], [ -48.173784210630011, -21.748295868321783 ], [ -48.173829692638385, -21.74832325574069 ], [ -48.173897415038269, -21.748366998475035 ], [ -48.173941830138361, -21.748397243332722 ], [ -48.173944950167289, -21.748399673176948 ], [ -48.173989643919526, -21.748434525359446 ], [ -48.174000432325649, -21.748443280844413 ], [ -48.174103994866769, -21.748526989568152 ], [ -48.174144977205877, -21.74856277285728 ], [ -48.17415192463487, -21.748568840139352 ], [ -48.174157560146348, -21.748574171114704 ], [ -48.174205877678297, -21.748619877626378 ], [ -48.174210585892197, -21.748624331414163 ], [ -48.174275310422324, -21.748691603968989 ], [ -48.174299647012951, -21.748720138996099 ], [ -48.17439218185298, -21.748833358219532 ], [ -48.174469533077044, -21.74893757272217 ], [ -48.174516434147421, -21.749002221239124 ], [ -48.174690506404438, -21.749242161946619 ], [ -48.174781226987072, -21.74936465201084 ], [ -48.175275487726935, -21.750041541868271 ], [ -48.175432876133542, -21.75025708372922 ], [ -48.175476468455678, -21.750313337610248 ], [ -48.175515121030692, -21.750351131556368 ], [ -48.175666057350753, -21.750477360013896 ], [ -48.175712051914687, -21.750500790104354 ], [ -48.175749275205085, -21.750509746695343 ], [ -48.175769258464307, -21.75051011111184 ], [ -48.175800247261677, -21.750510676221555 ], [ -48.175856153878712, -21.750496524992272 ], [ -48.175863975783329, -21.750516230783941 ], [ -48.175901563577149, -21.750503209574767 ], [ -48.175893416261047, -21.75048268398519 ], [ -48.176016993497015, -21.75043651132523 ], [ -48.176056149719187, -21.750496024980869 ], [ -48.175971033836895, -21.750526268055463 ], [ -48.176138457753474, -21.750765317957395 ], [ -48.176203496632716, -21.750705457111838 ], [ -48.176241571191639, -21.750759070624419 ], [ -48.176161052747275, -21.750829903931759 ], [ -48.17613511295427, -21.750854537973684 ], [ -48.17610906473444, -21.750886826469554 ], [ -48.176089135262337, -21.750931132755426 ], [ -48.176076418295267, -21.750978701488926 ], [ -48.1760786773783, -21.751025541694467 ], [ -48.176094751123493, -21.751070573187722 ], [ -48.176176178894728, -21.751247115245505 ], [ -48.176212737377277, -21.751321405186996 ], [ -48.17632620560169, -21.751480245189306 ], [ -48.17637869584744, -21.751553325419035 ], [ -48.176385932820516, -21.751563452513903 ], [ -48.176542320191196, -21.751774724867779 ], [ -48.176581167484251, -21.751827205717941 ], [ -48.176585249041104, -21.751823736394616 ], [ -48.17674070251207, -21.752045461598222 ], [ -48.176756691240939, -21.752064973811962 ], [ -48.176807783239397, -21.752116032443276 ], [ -48.176839197777902, -21.752140697398541 ], [ -48.176875678946303, -21.752166796656944 ], [ -48.176915710553601, -21.752191415429731 ], [ -48.176974988548999, -21.752219718657368 ], [ -48.177034077235653, -21.752242320290879 ], [ -48.177107207272975, -21.752260925645398 ], [ -48.177134447469946, -21.752265115219004 ], [ -48.177147314214771, -21.752267095508476 ], [ -48.177269155760243, -21.752274626281107 ], [ -48.177370109130067, -21.752280115328531 ], [ -48.177458475440552, -21.75229026584568 ], [ -48.177499654476215, -21.752297078820202 ] ] ] } },
{ "type": "Feature", "properties": { "nome": "Central Park Morada Do Sol", "LAYER": "CONDOMINIOS" }, "geometry": { "type": "Polygon", "coordinates": [ [ [ -48.165260468179156, -21.776172551204318 ], [ -48.165244351582238, -21.776158018223015 ], [ -48.165239497478552, -21.77615456123246 ], [ -48.165234536600572, -21.77615283773536 ], [ -48.165231346098324, -21.776152085668265 ], [ -48.16522726248386, -21.776151555862185 ], [ -48.165223285200845, -21.776151598357217 ], [ -48.165217365862873, -21.77615241013082 ], [ -48.165215262891557, -21.776152951352344 ], [ -48.165213289729614, -21.776153478142817 ], [ -48.165210714181107, -21.776154440820243 ], [ -48.16520420248041, -21.776157562705407 ], [ -48.165193430664203, -21.776164376620851 ], [ -48.165025663796996, -21.776270500530881 ], [ -48.164928228810666, -21.776331848182362 ], [ -48.164832031061422, -21.776392379471236 ], [ -48.164737295184068, -21.776452353695355 ], [ -48.16463998855361, -21.776513938303225 ], [ -48.164543372177505, -21.776574763529673 ], [ -48.16444781397626, -21.776634909386434 ], [ -48.164350796679877, -21.776695877850678 ], [ -48.164256179002578, -21.776755207790952 ], [ -48.164157834654908, -21.776816900734843 ], [ -48.164062596747527, -21.776876935654933 ], [ -48.16396645863508, -21.776937903039912 ], [ -48.163870872843923, -21.776997195689958 ], [ -48.1637734511744, -21.777057803099325 ], [ -48.163675998200986, -21.777118101993434 ], [ -48.163580239871848, -21.777176991167099 ], [ -48.163296010119595, -21.777351320184632 ], [ -48.163249487070736, -21.777379854464122 ], [ -48.163245812765453, -21.77738219611242 ], [ -48.163241389191768, -21.777385357457064 ], [ -48.163238551046639, -21.777387820855409 ], [ -48.16323658620739, -21.777389665526414 ], [ -48.163234496401259, -21.777392076358062 ], [ -48.163230674306213, -21.777401000192224 ], [ -48.163230541112398, -21.777404083114607 ], [ -48.163230409777043, -21.777405631777469 ], [ -48.163230648299553, -21.777407507468848 ], [ -48.163231326857634, -21.777409487614488 ], [ -48.163251424145621, -21.777453053847015 ], [ -48.163281541812459, -21.777518341877119 ], [ -48.163283872263314, -21.777522470021111 ], [ -48.163285319990187, -21.777524303239826 ], [ -48.163288610243228, -21.777526943964673 ], [ -48.163311870194782, -21.777545158205431 ], [ -48.163328260045347, -21.777553490371449 ], [ -48.163335046179533, -21.777555742201482 ], [ -48.163344742363108, -21.777558161203764 ], [ -48.163352149587965, -21.777558705028355 ], [ -48.16336595656341, -21.777559513665974 ], [ -48.163382775978796, -21.777557765130457 ], [ -48.163417271376737, -21.777626835761762 ], [ -48.163399638439536, -21.777634577351698 ], [ -48.163427079556136, -21.777684399518609 ], [ -48.163442780825058, -21.777677913655765 ], [ -48.163486488454716, -21.777765429919171 ], [ -48.163497228438878, -21.777760871403469 ], [ -48.163512942574158, -21.77779401353256 ], [ -48.163503624166999, -21.777798037729426 ], [ -48.163507274242306, -21.777805411385742 ], [ -48.163502879637441, -21.777807248978885 ], [ -48.16349700406208, -21.777811092079709 ], [ -48.163492745045495, -21.777815521985211 ], [ -48.163490324659847, -21.777818673974746 ], [ -48.163457310219357, -21.777899848505829 ], [ -48.163478211613565, -21.777941841916167 ], [ -48.163618362806275, -21.778242583342013 ], [ -48.163663818061075, -21.77834198075352 ], [ -48.163717072218297, -21.778458348820603 ], [ -48.163807305282432, -21.778655613514651 ], [ -48.16389447744961, -21.778841491260149 ], [ -48.163912257918987, -21.778878654056815 ], [ -48.16394546756937, -21.778938958767437 ], [ -48.164001113972745, -21.77903435348906 ], [ -48.164056058544809, -21.77912854493368 ], [ -48.164114549872679, -21.779223739151504 ], [ -48.164135147763211, -21.77925142974377 ], [ -48.164154782909947, -21.779284103141237 ], [ -48.164171269710558, -21.779317082609793 ], [ -48.16421633316417, -21.779421360458599 ], [ -48.164226584284293, -21.779445081762479 ], [ -48.164252702282234, -21.779438480559453 ], [ -48.164259449925417, -21.779438282668735 ], [ -48.16426850381545, -21.779441212244031 ], [ -48.164298971405209, -21.779455293982366 ], [ -48.164308106649528, -21.779460922057147 ], [ -48.164314634955225, -21.779465598221176 ], [ -48.16432137791341, -21.779471135224533 ], [ -48.164327110664949, -21.779476896203974 ], [ -48.164333588556431, -21.779485404774086 ], [ -48.164335271589586, -21.779488919984967 ], [ -48.164336635985386, -21.779493692014317 ], [ -48.164337718760137, -21.779499220735346 ], [ -48.16433819532287, -21.779506296328119 ], [ -48.164339208086943, -21.779522453284386 ], [ -48.164339400279289, -21.779529926249111 ], [ -48.164338267796687, -21.779540637404061 ], [ -48.164332370924413, -21.779555756406083 ], [ -48.164326721915607, -21.779564570649868 ], [ -48.164319286257452, -21.779573413042048 ], [ -48.164311676388706, -21.779581341189129 ], [ -48.164298357958842, -21.779594748557503 ], [ -48.164309996016868, -21.779621057334687 ], [ -48.164355488972014, -21.779717557938781 ], [ -48.164401819044514, -21.779818579438615 ], [ -48.164467077640552, -21.779935687923697 ], [ -48.164524975600777, -21.780025831801041 ], [ -48.16461358757995, -21.780147256122778 ], [ -48.164620739649919, -21.780156136596588 ], [ -48.164631269387527, -21.780167636171729 ], [ -48.16463711685239, -21.78017206607937 ], [ -48.164644275750561, -21.780176453214526 ], [ -48.164656389031201, -21.780181341148115 ], [ -48.164687365273195, -21.780189866016286 ], [ -48.164707171242917, -21.780194768293029 ], [ -48.16479813121304, -21.7802177333594 ], [ -48.164801474794302, -21.780217939971418 ], [ -48.164812952597856, -21.780217235398098 ], [ -48.164915239657503, -21.780210938331976 ], [ -48.165029373943625, -21.780202466951312 ], [ -48.165145784767269, -21.780192852766152 ], [ -48.165155624174787, -21.780192022679074 ], [ -48.165242795922879, -21.78018669398703 ], [ -48.165335847793749, -21.780178588227791 ], [ -48.165735347449413, -21.780144637812793 ], [ -48.165850923360381, -21.780135379895043 ], [ -48.165881449575529, -21.78013083636662 ], [ -48.165965422210583, -21.780102803572664 ], [ -48.166078037307024, -21.780069365792627 ], [ -48.166190750241789, -21.780035994221713 ], [ -48.166292749241087, -21.780006462028204 ], [ -48.166356834916137, -21.77999096495412 ], [ -48.166420402496755, -21.779980388717917 ], [ -48.166535157484098, -21.779971719381958 ], [ -48.166651616430869, -21.77996359813022 ], [ -48.1667678312578, -21.77995550775416 ], [ -48.166874584898522, -21.779947037847428 ], [ -48.167000619483026, -21.77993822056267 ], [ -48.167114136146999, -21.779930865005074 ], [ -48.167228796982727, -21.779922271422464 ], [ -48.167343782468286, -21.779913727614222 ], [ -48.16745925025446, -21.779904939996101 ], [ -48.167577133752992, -21.779895855468862 ], [ -48.16760396381644, -21.779894183107327 ], [ -48.167610277363011, -21.779893789573052 ], [ -48.16762582276116, -21.779892820600441 ], [ -48.167630244093878, -21.779891596739553 ], [ -48.167635254715002, -21.779889964773524 ], [ -48.16763906754818, -21.779888548419571 ], [ -48.167642644590465, -21.779887219654807 ], [ -48.167647347844891, -21.779885316891551 ], [ -48.167653608673014, -21.779881521058925 ], [ -48.167660484263649, -21.779877209290827 ], [ -48.167667353147955, -21.77987175444688 ], [ -48.167672827410627, -21.779866283736041 ], [ -48.167677535481076, -21.779860697150053 ], [ -48.16768122006517, -21.779856187809546 ], [ -48.167684535326295, -21.779852255528791 ], [ -48.167687313985425, -21.779848159200331 ], [ -48.167689189197603, -21.779844018456057 ], [ -48.16769172511512, -21.779836785991659 ], [ -48.167693164323936, -21.779828657918483 ], [ -48.167694608592193, -21.779819660204105 ], [ -48.167695552140593, -21.779813255340134 ], [ -48.167688679442833, -21.779706519530635 ], [ -48.167640651056047, -21.779575647188739 ], [ -48.167625245430429, -21.779538931463421 ], [ -48.167540468338821, -21.779417084877203 ], [ -48.167462038246711, -21.779305155895237 ], [ -48.167273606804081, -21.779036241246054 ], [ -48.16695362077045, -21.778579579628627 ], [ -48.166339313614181, -21.777702874653777 ], [ -48.165938637491237, -21.777131045690574 ], [ -48.165684607554411, -21.776768501729531 ], [ -48.165556388661734, -21.776585510784209 ], [ -48.165490928319201, -21.776492087148103 ], [ -48.165260468179156, -21.776172551204318 ] ] ] } },
{ "type": "Feature", "properties": { "nome": "Parque Residencial Damha", "LAYER": "CONDOMINIOS" }, "geometry": { "type": "Polygon", "coordinates": [ [ [ -48.196253040755174, -21.757329203235592 ], [ -48.196554263537777, -21.757443303706712 ], [ -48.196563209455434, -21.75742269409033 ], [ -48.196601404542882, -21.757462741017676 ], [ -48.196619108465512, -21.757481303282596 ], [ -48.196646737335598, -21.757507071268371 ], [ -48.196691908675767, -21.757567146863458 ], [ -48.196720171564849, -21.757623605416359 ], [ -48.19674187900295, -21.757719165904707 ], [ -48.19674435552345, -21.757728124374477 ], [ -48.196756142324737, -21.757753542826567 ], [ -48.1967739190938, -21.757775714075205 ], [ -48.196783350894975, -21.757784082336887 ], [ -48.196797536343077, -21.757792081889942 ], [ -48.196812105654459, -21.757799454856229 ], [ -48.196936930312518, -21.757850518101684 ], [ -48.197386179714549, -21.758011783526641 ], [ -48.197800435303172, -21.758136418542481 ], [ -48.198510345447232, -21.758281976889016 ], [ -48.198720939947293, -21.758310658438727 ], [ -48.198879500446523, -21.758314979039294 ], [ -48.198990479703816, -21.758300462684172 ], [ -48.199107317838433, -21.758272754379934 ], [ -48.19925266744994, -21.758218130596909 ], [ -48.199314739470772, -21.758184820280572 ], [ -48.199390617104804, -21.758138165082801 ], [ -48.199469022724479, -21.758077205320465 ], [ -48.199553756689198, -21.757992272052853 ], [ -48.199710473563442, -21.757776300128629 ], [ -48.199772536316956, -21.757527593898267 ], [ -48.199779240664398, -21.757359594206896 ], [ -48.199749626394777, -21.757173983208197 ], [ -48.198782996258629, -21.751331684246214 ], [ -48.198751904103773, -21.751256917076908 ], [ -48.198693957776996, -21.751170794766541 ], [ -48.198613739810149, -21.751095026712143 ], [ -48.198508059424967, -21.751036773623795 ], [ -48.198505571764478, -21.751035739232996 ], [ -48.198504338912457, -21.751035199521965 ], [ -48.198502664996518, -21.751034530573612 ], [ -48.198488504135909, -21.751028871456779 ], [ -48.198384790579617, -21.750987238656645 ], [ -48.198279297479949, -21.750948463538791 ], [ -48.198203032174071, -21.750922306106425 ], [ -48.198116316251244, -21.750895410483523 ], [ -48.198063850846623, -21.750880903061454 ], [ -48.197941744069297, -21.750847138747112 ], [ -48.197798930624614, -21.750813890593331 ], [ -48.197680110112842, -21.750790827772413 ], [ -48.197518080395163, -21.75076599369055 ], [ -48.197396038700319, -21.750751582314038 ], [ -48.197215180499761, -21.750737179311319 ], [ -48.197027530438248, -21.750731662813152 ], [ -48.196858438213887, -21.75073380405032 ], [ -48.196686969628892, -21.750744319088565 ], [ -48.196448062604617, -21.750771316379723 ], [ -48.196289661133136, -21.750797784315441 ], [ -48.196115507280524, -21.750834148214818 ], [ -48.196001219067547, -21.750862974485909 ], [ -48.195882334454907, -21.750896989533501 ], [ -48.195866463228285, -21.750902240668644 ], [ -48.195850791641305, -21.750907991340167 ], [ -48.195835337703173, -21.750914234939628 ], [ -48.195820119173106, -21.750920964292053 ], [ -48.195805153539943, -21.750928171664189 ], [ -48.195790458001753, -21.75093584877354 ], [ -48.195776049446131, -21.750943986797825 ], [ -48.195761944431077, -21.750952576385007 ], [ -48.195748159165646, -21.75096160766422 ], [ -48.19573470949161, -21.750971070256917 ], [ -48.195721610864958, -21.750980953288963 ], [ -48.195708878338309, -21.750991245403064 ], [ -48.195696526543621, -21.751001934771761 ], [ -48.195684569675201, -21.751013009111219 ], [ -48.195673021473731, -21.75102445569501 ], [ -48.195661895210158, -21.751036261369055 ], [ -48.195651203670494, -21.751048412566654 ], [ -48.195640959141336, -21.751060895323889 ], [ -48.195631173395505, -21.751073695295947 ], [ -48.195621857678631, -21.751086797773436 ], [ -48.195613022696193, -21.751100187699297 ], [ -48.195604678601285, -21.751113849686238 ], [ -48.195596834982801, -21.751127768034202 ], [ -48.195589500854588, -21.751141926748602 ], [ -48.195582684644975, -21.75115630955861 ], [ -48.19557639418715, -21.751170899935811 ], [ -48.195570636710087, -21.751185681113345 ], [ -48.195565418830299, -21.751200636105008 ], [ -48.195560746544224, -21.75121574772491 ], [ -48.195556625221279, -21.751230998607117 ], [ -48.195553059597771, -21.75124637122569 ], [ -48.195419791199051, -21.751698315777773 ], [ -48.194940967895022, -21.753322088785652 ], [ -48.194391371712904, -21.755185807683795 ], [ -48.194349359202953, -21.755328272511637 ], [ -48.194223568452948, -21.755754828024799 ], [ -48.194131179459809, -21.756068116383386 ], [ -48.194126964683726, -21.756097604229424 ], [ -48.19412385145769, -21.756127223900634 ], [ -48.194121463025468, -21.756169646721581 ], [ -48.194121163923235, -21.756216357117427 ], [ -48.194122486147542, -21.75624607472469 ], [ -48.194128451170499, -21.756305290615195 ], [ -48.194138817242191, -21.756363974509799 ], [ -48.194153534008393, -21.756421841315007 ], [ -48.19417252997853, -21.756478609906463 ], [ -48.194195712872848, -21.756534004494863 ], [ -48.19421575536073, -21.756574146718634 ], [ -48.194245987527466, -21.756626544928533 ], [ -48.194271200272766, -21.756664733593713 ], [ -48.194308022221271, -21.75671325538708 ], [ -48.194348594953354, -21.756759499086847 ], [ -48.194392056199653, -21.756802533621137 ], [ -48.194439155809398, -21.756843093813337 ], [ -48.19448855685134, -21.756880035474531 ], [ -48.194527638326228, -21.756905626087615 ], [ -48.194581824127063, -21.756936888539165 ], [ -48.194623840432648, -21.756958084809838 ], [ -48.194652980557166, -21.756971181003223 ], [ -48.19468215182291, -21.756983131192627 ], [ -48.195519574017808, -21.757307830636115 ], [ -48.195556507958159, -21.757318812162989 ], [ -48.195572935097346, -21.757321474167536 ], [ -48.195593158941641, -21.757321538710702 ], [ -48.195617895453033, -21.757321617652401 ], [ -48.195628233735675, -21.757318937329611 ], [ -48.195648157965728, -21.75731152982004 ], [ -48.195666737362671, -21.757301526909099 ], [ -48.195675401142395, -21.757295614953019 ], [ -48.19569125242635, -21.75728212319104 ], [ -48.195698357718861, -21.757274613359456 ], [ -48.19571595983107, -21.757249501965539 ], [ -48.195725474651951, -21.75722769188167 ], [ -48.195734349129467, -21.757208413532698 ], [ -48.195742752225001, -21.757190159177892 ], [ -48.195749002335319, -21.757176581828659 ], [ -48.195755505126343, -21.757162455568196 ], [ -48.195758836419778, -21.757155046807476 ], [ -48.195767564015689, -21.757141199055642 ], [ -48.19577289079578, -21.757134870372738 ], [ -48.195785258497757, -21.757123655056425 ], [ -48.195815389694012, -21.757108150864656 ], [ -48.195827743749703, -21.757105167310687 ], [ -48.195840803537905, -21.757103513210456 ], [ -48.195858089937282, -21.757103975301437 ], [ -48.195865117700933, -21.757104992075014 ], [ -48.195916390642005, -21.757122035204524 ], [ -48.195982159626553, -21.757147240257559 ], [ -48.195996301139893, -21.7571526597924 ], [ -48.196047298966931, -21.757172203974974 ], [ -48.196103186548676, -21.757193212998018 ], [ -48.196120628485254, -21.757202422352314 ], [ -48.196143446409714, -21.757220639199975 ], [ -48.196181473596795, -21.757267318502109 ], [ -48.196207206360981, -21.757287712406605 ], [ -48.196261130353726, -21.757310566493246 ], [ -48.196253040755174, -21.757329203235592 ] ] ] } },
{ "type": "Feature", "properties": { "nome": "Condomínio Residencial Vitta Reserva dos Jacarandas", "LAYER": "CONDOMINIOS" }, "geometry": { "type": "Polygon", "coordinates": [ [ [ -48.192365084235391, -21.766214130618295 ], [ -48.192681022289285, -21.766025777406028 ], [ -48.192698684140076, -21.766004882582003 ], [ -48.19270304175209, -21.765997543974805 ], [ -48.192706909510527, -21.765989547101977 ], [ -48.192710063328136, -21.765981279366279 ], [ -48.192712481899889, -21.765972796619156 ], [ -48.192714148887568, -21.765964156164731 ], [ -48.192715053030227, -21.765955416372247 ], [ -48.192715188220198, -21.765946636282198 ], [ -48.192714553544356, -21.765937875207108 ], [ -48.192713153290306, -21.765929192331196 ], [ -48.192711299287652, -21.765921676997294 ], [ -48.192708730896399, -21.765913606699577 ], [ -48.19270543353251, -21.765905766013933 ], [ -48.192701431296015, -21.765898212246857 ], [ -48.192696753438803, -21.765891000607535 ], [ -48.192691434150703, -21.765884183804793 ], [ -48.192685512309708, -21.765877811661568 ], [ -48.192679031197713, -21.765871930751068 ], [ -48.19267203818422, -21.765866584055701 ], [ -48.192664584380175, -21.765861810653721 ], [ -48.192656724264296, -21.765857645433183 ], [ -48.19265281864061, -21.765855869019095 ], [ -48.192416586969465, -21.765762197043163 ], [ -48.192012430613367, -21.765601555300549 ], [ -48.192008990870377, -21.765599976938461 ], [ -48.192000963187354, -21.765595490574427 ], [ -48.191993357424309, -21.765590400499551 ], [ -48.191986225351435, -21.765584741360424 ], [ -48.191979615514697, -21.765578551677244 ], [ -48.191973572905276, -21.765571873581504 ], [ -48.19196813865338, -21.765564752528984 ], [ -48.191963349748342, -21.765557236990702 ], [ -48.191959238786708, -21.765549378122817 ], [ -48.191955833750519, -21.765541229418243 ], [ -48.191953157816727, -21.765532846343014 ], [ -48.19195122919951, -21.765524285958168 ], [ -48.191949828723757, -21.765512470883905 ], [ -48.191950904458842, -21.765495306850806 ], [ -48.191952725245152, -21.765478191952912 ], [ -48.191955287876368, -21.765461156326378 ], [ -48.191958587839899, -21.765444229967809 ], [ -48.191960748237619, -21.765434841084375 ], [ -48.191923301529165, -21.765421796774621 ], [ -48.191493164436658, -21.765270644295128 ], [ -48.19106877055917, -21.765122529056168 ], [ -48.191025871339519, -21.765107039526342 ], [ -48.191040442744693, -21.765136479431167 ], [ -48.191046456123267, -21.765152365655968 ], [ -48.191046859244771, -21.765162525191872 ], [ -48.191046649189488, -21.765185303058534 ], [ -48.191044027579053, -21.765198610212153 ], [ -48.191038203840563, -21.765207938325656 ], [ -48.191035251314887, -21.765214832036065 ], [ -48.191033017514343, -21.765218971611006 ], [ -48.191028431632347, -21.765225357583539 ], [ -48.191022204818132, -21.765232698774604 ], [ -48.191017868982001, -21.765236894109893 ], [ -48.191012512253451, -21.765242607645604 ], [ -48.191008218183768, -21.765246607378749 ], [ -48.190994972446781, -21.765252355950075 ], [ -48.190988956574856, -21.765254865800188 ], [ -48.190975899078964, -21.765260313448998 ], [ -48.190971661927904, -21.765261191665871 ], [ -48.190961888961446, -21.76526189257244 ], [ -48.190946508106663, -21.765262066935954 ], [ -48.19093307995383, -21.76526221916285 ], [ -48.19092355759031, -21.765261746456602 ], [ -48.190920399917239, -21.765261036034964 ], [ -48.190914285275383, -21.765259083113406 ], [ -48.190901115306538, -21.765250202110472 ], [ -48.190882983968883, -21.765234983536441 ], [ -48.190877120109676, -21.765228822698063 ], [ -48.190871855375867, -21.765222206433823 ], [ -48.190867230114399, -21.765215185448469 ], [ -48.190863279771499, -21.765207813548251 ], [ -48.190860034621032, -21.765200147228775 ], [ -48.190857519532543, -21.765192245241895 ], [ -48.19085575378061, -21.765184168145499 ], [ -48.190854750897181, -21.765175977839615 ], [ -48.190854518567853, -21.765167737091648 ], [ -48.190855058572978, -21.765159509055611 ], [ -48.190856366774028, -21.765151356788191 ], [ -48.190858433145316, -21.765143342765221 ], [ -48.190861241850818, -21.765135528403309 ], [ -48.190864771365568, -21.765127973588687 ], [ -48.19086899464056, -21.76512073621862 ], [ -48.190873879310146, -21.765113871757659 ], [ -48.190879387939944, -21.765107432812474 ], [ -48.190885478313859, -21.765101468728574 ], [ -48.19089210375752, -21.765096025212468 ], [ -48.190903220094526, -21.765070883750358 ], [ -48.190574388422945, -21.764951665014529 ], [ -48.190454956432546, -21.765238559994909 ], [ -48.190373871146427, -21.765433461195158 ], [ -48.190531312715123, -21.765514692024766 ], [ -48.191247317525239, -21.765884106584181 ], [ -48.191691460150913, -21.766279804475584 ], [ -48.191926500672835, -21.766463873884486 ], [ -48.192365084235391, -21.766214130618295 ] ] ] } },
{ "type": "Feature", "properties": { "nome": "Condomínio Paraíso", "LAYER": "CONDOMINIOS" }, "geometry": { "type": "Polygon", "coordinates": [ [ [ -48.193432314521175, -21.763693067394748 ], [ -48.193188669324535, -21.763652036095881 ], [ -48.193227262217, -21.763436366954561 ], [ -48.192519622635878, -21.763312831960825 ], [ -48.192407239676903, -21.763877997330706 ], [ -48.192418092815693, -21.763911331932825 ], [ -48.192430724174372, -21.763923121636847 ], [ -48.192442805521154, -21.763935409503997 ], [ -48.192454314268822, -21.763948172561197 ], [ -48.192465228900666, -21.763961386946818 ], [ -48.192475529010743, -21.763975027955539 ], [ -48.192485195341909, -21.763989070084314 ], [ -48.192494209822001, -21.76400348708032 ], [ -48.192502555597457, -21.764018251989803 ], [ -48.192510217064957, -21.764033337208406 ], [ -48.192515508121176, -21.764044850522325 ], [ -48.192519255422759, -21.764050891704898 ], [ -48.192523652903688, -21.764056552423213 ], [ -48.192528654631126, -21.764061773549507 ], [ -48.192534208360783, -21.764066500547628 ], [ -48.192540256082445, -21.764070684042995 ], [ -48.192546734626063, -21.764074280337603 ], [ -48.19255357632148, -21.764077251867199 ], [ -48.19256070970534, -21.764079567593463 ], [ -48.1925713388733, -21.764082166943421 ], [ -48.19260855375417, -21.764091195782207 ], [ -48.193219516093293, -21.764228905439715 ], [ -48.193265107446109, -21.764231102659274 ], [ -48.193273834516987, -21.764229950830345 ], [ -48.193282427992052, -21.764228092683165 ], [ -48.193290822326887, -21.764225542390175 ], [ -48.193298953495969, -21.76422231940311 ], [ -48.193306759480976, -21.764218448304394 ], [ -48.19331418074389, -21.764213958619784 ], [ -48.193321160681073, -21.764208884593177 ], [ -48.193327646054961, -21.764203264925271 ], [ -48.193333587400176, -21.764197142478483 ], [ -48.193338939400775, -21.764190563950272 ], [ -48.193343661235943, -21.764183579516466 ], [ -48.193432314521175, -21.763693067394748 ] ] ] } },
{ "type": "Feature", "properties": { "nome": "Condomínio Residencial Carlos Drummond De Andrade", "LAYER": "CONDOMINIOS" }, "geometry": { "type": "Polygon", "coordinates": [ [ [ -48.141313187039572, -21.741416697306747 ], [ -48.140841677185428, -21.741397667032082 ], [ -48.140590819081275, -21.741945099260295 ], [ -48.140316911038902, -21.742548558222463 ], [ -48.140319001204993, -21.742549861331106 ], [ -48.140450723038072, -21.742554469660444 ], [ -48.140463304316405, -21.74254721515312 ], [ -48.140469823643166, -21.742544161970187 ], [ -48.140478471749717, -21.742541392162167 ], [ -48.140487475214606, -21.742539514403095 ], [ -48.140496515544967, -21.742538547332597 ], [ -48.14050673988131, -21.74253901279517 ], [ -48.140517011985423, -21.742540658252288 ], [ -48.140527302612831, -21.742542131037904 ], [ -48.14053650649209, -21.742542851909452 ], [ -48.14054572515056, -21.742543435010251 ], [ -48.14056020378532, -21.74254474428464 ], [ -48.140560085582187, -21.742559069327417 ], [ -48.140571871117025, -21.742559154209339 ], [ -48.140571897403127, -21.7425559685657 ], [ -48.140592489386435, -21.742556116871295 ], [ -48.14059254514973, -21.742549358733257 ], [ -48.140604813258477, -21.742549447088212 ], [ -48.140604945935671, -21.742542037954351 ], [ -48.140655436855887, -21.742544029763661 ], [ -48.140785044158015, -21.742550957216693 ], [ -48.141267294817595, -21.74153114044098 ], [ -48.141320242739532, -21.741416968128025 ], [ -48.141313187039572, -21.741416697306747 ] ] ] } },
{ "type": "Feature", "properties": { "nome": "Jardim Tropical", "LAYER": "CONDOMINIOS" }, "geometry": { "type": "Polygon", "coordinates": [ [ [ -48.170210770094272, -21.807696072959274 ], [ -48.170261652115094, -21.807768721650024 ], [ -48.170341883027533, -21.807861200791649 ], [ -48.170411699895176, -21.807810341326366 ], [ -48.170444706531647, -21.807786460948808 ], [ -48.170477391506829, -21.807762658350338 ], [ -48.170510180526868, -21.807738813972001 ], [ -48.17051272047258, -21.807736966907108 ], [ -48.170510483365042, -21.807734249404039 ], [ -48.170541070432364, -21.807711960518027 ], [ -48.17056567296251, -21.807694032572094 ], [ -48.17063935656325, -21.807640339033814 ], [ -48.170185826733693, -21.807114987960656 ], [ -48.170160314526157, -21.807100595901129 ], [ -48.170105730403471, -21.807090805643366 ], [ -48.170084756979413, -21.807100133870723 ], [ -48.169892569185414, -21.807241104272165 ], [ -48.170145826862282, -21.807603454738512 ], [ -48.170210770094272, -21.807696072959274 ] ] ] } },
{ "type": "Feature", "properties": { "nome": "Condominio Jose Lia", "LAYER": "CONDOMINIOS" }, "geometry": { "type": "Polygon", "coordinates": [ [ [ -48.177960730368028, -21.795036871415999 ], [ -48.177648781030896, -21.794958590283759 ], [ -48.177600001187791, -21.795120620501816 ], [ -48.177882914058493, -21.795191042234539 ], [ -48.177913389383981, -21.795198781666965 ], [ -48.177960730368028, -21.795036871415999 ] ] ] } },
{ "type": "Feature", "properties": { "nome": "Condominio Residencial Paraiso", "LAYER": "CONDOMINIOS" }, "geometry": { "type": "Polygon", "coordinates": [ [ [ -48.192376546874939, -21.763120999328191 ], [ -48.191935285009414, -21.76304406285594 ], [ -48.19190890239895, -21.763178872324964 ], [ -48.192350560270491, -21.763253655388514 ], [ -48.192376546874939, -21.763120999328191 ] ] ] } },
{ "type": "Feature", "properties": { "nome": "Condominio Residencial Paraiso", "LAYER": "CONDOMINIOS" }, "geometry": { "type": "Polygon", "coordinates": [ [ [ -48.192403132864214, -21.762987060502535 ], [ -48.191960924945953, -21.762913047965142 ], [ -48.191935285009414, -21.76304406285594 ], [ -48.192376546874939, -21.763120999328191 ], [ -48.192403132864214, -21.762987060502535 ] ] ] } },
{ "type": "Feature", "properties": { "nome": "Condominio Residencial Paraiso", "LAYER": "CONDOMINIOS" }, "geometry": { "type": "Polygon", "coordinates": [ [ [ -48.191960924945953, -21.762913047965142 ], [ -48.192403132864214, -21.762987060502535 ], [ -48.19242921717602, -21.762851636526047 ], [ -48.191989093218538, -21.762769113418067 ], [ -48.191960924945953, -21.762913047965142 ] ] ] } },
{ "type": "Feature", "properties": { "nome": "Condominio Residencial Paraiso", "LAYER": "CONDOMINIOS" }, "geometry": { "type": "Polygon", "coordinates": [ [ [ -48.191228085774007, -21.764314234014417 ], [ -48.191423774385889, -21.764350030162738 ], [ -48.191487671447945, -21.764042759333744 ], [ -48.191353287240787, -21.764012358214128 ], [ -48.191337641782546, -21.764010825220932 ], [ -48.191329955793542, -21.764011744288752 ], [ -48.191322906355254, -21.764013338362474 ], [ -48.191316078365922, -21.764015623667614 ], [ -48.19130954926203, -21.764018574286489 ], [ -48.191303393090422, -21.764022156756091 ], [ -48.191297679668516, -21.764026330447376 ], [ -48.19129247379248, -21.764031048026336 ], [ -48.191287834502425, -21.764036255990789 ], [ -48.191283814412785, -21.764041895276865 ], [ -48.191280459115639, -21.764047901929302 ], [ -48.191228085774007, -21.764314234014417 ] ] ] } },
{ "type": "Feature", "properties": { "nome": "Condominio Residencial Paraiso", "LAYER": "CONDOMINIOS" }, "geometry": { "type": "Polygon", "coordinates": [ [ [ -48.191639340488351, -21.76453111787221 ], [ -48.191200058592443, -21.764456759533619 ], [ -48.191174555692463, -21.764586448423351 ], [ -48.191614142267873, -21.764664465071025 ], [ -48.191621472487149, -21.764631542500521 ], [ -48.191618140062126, -21.7646259651262 ], [ -48.191639340488351, -21.76453111787221 ] ] ] } },
{ "type": "Feature", "properties": { "nome": "Condominio Residencial Paraiso", "LAYER": "CONDOMINIOS" }, "geometry": { "type": "Polygon", "coordinates": [ [ [ -48.191149115086439, -21.764715820532107 ], [ -48.191590488712784, -21.764800305684492 ], [ -48.191614142267873, -21.764664465071025 ], [ -48.191174555692463, -21.764586448423351 ], [ -48.191149115086439, -21.764715820532107 ] ] ] } },
{ "type": "Feature", "properties": { "nome": "Condominio Residencial Paraiso", "LAYER": "CONDOMINIOS" }, "geometry": { "type": "Polygon", "coordinates": [ [ [ -48.191564479273644, -21.764932715518452 ], [ -48.191590488712784, -21.764800305684492 ], [ -48.191149115086439, -21.764715820532107 ], [ -48.191121438235072, -21.764856564530962 ], [ -48.191564479273644, -21.764932715518452 ] ] ] } },
{ "type": "Feature", "properties": { "nome": "Condominio Residencial Paraiso", "LAYER": "CONDOMINIOS" }, "geometry": { "type": "Polygon", "coordinates": [ [ [ -48.191538725914597, -21.765063821367146 ], [ -48.191564479273644, -21.764932715518452 ], [ -48.191121438235072, -21.764856564530962 ], [ -48.191095506901853, -21.764988432115324 ], [ -48.191538725914597, -21.765063821367146 ] ] ] } },
{ "type": "Feature", "properties": { "nome": "Condominio Residencial Paraiso", "LAYER": "CONDOMINIOS" }, "geometry": { "type": "Polygon", "coordinates": [ [ [ -48.191493164436658, -21.765270644295128 ], [ -48.191510642860855, -21.765198765371395 ], [ -48.191518841749264, -21.765165047956771 ], [ -48.191538725914597, -21.765063821367146 ], [ -48.191095506901853, -21.764988432115324 ], [ -48.19106877055917, -21.765122529056168 ], [ -48.191493164436658, -21.765270644295128 ] ] ] } },
{ "type": "Feature", "properties": { "nome": "Condominio Residencial Paraiso", "LAYER": "CONDOMINIOS" }, "geometry": { "type": "Polygon", "coordinates": [ [ [ -48.191510642860855, -21.765198765371395 ], [ -48.191493164436658, -21.765270644295128 ], [ -48.191923301529165, -21.765421796774621 ], [ -48.191952739806588, -21.765276105396865 ], [ -48.191510642860855, -21.765198765371395 ] ] ] } },
{ "type": "Feature", "properties": { "nome": "Condominio Residencial Paraiso", "LAYER": "CONDOMINIOS" }, "geometry": { "type": "Polygon", "coordinates": [ [ [ -48.191538725914597, -21.765063821367146 ], [ -48.191518841749264, -21.765165047956771 ], [ -48.191510642860855, -21.765198765371395 ], [ -48.191952739806588, -21.765276105396865 ], [ -48.191980251249952, -21.765139998641125 ], [ -48.191538725914597, -21.765063821367146 ] ] ] } },
{ "type": "Feature", "properties": { "nome": "Condominio Residencial Paraiso", "LAYER": "CONDOMINIOS" }, "geometry": { "type": "Polygon", "coordinates": [ [ [ -48.191980251249952, -21.765139998641125 ], [ -48.192005271741195, -21.765007669939763 ], [ -48.191564479273644, -21.764932715518452 ], [ -48.191538725914597, -21.765063821367146 ], [ -48.191980251249952, -21.765139998641125 ] ] ] } },
{ "type": "Feature", "properties": { "nome": "Condominio Residencial Paraiso", "LAYER": "CONDOMINIOS" }, "geometry": { "type": "Polygon", "coordinates": [ [ [ -48.191564479273644, -21.764932715518452 ], [ -48.192005271741195, -21.765007669939763 ], [ -48.192031599915929, -21.764873659900189 ], [ -48.191590488712784, -21.764800305684492 ], [ -48.191564479273644, -21.764932715518452 ] ] ] } },
{ "type": "Feature", "properties": { "nome": "Condominio Residencial Paraiso", "LAYER": "CONDOMINIOS" }, "geometry": { "type": "Polygon", "coordinates": [ [ [ -48.191639340488351, -21.76453111787221 ], [ -48.191618140062126, -21.7646259651262 ], [ -48.191621472487149, -21.764631542500521 ], [ -48.191614142267873, -21.764664465071025 ], [ -48.192057703215646, -21.764740796408638 ], [ -48.192082736920014, -21.764613140948327 ], [ -48.191639340488351, -21.76453111787221 ] ] ] } },
{ "type": "Feature", "properties": { "nome": "Condominio Residencial Paraiso", "LAYER": "CONDOMINIOS" }, "geometry": { "type": "Polygon", "coordinates": [ [ [ -48.191913482471328, -21.764439609536257 ], [ -48.191728942835503, -21.764405852803499 ], [ -48.191669759740485, -21.764395026793618 ], [ -48.191639340488351, -21.76453111787221 ], [ -48.192082736920014, -21.764613140948327 ], [ -48.192109659569006, -21.764475495040347 ], [ -48.191913482471328, -21.764439609536257 ] ] ] } },
{ "type": "Feature", "properties": { "nome": "Condomino Residencial Paraiso", "LAYER": "CONDOMINIOS" }, "geometry": { "type": "Polygon", "coordinates": [ [ [ -48.191964518585571, -21.764150020209929 ], [ -48.191913482471328, -21.764439609536257 ], [ -48.192109659569006, -21.764475495040347 ], [ -48.192134295414817, -21.764355890758466 ], [ -48.192135672150357, -21.764348422343847 ], [ -48.1921358697291, -21.764342807751241 ], [ -48.192134561158696, -21.764338132241004 ], [ -48.19213270009358, -21.764333394440133 ], [ -48.19212913860661, -21.764326632173937 ], [ -48.192126097184932, -21.764321715090624 ], [ -48.192101306399195, -21.764298189944423 ], [ -48.192089514248799, -21.764287373255097 ], [ -48.192076004264706, -21.764273390441364 ], [ -48.192070936633002, -21.764267567256265 ], [ -48.192063204420471, -21.764257100492561 ], [ -48.19204104796755, -21.764217216663457 ], [ -48.192033341738053, -21.764203344680357 ], [ -48.192027252322319, -21.764194772330313 ], [ -48.192020811257471, -21.764187036852071 ], [ -48.192013780524199, -21.764179763536315 ], [ -48.192006198262078, -21.76417299183829 ], [ -48.191998105602536, -21.764166758492472 ], [ -48.19198954644574, -21.764161097312577 ], [ -48.191980567222444, -21.764156039008732 ], [ -48.191971216642038, -21.764151611020658 ], [ -48.191964518585571, -21.764150020209929 ] ] ] } },
{ "type": "Feature", "properties": { "nome": "Condomínio Residencial Manooela", "LAYER": "CONDOMINIOS" }, "geometry": { "type": "Polygon", "coordinates": [ [ [ -48.184052230273998, -21.74873995014552 ], [ -48.184078531937054, -21.748740142909622 ], [ -48.184101152590138, -21.748735772839584 ], [ -48.184148181736006, -21.74871641525311 ], [ -48.18415347691203, -21.748714235713514 ], [ -48.18416913518611, -21.748697263154043 ], [ -48.18418109667806, -21.748676602803123 ], [ -48.184184922721698, -21.748655451484805 ], [ -48.184181277120523, -21.748632297649543 ], [ -48.184168083412679, -21.748596654127386 ], [ -48.184204516802424, -21.748588374191289 ], [ -48.184200816309762, -21.748579697061235 ], [ -48.184315535862822, -21.748545554239207 ], [ -48.184426872125201, -21.748512418256965 ], [ -48.184436953651378, -21.748526910601161 ], [ -48.18444426453383, -21.74853267671368 ], [ -48.184451482738993, -21.748536341562719 ], [ -48.18446817444115, -21.748544816322628 ], [ -48.184485971199372, -21.7485519264924 ], [ -48.184522860185197, -21.748559345138272 ], [ -48.18453519012629, -21.748558718406141 ], [ -48.18454727851222, -21.748558103951389 ], [ -48.185099891318558, -21.748295932975257 ], [ -48.185513876188161, -21.748108681134198 ], [ -48.185801917233363, -21.747969288494879 ], [ -48.186007118656491, -21.747872468816318 ], [ -48.186243329738765, -21.747763133991445 ], [ -48.18628863625684, -21.747728911609052 ], [ -48.18629584832788, -21.747688405544039 ], [ -48.186295989161962, -21.747474631486455 ], [ -48.186296902694139, -21.746410602416759 ], [ -48.186283414772475, -21.746364254193104 ], [ -48.186222729895945, -21.746326476298229 ], [ -48.184793260948545, -21.74615494478623 ], [ -48.184723879142908, -21.746146807333858 ], [ -48.18470711127906, -21.746149059399389 ], [ -48.184683467179752, -21.746157642752735 ], [ -48.184663182020969, -21.746171871594584 ], [ -48.184646837836013, -21.746193083525505 ], [ -48.18451488183559, -21.746574007475509 ], [ -48.184260304843356, -21.747312276766113 ], [ -48.184270177289363, -21.747332974157864 ], [ -48.184250777180772, -21.747341305942726 ], [ -48.184259592828766, -21.747356873655953 ], [ -48.184242480539218, -21.747364657950907 ], [ -48.184159397260764, -21.747609107911568 ], [ -48.183941617473771, -21.748249973767081 ], [ -48.183910386815185, -21.74834106575517 ], [ -48.183897370627832, -21.748433763472161 ], [ -48.183898199656021, -21.748499968884797 ], [ -48.183910500650036, -21.748571642295282 ], [ -48.183921447345902, -21.748608752794308 ], [ -48.18392966234488, -21.74863010153258 ], [ -48.183941245986375, -21.748655692593157 ], [ -48.183952274070784, -21.748679503678279 ], [ -48.183956299559497, -21.74868426880376 ], [ -48.183969512827218, -21.748699507675209 ], [ -48.1839829018747, -21.748712875641015 ], [ -48.18400349837485, -21.748724208641686 ], [ -48.184026794698937, -21.748734292921306 ], [ -48.184052230273998, -21.74873995014552 ] ] ] } },
{ "type": "Feature", "properties": { "nome": null, "LAYER": "CONDOMINIOS" }, "geometry": { "type": "Polygon", "coordinates": [ [ [ -48.175429199659654, -21.795281432377141 ], [ -48.175498501443677, -21.79501893476403 ], [ -48.175306408992718, -21.7949748669777 ], [ -48.175226609565257, -21.795233729502943 ], [ -48.175429199659654, -21.795281432377141 ] ] ] } },
{ "type": "Feature", "properties": { "nome": "Residencial Carmin Sabadin de Oliveira", "LAYER": "CONDOMINIOS" }, "geometry": { "type": "Polygon", "coordinates": [ [ [ -48.145139537074215, -21.772070334673717 ], [ -48.145141152895199, -21.772070336230001 ], [ -48.145142767788876, -21.772070285080574 ], [ -48.145144379785371, -21.77207018128783 ], [ -48.145145986918365, -21.772070024978383 ], [ -48.145147587227456, -21.772069816342881 ], [ -48.145149178760569, -21.772069555635841 ], [ -48.145150759576346, -21.772069243175249 ], [ -48.14515232774648, -21.772068879342289 ], [ -48.145153881358112, -21.772068464580727 ], [ -48.145155418516119, -21.772067999396516 ], [ -48.145156937345483, -21.772067484357084 ], [ -48.145158435993501, -21.77206692009068 ], [ -48.145159912632117, -21.772066307285602 ], [ -48.145161365460091, -21.772065646689356 ], [ -48.145162792705285, -21.772064939107754 ], [ -48.145164192626709, -21.772064185403892 ], [ -48.145165563516727, -21.772063386497162 ], [ -48.145166903703121, -21.772062543362065 ], [ -48.145168211551116, -21.772061657027074 ], [ -48.145169485465395, -21.772060728573344 ], [ -48.145170723892015, -21.772059759133413 ], [ -48.145171925320327, -21.772058749889826 ], [ -48.145173088284828, -21.772057702073628 ], [ -48.145174211366928, -21.772056616963003 ], [ -48.145175293196665, -21.772055495881567 ], [ -48.145176332454426, -21.772054340196807 ], [ -48.14517732787251, -21.772053151318453 ], [ -48.145178278236713, -21.772051930696694 ], [ -48.145179182387743, -21.77205067982047 ], [ -48.14518003922273, -21.772049400215629 ], [ -48.145180847696494, -21.772048093443015 ], [ -48.14518160682286, -21.772046761096647 ], [ -48.145182315675846, -21.772045404801748 ], [ -48.145373563189999, -21.771607229828582 ], [ -48.145374447305052, -21.771605751785195 ], [ -48.145375275576683, -21.771604245782612 ], [ -48.145376046992851, -21.771602713660918 ], [ -48.145376760610993, -21.771601157292125 ], [ -48.145377415559203, -21.771599578577884 ], [ -48.145378011037231, -21.771597979447169 ], [ -48.145378546317488, -21.771596361853842 ], [ -48.145379020745949, -21.77159472777436 ], [ -48.145379433742931, -21.771593079205331 ], [ -48.145379784803822, -21.771591418161048 ], [ -48.145380073499688, -21.771589746671051 ], [ -48.145380299477779, -21.771588066777639 ], [ -48.145380462461993, -21.77158638053341 ], [ -48.14538056225318, -21.771584689998686 ], [ -48.145380598729432, -21.771582997239026 ], [ -48.145380571846154, -21.771581304322734 ], [ -48.145380481636217, -21.771579613318313 ], [ -48.145380328209839, -21.771577926291869 ], [ -48.145380111754491, -21.771576245304736 ], [ -48.145379832534644, -21.771574572410795 ], [ -48.145379490891472, -21.771572909654083 ], [ -48.145379087242404, -21.77157125906621 ], [ -48.145378622080642, -21.771569622663979 ], [ -48.14537809597455, -21.771568002446781 ], [ -48.145377509566949, -21.771566400394303 ], [ -48.145376863574334, -21.771564818463993 ], [ -48.145376158786021, -21.771563258588735 ], [ -48.145375396063145, -21.771561722674463 ], [ -48.145374576337652, -21.771560212597795 ], [ -48.145373700611103, -21.77155873020385 ], [ -48.145372769953525, -21.771557277303881 ], [ -48.145371785502029, -21.771555855673103 ], [ -48.145370748459463, -21.771554467048524 ], [ -48.145369660092939, -21.771553113126835 ], [ -48.14536852173228, -21.771551795562313 ], [ -48.14536733476838, -21.771550515964833 ], [ -48.145366100651536, -21.771549275897858 ], [ -48.145364820889647, -21.771548076876563 ], [ -48.145363497046382, -21.77154692036596 ], [ -48.145362130739279, -21.771545807779138 ], [ -48.145360723637758, -21.771544740475491 ], [ -48.145359277461075, -21.771543719759116 ], [ -48.145357793976245, -21.771542746877174 ], [ -48.145356274995855, -21.77154182301835 ], [ -48.14535472237587, -21.771540949311479 ], [ -48.145353138013341, -21.771540126824085 ], [ -48.145351523844134, -21.771539356561146 ], [ -48.145349881840495, -21.771538639463788 ], [ -48.14534821400872, -21.771537976408169 ], [ -48.144872378881075, -21.771280242505089 ], [ -48.144846182350257, -21.771281208360556 ], [ -48.144819791311704, -21.771309312095088 ], [ -48.144562583023109, -21.771713657822396 ], [ -48.144562026532306, -21.771715534920332 ], [ -48.144561539077614, -21.771717428693357 ], [ -48.144561121229067, -21.771719336926925 ], [ -48.144560773475284, -21.771721257389565 ], [ -48.144560496222923, -21.771723187835534 ], [ -48.144560289796217, -21.771725126007368 ], [ -48.144560154436554, -21.771727069638597 ], [ -48.144560090302228, -21.771729016456401 ], [ -48.144560097468243, -21.771730964184155 ], [ -48.144560175926209, -21.77173291054422 ], [ -48.144560325584386, -21.771734853260554 ], [ -48.144560546267776, -21.771736790061365 ], [ -48.144560837718309, -21.771738718681785 ], [ -48.144561199595181, -21.771740636866515 ], [ -48.144561631475213, -21.77174254237244 ], [ -48.144562132853366, -21.771744432971296 ], [ -48.144562703143343, -21.771746306452236 ], [ -48.144563341678257, -21.771748160624437 ], [ -48.144564047711427, -21.771749993319659 ], [ -48.144564820417209, -21.771751802394743 ], [ -48.144565658892027, -21.771753585734228 ], [ -48.144566562155369, -21.771755341252664 ], [ -48.14456752915099, -21.771757066897163 ], [ -48.144568558748091, -21.771758760649806 ], [ -48.144569649742678, -21.771760420529905 ], [ -48.144570800858936, -21.771762044596436 ], [ -48.1445720107508, -21.771763630950247 ], [ -48.144573278003406, -21.771765177736263 ], [ -48.144574601134885, -21.771766683145678 ], [ -48.144575978597949, -21.771768145418093 ], [ -48.145111323910697, -21.772060746699246 ], [ -48.1451125931749, -21.77206167062868 ], [ -48.14511389607086, -21.772062552768656 ], [ -48.145115231022345, -21.772063392051955 ], [ -48.145116596414312, -21.772064187463243 ], [ -48.145117990594947, -21.772064938040206 ], [ -48.145119411877545, -21.772065642874807 ], [ -48.145120858542661, -21.772066301114354 ], [ -48.145122328840124, -21.772066911962479 ], [ -48.145123820991181, -21.772067474680217 ], [ -48.145125333190599, -21.77206798858677 ], [ -48.145126863608965, -21.77206845306042 ], [ -48.145128410394754, -21.772068867539243 ], [ -48.145129971676681, -21.772069231521833 ], [ -48.145131545565917, -21.772069544567799 ], [ -48.145133130158371, -21.772069806298454 ], [ -48.145134723537012, -21.77207001639713 ], [ -48.145136323774153, -21.772070174609674 ], [ -48.145137928933863, -21.772070280744668 ], [ -48.145139537074215, -21.772070334673717 ] ] ] } },
{ "type": "Feature", "properties": { "nome": "Condomínio Residencial L´Harmonie", "LAYER": "CONDOMINIOS" }, "geometry": { "type": "Polygon", "coordinates": [ [ [ -48.177578935308993, -21.764652900390995 ], [ -48.177579322190248, -21.76465426416058 ], [ -48.177579759438444, -21.764655614585759 ], [ -48.177580246528215, -21.764656950043953 ], [ -48.177580782874308, -21.764658268930553 ], [ -48.177581367832282, -21.764659569660875 ], [ -48.177582000699296, -21.764660850672023 ], [ -48.17758268071492, -21.764662110424812 ], [ -48.177583407062102, -21.764663347405627 ], [ -48.177584178868116, -21.764664560128164 ], [ -48.177584995205592, -21.764665747135293 ], [ -48.177585855093675, -21.764666907000787 ], [ -48.177586757499185, -21.76466803833101 ], [ -48.177587701337842, -21.764669139766635 ], [ -48.177588685475584, -21.764670209984221 ], [ -48.17758970872994, -21.764671247697905 ], [ -48.177590702464002, -21.764672189924937 ], [ -48.177591728448284, -21.764673101492807 ], [ -48.177592785599259, -21.764673981438818 ], [ -48.17759387280055, -21.764674828833737 ], [ -48.177594988903998, -21.764675642782642 ], [ -48.177596132730947, -21.764676422425971 ], [ -48.177597303073455, -21.764677166940388 ], [ -48.177598498695573, -21.764677875539636 ], [ -48.178117651653842, -21.76495138508422 ], [ -48.178122745279772, -21.764953986563828 ], [ -48.178124453748524, -21.764954717426157 ], [ -48.178126188305214, -21.76495539254454 ], [ -48.178127946866134, -21.764956011107966 ], [ -48.178129727318755, -21.764956572373375 ], [ -48.178131527524229, -21.764957075666505 ], [ -48.178133345319999, -21.764957520382772 ], [ -48.178135178522361, -21.764957905987938 ], [ -48.178137024929121, -21.764958232018774 ], [ -48.178138882322202, -21.76495849808364 ], [ -48.178140748470341, -21.764958703862892 ], [ -48.178142621131755, -21.764958849109338 ], [ -48.178144498056838, -21.764958933648508 ], [ -48.17814637699086, -21.764958957378834 ], [ -48.178148255676682, -21.764958920271795 ], [ -48.178150131857457, -21.764958822371998 ], [ -48.178152003279358, -21.764958663797024 ], [ -48.178153867694249, -21.764958444737356 ], [ -48.178155722862449, -21.7649581654562 ], [ -48.178157566555356, -21.764957826289002 ], [ -48.178159396558165, -21.764957427643221 ], [ -48.178161210672521, -21.764956969997748 ], [ -48.178163006719117, -21.764956453902332 ], [ -48.178164782540428, -21.76495587997697 ], [ -48.178166536003147, -21.7649552489111 ], [ -48.178168265000878, -21.764954561462812 ], [ -48.17816996745659, -21.764953818457929 ], [ -48.178171641325143, -21.764953020789033 ], [ -48.178173284595736, -21.764952169414329 ], [ -48.178174895294333, -21.764951265356583 ], [ -48.178176471486005, -21.764950309701831 ], [ -48.178178011277311, -21.764949303598073 ], [ -48.17817951281851, -21.764948248253933 ], [ -48.17818097430581, -21.764947144937196 ], [ -48.178182307287756, -21.764946067538119 ], [ -48.178183602070028, -21.764944950230412 ], [ -48.178184857283945, -21.764943794195208 ], [ -48.178186071602646, -21.764942600654475 ], [ -48.178187243742492, -21.764941370869916 ], [ -48.178188372464454, -21.764940106141481 ], [ -48.178189456575346, -21.764938807806132 ], [ -48.178190494929204, -21.764937477236295 ], [ -48.178191486428396, -21.764936115838484 ], [ -48.178192430024829, -21.764934725051816 ], [ -48.17819332472105, -21.764933306346471 ], [ -48.178418344788881, -21.764560573785896 ], [ -48.178110713404806, -21.764372904672168 ], [ -48.178013094642999, -21.76431153606244 ], [ -48.177915275356419, -21.764250041287386 ], [ -48.177838376161006, -21.76420157601482 ], [ -48.177498735133319, -21.764260702355291 ], [ -48.177577931381435, -21.764638695497265 ], [ -48.177577790222138, -21.764640120274624 ], [ -48.177577702763067, -21.764641548806363 ], [ -48.177577669112317, -21.764642979326958 ], [ -48.177577689311491, -21.764644410068456 ], [ -48.17757776333562, -21.764645839262624 ], [ -48.177577891093215, -21.764647265143118 ], [ -48.177578072426392, -21.764648685947733 ], [ -48.177578307111034, -21.764650099920487 ], [ -48.177578594857117, -21.764651505313889 ], [ -48.177578935308993, -21.764652900390995 ] ] ] } },
{ "type": "Feature", "properties": { "nome": "Residenical Paineiras", "LAYER": "CONDOMINIOS" }, "geometry": { "type": "Polygon", "coordinates": [ [ [ -48.165949200854442, -21.787948899025828 ], [ -48.165888401877758, -21.788203871863416 ], [ -48.165830849404308, -21.788454682653843 ], [ -48.165975831553723, -21.788489019514682 ], [ -48.165976643341054, -21.788485984915763 ], [ -48.166020671082826, -21.788496258457155 ], [ -48.166021891138378, -21.788491697676857 ], [ -48.166073950754296, -21.788502665263497 ], [ -48.166152423969947, -21.788184749841122 ], [ -48.16621687447406, -21.787925671087116 ], [ -48.166221202840532, -21.787926857946267 ], [ -48.166261195084772, -21.787752345469737 ], [ -48.166017688324168, -21.78768074828616 ], [ -48.166010157166937, -21.787710610276044 ], [ -48.166007174464049, -21.78770995411428 ], [ -48.165972295496736, -21.787842114503309 ], [ -48.165949200854442, -21.787948899025828 ] ] ] } },
{ "type": "Feature", "properties": { "nome": "Edificio Haddad", "LAYER": "CONDOMINIOS" }, "geometry": { "type": "Polygon", "coordinates": [ [ [ -48.171176239814415, -21.808910897054961 ], [ -48.17116904826284, -21.808908230748038 ], [ -48.17116160814443, -21.808906247129102 ], [ -48.171153993654443, -21.80890496597933 ], [ -48.171146280726994, -21.808904400074834 ], [ -48.17113854627781, -21.808904555058952 ], [ -48.171130867437299, -21.808905429386126 ], [ -48.171123320781277, -21.808907014337226 ], [ -48.171115981567382, -21.80890929410668 ], [ -48.171108509353616, -21.808912444120587 ], [ -48.170841636380551, -21.809107571553664 ], [ -48.170835548222271, -21.809112129508968 ], [ -48.17082997230343, -21.809117227651367 ], [ -48.170824963151624, -21.809122816125583 ], [ -48.17082056975201, -21.809128840281204 ], [ -48.170816835068194, -21.809135241207365 ], [ -48.170813795622223, -21.809141956308537 ], [ -48.170811481137264, -21.809148919917021 ], [ -48.170809914247073, -21.809156063934854 ], [ -48.170809110274547, -21.809163318499802 ], [ -48.170809077081969, -21.80917061266846 ], [ -48.170809814994037, -21.80917787511039 ], [ -48.170811316794726, -21.809185034805239 ], [ -48.170813567797886, -21.809192021737317 ], [ -48.17081560912596, -21.809196840238663 ], [ -48.171093708400562, -21.809533635083998 ], [ -48.171284499814277, -21.809395147880814 ], [ -48.171476028860852, -21.80925617676505 ], [ -48.171201137993918, -21.808927761279175 ], [ -48.171195622556731, -21.808922693827199 ], [ -48.171189593545236, -21.808918164832839 ], [ -48.171183111082726, -21.808914219460565 ], [ -48.171176239814415, -21.808910897054961 ] ] ] } },
{ "type": "Feature", "properties": { "nome": "Resiencial Higienópolis", "LAYER": "CONDOMINIOS" }, "geometry": { "type": "Polygon", "coordinates": [ [ [ -48.161596241636346, -21.806032080429311 ], [ -48.16187714084969, -21.806267797842384 ], [ -48.161900939642813, -21.806286552679364 ], [ -48.16190718910147, -21.806290609497282 ], [ -48.161918501133357, -21.806295712461019 ], [ -48.161925222592508, -21.806297509559126 ], [ -48.161945688944726, -21.806299313215405 ], [ -48.161958871730093, -21.806298372125717 ], [ -48.161968948000812, -21.806296953175636 ], [ -48.161977868269283, -21.806294016576981 ], [ -48.161985647978142, -21.806290308841838 ], [ -48.161995246406605, -21.806283593158614 ], [ -48.162008478374318, -21.806272395879155 ], [ -48.162183921858734, -21.806089450323672 ], [ -48.161977585294046, -21.805912909926079 ], [ -48.161754282818215, -21.805726676223461 ], [ -48.16159173815727, -21.805894570306357 ], [ -48.161578032838563, -21.805910833274492 ], [ -48.161568113376248, -21.805927872733367 ], [ -48.161564082490123, -21.805937074891062 ], [ -48.161560102842671, -21.805957943701049 ], [ -48.161560465788952, -21.805972044867907 ], [ -48.16156341991239, -21.805986980453476 ], [ -48.161567652998102, -21.805997509029613 ], [ -48.161575409106149, -21.806009890821997 ], [ -48.161586495873621, -21.806023249332345 ], [ -48.161596241636346, -21.806032080429311 ] ] ] } },
{ "type": "Feature", "properties": { "nome": "Condomínio Residencial Jardim Magnólias 2", "LAYER": "CONDOMINIOS" }, "geometry": { "type": "Polygon", "coordinates": [ [ [ -48.169626332795993, -21.756221098363397 ], [ -48.169674141508224, -21.756359583195245 ], [ -48.169674978789494, -21.756362008499178 ], [ -48.169675052868541, -21.756362802386352 ], [ -48.169688360398332, -21.756505415908023 ], [ -48.169691556180872, -21.75653966430853 ], [ -48.169702887624652, -21.756649288429049 ], [ -48.16970681870545, -21.756687318984003 ], [ -48.169712172577619, -21.756739114072488 ], [ -48.16975809585913, -21.756735730530814 ], [ -48.169759857369478, -21.756735600745767 ], [ -48.169762552087448, -21.756760955174123 ], [ -48.16976332029629, -21.756768183201075 ], [ -48.169764471814631, -21.756772444257169 ], [ -48.169766353457263, -21.756776472161032 ], [ -48.169768914605967, -21.756780158557586 ], [ -48.169772086363018, -21.756783404278746 ], [ -48.16977578340471, -21.756786122010936 ], [ -48.169778904022635, -21.756787798184831 ], [ -48.169768092840187, -21.756788663368333 ], [ -48.169770257684561, -21.756812270274157 ], [ -48.169758115611529, -21.756813241963282 ], [ -48.169764994091196, -21.756888249544527 ], [ -48.169777136170794, -21.756887277855501 ], [ -48.169779175193327, -21.756909512706244 ], [ -48.169851403744325, -21.756903732485359 ], [ -48.169856451368311, -21.756973518366756 ], [ -48.169812104675067, -21.756976597852137 ], [ -48.169803567540264, -21.756979135481274 ], [ -48.169795292801496, -21.756982349546341 ], [ -48.169787341855432, -21.756986216199628 ], [ -48.169779773696341, -21.756990706751406 ], [ -48.169772644478272, -21.756995787882968 ], [ -48.16976600709846, -21.757001421893214 ], [ -48.169759910804828, -21.757007566979176 ], [ -48.169754400830563, -21.757014177545749 ], [ -48.169749880295377, -21.757020635162494 ], [ -48.169747052624281, -21.757026031263418 ], [ -48.169744909407221, -21.757031697144836 ], [ -48.169743481526226, -21.757037551166217 ], [ -48.169742789555961, -21.7570435089761 ], [ -48.169742843467212, -21.757049484727407 ], [ -48.169742903369638, -21.757050235967444 ], [ -48.169753560157552, -21.757154690851596 ], [ -48.16976816607599, -21.757297853920804 ], [ -48.169768543226979, -21.757301550646371 ], [ -48.169783035778089, -21.757442587682025 ], [ -48.16978313295963, -21.757443533422524 ], [ -48.169763948736204, -21.757589941137763 ], [ -48.169776248644119, -21.757732788223699 ], [ -48.169791169878636, -21.757877222306423 ], [ -48.169802867964577, -21.757954499461096 ], [ -48.169811618627669, -21.757971896449931 ], [ -48.16982970799274, -21.757995343942163 ], [ -48.169846024160663, -21.758005852706972 ], [ -48.169878155685204, -21.758013974951268 ], [ -48.170284508023428, -21.757980695773171 ], [ -48.170451910101249, -21.757965956581568 ], [ -48.170847068364999, -21.757931110835646 ], [ -48.171027884106579, -21.757915539950055 ], [ -48.171199242614577, -21.757901392862635 ], [ -48.171399764306649, -21.757869988209194 ], [ -48.171616760613666, -21.757816117356317 ], [ -48.17191661004685, -21.757727294955746 ], [ -48.172251719734547, -21.757573825513138 ], [ -48.172333994665919, -21.757444608454644 ], [ -48.172271265613141, -21.756757286649034 ], [ -48.172159600443194, -21.755641997354708 ], [ -48.172154002696495, -21.755621843805873 ], [ -48.172131308865033, -21.755586102188996 ], [ -48.172110437105808, -21.755570003446291 ], [ -48.172072715303216, -21.75556616218736 ], [ -48.171717927935511, -21.755594613484536 ], [ -48.169639874697481, -21.755777181408856 ], [ -48.169626276597157, -21.75578192360744 ], [ -48.169608638478373, -21.755793764055994 ], [ -48.169599490794454, -21.755804291076 ], [ -48.169592926907647, -21.755816385133226 ], [ -48.169588482902718, -21.755840300587636 ], [ -48.169597360569767, -21.755934234478662 ], [ -48.169612718532406, -21.756088311417592 ], [ -48.169626332795993, -21.756221098363397 ] ] ] } },
{ "type": "Feature", "properties": { "nome": null, "LAYER": "CONDOMINIOS" }, "geometry": { "type": "Polygon", "coordinates": [ [ [ -48.162258652365452, -21.760142180414267 ], [ -48.161985232594624, -21.760160152455882 ], [ -48.161979185661394, -21.760164053133085 ], [ -48.161973733016858, -21.760171857607823 ], [ -48.161971015650884, -21.76017763096112 ], [ -48.161969955340417, -21.760182969859006 ], [ -48.161977800626346, -21.7602777187969 ], [ -48.162266968050034, -21.760255981846875 ], [ -48.162258652365452, -21.760142180414267 ] ] ] } },
{ "type": "Feature", "properties": { "nome": "Residencial Dirce", "LAYER": "CONDOMINIOS" }, "geometry": { "type": "Polygon", "coordinates": [ [ [ -48.160851017406131, -21.759870579048748 ], [ -48.160555358459668, -21.759887666014748 ], [ -48.160548675631063, -21.759887705906824 ], [ -48.160556692920608, -21.760090373042996 ], [ -48.160557076346365, -21.760091631851136 ], [ -48.160557577127108, -21.760092888123182 ], [ -48.160558198076274, -21.760094128193611 ], [ -48.160558939630135, -21.760095337556894 ], [ -48.160559799590871, -21.760096501317754 ], [ -48.160560772987843, -21.760097604712147 ], [ -48.160561852082125, -21.760098633667774 ], [ -48.160563026526667, -21.760099575364226 ], [ -48.160564283680195, -21.76010041874688 ], [ -48.160565609055979, -21.76010115495508 ], [ -48.160566986872539, -21.760101777628059 ], [ -48.160568400663109, -21.760102283068147 ], [ -48.160569833895607, -21.76010267025389 ], [ -48.160571270557007, -21.760102940711729 ], [ -48.16057269566263, -21.760103098266701 ], [ -48.16057409566298, -21.760103148703116 ], [ -48.160868699896717, -21.760085387974073 ], [ -48.160851017406131, -21.759870579048748 ] ] ] } },
{ "type": "Feature", "properties": { "nome": "Condomínio Residencial Caminho Dos Ypês Garden", "LAYER": "CONDOMINIOS" }, "geometry": { "type": "Polygon", "coordinates": [ [ [ -48.145071666796539, -21.827819035537988 ], [ -48.145672941199251, -21.827186505194838 ], [ -48.145627234514798, -21.82714639314564 ], [ -48.145592433616955, -21.827065028275321 ], [ -48.145584568560338, -21.827061461446547 ], [ -48.145552009644348, -21.8269876777001 ], [ -48.145558821889161, -21.826984756594698 ], [ -48.145546314346582, -21.826957020825571 ], [ -48.145447484637778, -21.826741270339959 ], [ -48.145472939661829, -21.826677304957215 ], [ -48.145404471551885, -21.826529963625479 ], [ -48.145337821131562, -21.826503409990501 ], [ -48.145263403081955, -21.82633568238175 ], [ -48.144945535957788, -21.826658843727223 ], [ -48.144549669909658, -21.827054942361105 ], [ -48.144180398552692, -21.827430541501819 ], [ -48.14379391437911, -21.827819939152999 ], [ -48.143695426610243, -21.827919099985035 ], [ -48.143581356228019, -21.828034082062473 ], [ -48.143376208995512, -21.828241101611745 ], [ -48.144083156724591, -21.829539706657972 ], [ -48.145313879645663, -21.828253190609512 ], [ -48.145071666796539, -21.827819035537988 ] ] ] } },
{ "type": "Feature", "properties": { "nome": null, "LAYER": "CONDOMINIOS" }, "geometry": { "type": "Polygon", "coordinates": [ [ [ -48.186804707335313, -21.773703404295574 ], [ -48.186833154469376, -21.773609282299368 ], [ -48.186547996791191, -21.773520825399682 ], [ -48.186493849464334, -21.773697764023233 ], [ -48.186902234417154, -21.773829757808002 ], [ -48.18693239887908, -21.773743958420106 ], [ -48.186804707335313, -21.773703404295574 ] ] ] } },
{ "type": "Feature", "properties": { "nome": "Vila Dignidade", "LAYER": "CONDOMINIOS" }, "geometry": { "type": "Polygon", "coordinates": [ [ [ -48.14933118869218, -21.833443347484174 ], [ -48.148694718654326, -21.83303405139225 ], [ -48.148668078757638, -21.833020802745853 ], [ -48.148650620115973, -21.833015520544279 ], [ -48.148630553596611, -21.833016167810072 ], [ -48.148610036971654, -21.833021268541358 ], [ -48.148590455362395, -21.833031393359697 ], [ -48.148574868211924, -21.833043982381255 ], [ -48.148558122807891, -21.83306355285989 ], [ -48.148276406929931, -21.833450812505227 ], [ -48.148273559613649, -21.833457336672982 ], [ -48.148271705083211, -21.833464165574146 ], [ -48.14827087891274, -21.833471168215379 ], [ -48.14827109695014, -21.833478210270577 ], [ -48.148272355013148, -21.833485156657591 ], [ -48.148274628969475, -21.833491874129379 ], [ -48.148277875199746, -21.833498233829967 ], [ -48.148282031434235, -21.833504113766214 ], [ -48.148287017947233, -21.833509401147914 ], [ -48.148309162515559, -21.833526025794935 ], [ -48.148727327842877, -21.83379298289535 ], [ -48.148971448301928, -21.833951496399226 ], [ -48.14933118869218, -21.833443347484174 ] ] ] } },
{ "type": "Feature", "properties": { "nome": "Condomínio Residencial Tivoli", "LAYER": "CONDOMINIOS" }, "geometry": { "type": "Polygon", "coordinates": [ [ [ -48.201282287193955, -21.793449393874031 ], [ -48.201228336131585, -21.793644486357614 ], [ -48.201088636897751, -21.794164329844115 ], [ -48.200988153462028, -21.794533059909106 ], [ -48.200836094728317, -21.795132828553054 ], [ -48.200600020455056, -21.795979266984769 ], [ -48.200509496154631, -21.796056189279852 ], [ -48.200366798277635, -21.795909520020391 ], [ -48.20025665767443, -21.796305303602409 ], [ -48.200256910992287, -21.796372414549964 ], [ -48.200291644367177, -21.79643116601618 ], [ -48.200380261437125, -21.796519127705448 ], [ -48.200477856280429, -21.796616000605255 ], [ -48.200670474637739, -21.796807193584872 ], [ -48.200800674224894, -21.796920760579749 ], [ -48.201015331197503, -21.79656726222305 ], [ -48.201048395976891, -21.796590128683764 ], [ -48.201084529484, -21.796618818681495 ], [ -48.201109234134613, -21.796627524137936 ], [ -48.201274688896774, -21.79667765431897 ], [ -48.202344320180387, -21.796819375465176 ], [ -48.202473064868322, -21.796354528343372 ], [ -48.202499151931946, -21.796258953797157 ], [ -48.202526962463281, -21.796157064845094 ], [ -48.202569205923986, -21.79613645219489 ], [ -48.202602251312506, -21.796135254151768 ], [ -48.202871866834066, -21.796208321493779 ], [ -48.203425452035653, -21.796398494150015 ], [ -48.203436859618087, -21.796341907828893 ], [ -48.203497463099467, -21.796116187525261 ], [ -48.203515360428753, -21.796082169043181 ], [ -48.203534499847123, -21.796009334743623 ], [ -48.203590174157, -21.795817420742509 ], [ -48.20362495065951, -21.795689883343041 ], [ -48.203707603585876, -21.795333897778875 ], [ -48.203688420545646, -21.795295842259929 ], [ -48.203648710597193, -21.795284488694563 ], [ -48.203613655067294, -21.795274465875877 ], [ -48.203585510939149, -21.795254581420433 ], [ -48.203565582721311, -21.795217970661014 ], [ -48.203562269370508, -21.795182904396039 ], [ -48.203588653836206, -21.795127242601524 ], [ -48.203605297406042, -21.795114435512787 ], [ -48.203642602839622, -21.795093446172043 ], [ -48.203668439124421, -21.795078909766218 ], [ -48.203582061324688, -21.795078723428364 ], [ -48.203814308203981, -21.794960549680471 ], [ -48.203874117072061, -21.794739521518746 ], [ -48.203307515269437, -21.794605267237188 ], [ -48.202908002282804, -21.794512260389702 ], [ -48.203204190426924, -21.793408243513671 ], [ -48.20298501241404, -21.793357415718155 ], [ -48.202837214518262, -21.793321313543029 ], [ -48.201857642517467, -21.793090865989754 ], [ -48.201936432455298, -21.792810291020089 ], [ -48.201551589713183, -21.792722280135138 ], [ -48.201561772860003, -21.792791287530807 ], [ -48.201574572426829, -21.792852375916919 ], [ -48.201583114587564, -21.792873079458985 ], [ -48.201611274655363, -21.792942059323 ], [ -48.201633390171182, -21.793008571969196 ], [ -48.201629953408457, -21.793056637834265 ], [ -48.201644441462555, -21.793099305085839 ], [ -48.201541191146454, -21.7931621799403 ], [ -48.20146109025562, -21.793211927143403 ], [ -48.201359918293711, -21.793256360315453 ], [ -48.201338395073428, -21.793253947295423 ], [ -48.201317905381039, -21.793255401184521 ], [ -48.201246262510558, -21.793278752691055 ], [ -48.201199749116753, -21.793305210418371 ], [ -48.20117949288084, -21.793319778717006 ], [ -48.201134918149286, -21.793356598487957 ], [ -48.201090941880516, -21.793399463027662 ], [ -48.201282287193955, -21.793449393874031 ] ] ] } },
{ "type": "Feature", "properties": { "nome": "Condomínio Residencial Parque Atacama", "LAYER": "CONDOMINIOS" }, "geometry": { "type": "Polygon", "coordinates": [ [ [ -48.208706222358735, -21.791893969949079 ], [ -48.208720598308901, -21.791856364519468 ], [ -48.208722157159286, -21.791852286788341 ], [ -48.208796959159834, -21.791626537069753 ], [ -48.208740654265824, -21.791612342305456 ], [ -48.208678791304237, -21.79159260428381 ], [ -48.208719349336405, -21.791452348097231 ], [ -48.208862075480205, -21.790926759664227 ], [ -48.208659584125108, -21.790878495879078 ], [ -48.208530942703312, -21.790849006181659 ], [ -48.208266768432324, -21.790786778477845 ], [ -48.207830450068336, -21.790681903192539 ], [ -48.207534323345314, -21.790605605580097 ], [ -48.207401949426703, -21.791015626723091 ], [ -48.207232644007412, -21.791546225449952 ], [ -48.207281432275792, -21.791557285752276 ], [ -48.207369565020542, -21.791577265409202 ], [ -48.207526738859308, -21.791614970271233 ], [ -48.207667160455777, -21.791648683446912 ], [ -48.207842240889882, -21.791691000670639 ], [ -48.208012240633359, -21.791731387193746 ], [ -48.208148670043045, -21.791763805337688 ], [ -48.208144978940091, -21.791774920020785 ], [ -48.208009949525291, -21.791743157978534 ], [ -48.207969673618166, -21.791764914155596 ], [ -48.208544482081152, -21.791902068814665 ], [ -48.208503449095694, -21.791861009332134 ], [ -48.208336137085851, -21.79182381171842 ], [ -48.208340292580317, -21.791808527699796 ], [ -48.208706222358735, -21.791893969949079 ] ] ] } },
{ "type": "Feature", "properties": { "nome": "Condominio Alamedas", "LAYER": "CONDOMINIOS" }, "geometry": { "type": "Polygon", "coordinates": [ [ [ -48.122720439382384, -21.781725640820451 ], [ -48.122730477139399, -21.781758280002308 ], [ -48.122743355574528, -21.781807845504062 ], [ -48.12270753524141, -21.781904354930013 ], [ -48.122703326915044, -21.781909984064718 ], [ -48.122684034629202, -21.781931498116858 ], [ -48.122651559599014, -21.781967713083738 ], [ -48.122533131943101, -21.782071272419952 ], [ -48.122442864398117, -21.78214322346178 ], [ -48.122036980981683, -21.782490458907709 ], [ -48.121954516512545, -21.782569071257502 ], [ -48.121946684059132, -21.782606726924865 ], [ -48.121957787970146, -21.782644079739931 ], [ -48.122688134436821, -21.783375543576309 ], [ -48.122804861251552, -21.783361316139786 ], [ -48.122883205933583, -21.782950310155776 ], [ -48.123029145966463, -21.782184688869336 ], [ -48.123181322787104, -21.781386349146644 ], [ -48.122405344404825, -21.781375037513229 ], [ -48.122674020107837, -21.781641232507553 ], [ -48.122697648024591, -21.781680635415722 ], [ -48.122720439382384, -21.781725640820451 ] ] ] } },
{ "type": "Feature", "properties": { "nome": "Condomínio Residencial Jardim Magnólias 1", "LAYER": "CONDOMINIOS" }, "geometry": { "type": "Polygon", "coordinates": [ [ [ -48.169576697223839, -21.75717037755394 ], [ -48.169572872973546, -21.757143392591836 ], [ -48.169527821826783, -21.757148048501207 ], [ -48.169518282397881, -21.757061149320609 ], [ -48.169514598573485, -21.757027591605247 ], [ -48.169514025086187, -21.757025889680914 ], [ -48.169511547436379, -21.757020080196437 ], [ -48.169508370045072, -21.757014575931791 ], [ -48.169504535197817, -21.757009450139037 ], [ -48.169500093929791, -21.757004771033493 ], [ -48.169495105346485, -21.757000600885803 ], [ -48.169489635837223, -21.75699699519334 ], [ -48.169483758191561, -21.756994001941418 ], [ -48.169477550630639, -21.756991660964989 ], [ -48.169471095766148, -21.756990003418373 ], [ -48.169464479500945, -21.756989051360417 ], [ -48.169457789885826, -21.756988817461394 ], [ -48.169443754156561, -21.756990764757823 ], [ -48.169434684810646, -21.756903044376646 ], [ -48.16943530697236, -21.756902516926779 ], [ -48.169434444396167, -21.756900719043031 ], [ -48.169426740896185, -21.756899768666656 ], [ -48.169424168020626, -21.756857123301121 ], [ -48.169492178849836, -21.756844906705243 ], [ -48.169516452373159, -21.756828965638167 ], [ -48.169533915998443, -21.756798557087443 ], [ -48.16953495913598, -21.756775672777618 ], [ -48.169525796099563, -21.756682731186483 ], [ -48.169511628978121, -21.756539032572803 ], [ -48.169498107482603, -21.756401882509671 ], [ -48.169483103866334, -21.756249699011665 ], [ -48.169446048778156, -21.755873844238486 ], [ -48.169445120942683, -21.755864433068243 ], [ -48.169437122931591, -21.755845661613964 ], [ -48.169422225864132, -21.755826794144333 ], [ -48.169398415977867, -21.755810518758661 ], [ -48.169362580817626, -21.755801275682082 ], [ -48.168955479277912, -21.755834395502486 ], [ -48.168859006800311, -21.755843100800458 ], [ -48.167841060748792, -21.755931686887873 ], [ -48.166932553526628, -21.756012479630936 ], [ -48.166911172306506, -21.756023202299996 ], [ -48.166899050428803, -21.756033316051926 ], [ -48.166885144061702, -21.756052035183941 ], [ -48.16687920651168, -21.756066230931498 ], [ -48.166875950025982, -21.756093012040647 ], [ -48.166929055967053, -21.75664284666021 ], [ -48.167037371301831, -21.757705095469156 ], [ -48.167092097078189, -21.758210313706901 ], [ -48.167104470888802, -21.758229748993436 ], [ -48.167125146612086, -21.758245772608436 ], [ -48.167159626184329, -21.758252238908582 ], [ -48.167205792461637, -21.758248241433655 ], [ -48.167640686184804, -21.758210583928495 ], [ -48.168073140893839, -21.758173136450047 ], [ -48.168360824273449, -21.758148224486124 ], [ -48.168651795675466, -21.758123027271434 ], [ -48.169102661590635, -21.758083583530262 ], [ -48.169193113376522, -21.758075474762727 ], [ -48.169589045799711, -21.758040238220946 ], [ -48.169612724246292, -21.758026160286597 ], [ -48.169637222159267, -21.757999838189882 ], [ -48.169641794246594, -21.757992195338666 ], [ -48.16964784568858, -21.757978583987171 ], [ -48.169651272813162, -21.757967533124564 ], [ -48.169653235997465, -21.757956843363232 ], [ -48.169644693906925, -21.757864898418617 ], [ -48.169601859304429, -21.757434586673391 ], [ -48.169599151888569, -21.757404256989286 ], [ -48.169597372722897, -21.757404510934911 ], [ -48.169592632301324, -21.757357690304261 ], [ -48.169595305328166, -21.757357481260772 ], [ -48.169590018854734, -21.757310991701697 ], [ -48.169588265449399, -21.757311180212639 ], [ -48.169583981405069, -21.757264255647112 ], [ -48.169585910954773, -21.757264001202781 ], [ -48.169580751726052, -21.757217047390228 ], [ -48.169578660643189, -21.757217350532091 ], [ -48.169573912538468, -21.757170614335784 ], [ -48.169576697223839, -21.75717037755394 ] ] ] } },
{ "type": "Feature", "properties": { "nome": "Condomínio Residencial Acácias 1", "LAYER": "CONDOMINIOS" }, "geometry": { "type": "Polygon", "coordinates": [ [ [ -48.16910985354653, -21.754430186445092 ], [ -48.169156384696642, -21.754425685039287 ], [ -48.169154923825957, -21.754412506464348 ], [ -48.169160034922328, -21.754375352581953 ], [ -48.169158865664464, -21.754345326672251 ], [ -48.169152955859957, -21.754311492074216 ], [ -48.169141942408991, -21.754283267997515 ], [ -48.169140107653341, -21.754266725447941 ], [ -48.169092373339588, -21.754271343253247 ], [ -48.169089697785786, -21.754247030397682 ], [ -48.169143891737114, -21.754241686449031 ], [ -48.169144955271861, -21.754250124788985 ], [ -48.169157223596365, -21.75424836468757 ], [ -48.169166837274965, -21.754245047315283 ], [ -48.169179002336847, -21.754236841919447 ], [ -48.16918765165893, -21.754228551575498 ], [ -48.169193854064602, -21.754218143290537 ], [ -48.16919657314692, -21.754205355605674 ], [ -48.169078720438876, -21.753035286855745 ], [ -48.168808081168628, -21.753059329519594 ], [ -48.166680919085316, -21.753246544697085 ], [ -48.166657410117409, -21.753256017612468 ], [ -48.166637674891284, -21.753269486090975 ], [ -48.166619686922409, -21.753292178420939 ], [ -48.166605088898059, -21.753325953882758 ], [ -48.166855846992696, -21.755812814302825 ], [ -48.166860242381432, -21.755826893509632 ], [ -48.166867481129536, -21.755839911838407 ], [ -48.166877284364588, -21.75585136775716 ], [ -48.16688303312808, -21.755856369058886 ], [ -48.166895947973877, -21.755864677386402 ], [ -48.166917900851395, -21.755872347653426 ], [ -48.169343911728319, -21.755659059952194 ], [ -48.169223782847666, -21.754495740871107 ], [ -48.169219324528591, -21.754492238653075 ], [ -48.169214331186865, -21.754491301138316 ], [ -48.169170399727761, -21.754495221446895 ], [ -48.169171178031846, -21.754501180091619 ], [ -48.169118163338489, -21.754505697732064 ], [ -48.16910985354653, -21.754430186445092 ] ] ] } },
{ "type": "Feature", "properties": { "nome": "Condomínio Salto Grande I", "LAYER": "CONDOMINIOS" }, "geometry": { "type": "Polygon", "coordinates": [ [ [ -48.198124960435983, -21.805131391863291 ], [ -48.198140283625058, -21.805379972932226 ], [ -48.196994323397135, -21.806468928821442 ], [ -48.20017941607243, -21.80738461797776 ], [ -48.200656980453068, -21.806654649036801 ], [ -48.200826677701656, -21.806384256967792 ], [ -48.201043458996608, -21.806068508116468 ], [ -48.20135445815955, -21.80559485705605 ], [ -48.201905993796487, -21.804756205061729 ], [ -48.200102851131518, -21.804740200612841 ], [ -48.19968630463265, -21.804846934368001 ], [ -48.198782339475507, -21.804836757062887 ], [ -48.198675337615022, -21.804948254220729 ], [ -48.198436567011186, -21.805113498855459 ], [ -48.198307850662182, -21.805098253071186 ], [ -48.198124960435983, -21.805131391863291 ] ] ] } },
{ "type": "Feature", "properties": { "nome": "Condomínio Salto Grande Campo Belo", "LAYER": "CONDOMINIOS" }, "geometry": { "type": "Polygon", "coordinates": [ [ [ -48.201905993796487, -21.804756205061729 ], [ -48.20017941607243, -21.80738461797776 ], [ -48.202563064078731, -21.80804871954874 ], [ -48.203013718913169, -21.808182861253794 ], [ -48.203815986630701, -21.806358377484948 ], [ -48.204362115980317, -21.805127466264231 ], [ -48.203983354328159, -21.804981223131456 ], [ -48.203910623070776, -21.805146654565903 ], [ -48.203531384224263, -21.805116701633171 ], [ -48.203522912533771, -21.804822034190646 ], [ -48.201905993796487, -21.804756205061729 ] ] ] } },
{ "type": "Feature", "properties": { "nome": "Condomínio Quinta do Salto Ecco Residence", "LAYER": "CONDOMINIOS" }, "geometry": { "type": "Polygon", "coordinates": [ [ [ -48.20920362457764, -21.804803680911899 ], [ -48.205103833704307, -21.804804108581301 ], [ -48.20509834093032, -21.805036880908009 ], [ -48.204406509625187, -21.805037647459798 ], [ -48.203023483735919, -21.808160771820383 ], [ -48.20446853175909, -21.80857047806149 ], [ -48.204918698963191, -21.808777645506783 ], [ -48.205312582453651, -21.808697667600768 ], [ -48.206596689781605, -21.808692710997356 ], [ -48.20920362457764, -21.804803680911899 ] ] ] } },
{ "type": "Feature", "properties": { "nome": "Residencial dos Oitis", "LAYER": "CONDOMINIOS" }, "geometry": { "type": "Polygon", "coordinates": [ [ [ -48.139350540668964, -21.829401247560458 ], [ -48.139473977482041, -21.829506706801553 ], [ -48.139792803880006, -21.82977909765016 ], [ -48.139899197766468, -21.829869995430446 ], [ -48.140116579628419, -21.830054264540081 ], [ -48.140760427082441, -21.829368267592848 ], [ -48.140671415911747, -21.829295583329458 ], [ -48.139286881314177, -21.828165329486392 ], [ -48.138686652787094, -21.828826837949876 ], [ -48.138703623017499, -21.828842125574745 ], [ -48.138902597324659, -21.82901472567465 ], [ -48.139147266911287, -21.829226717484019 ], [ -48.139350540668964, -21.829401247560458 ] ] ] } },
{ "type": "Feature", "properties": { "nome": "Condomínio Jardim Alvorada", "LAYER": "CONDOMINIOS" }, "geometry": { "type": "Polygon", "coordinates": [ [ [ -48.140308177418966, -21.827840287107101 ], [ -48.140121794869415, -21.828039851121641 ], [ -48.139941203537404, -21.827895176782334 ], [ -48.139950449826522, -21.827884469879226 ], [ -48.139718449882139, -21.827694345206137 ], [ -48.139281443526599, -21.82816089006538 ], [ -48.139286881314177, -21.828165329486392 ], [ -48.140671415911747, -21.829295583329458 ], [ -48.141021543992309, -21.82892385339337 ], [ -48.140909699842432, -21.828826870918078 ], [ -48.140985905140397, -21.828747246200688 ], [ -48.140994898812096, -21.828734201106876 ], [ -48.140966656728082, -21.828714578879541 ], [ -48.140971021660917, -21.828706091576063 ], [ -48.140974179156188, -21.828696284005101 ], [ -48.140975540627615, -21.828673462478285 ], [ -48.140973047722397, -21.828662102122781 ], [ -48.140964926616043, -21.828645307171833 ], [ -48.140790595131499, -21.828496694493392 ], [ -48.140892956061194, -21.828387735708429 ], [ -48.141085580035679, -21.82853379687149 ], [ -48.141204048238386, -21.828630049001003 ], [ -48.141292941394511, -21.828714056260797 ], [ -48.141335004694781, -21.828705424329439 ], [ -48.141334336779934, -21.828702540422228 ], [ -48.141330065144189, -21.828689442373928 ], [ -48.141322191785896, -21.828674563984109 ], [ -48.141316320710231, -21.828667219051201 ], [ -48.14130946639694, -21.828661316777268 ], [ -48.140893002509088, -21.828318175617852 ], [ -48.140847249499529, -21.828347930612015 ], [ -48.140769648855411, -21.82828455171142 ], [ -48.140808344152376, -21.828248997535479 ], [ -48.140581018674041, -21.828063239337741 ], [ -48.140612597447877, -21.828157926786709 ], [ -48.140388328233001, -21.827977701343752 ], [ -48.140423434776757, -21.827934469786999 ], [ -48.140308177418966, -21.827840287107101 ] ] ] } },
{ "type": "Feature", "properties": { "nome": "Condomínio Alto da Boa Vista", "LAYER": "CONDOMINIOS" }, "geometry": { "type": "Polygon", "coordinates": [ [ [ -48.183553339624666, -21.831886018637782 ], [ -48.184009495510146, -21.825396406602806 ], [ -48.183805079686735, -21.825383407993996 ], [ -48.183816072387003, -21.825230472132493 ], [ -48.183585439864899, -21.825020660075367 ], [ -48.182227244956962, -21.824956621218536 ], [ -48.181882818748761, -21.831692244469611 ], [ -48.182074973450725, -21.831700621265743 ], [ -48.182236359042506, -21.831831731724396 ], [ -48.183218460760742, -21.831754053087884 ], [ -48.183553339624666, -21.831886018637782 ] ] ] } },
{ "type": "Feature", "properties": { "nome": "Condomínio Bella Vitta", "LAYER": "CONDOMINIOS" }, "geometry": { "type": "Polygon", "coordinates": [ [ [ -48.186832193086865, -21.818242101084628 ], [ -48.185157880488831, -21.818160201703702 ], [ -48.185057674993118, -21.819535092173009 ], [ -48.184813308807385, -21.823179519281851 ], [ -48.184580333686775, -21.82664200431903 ], [ -48.18437960055067, -21.829571044275969 ], [ -48.183706518850713, -21.829840208670333 ], [ -48.183553339624666, -21.831886018637782 ], [ -48.185495667655765, -21.832708171029903 ], [ -48.185567600843093, -21.831649753793524 ], [ -48.185756364498729, -21.831369095640046 ], [ -48.185660567495106, -21.831239998654144 ], [ -48.185720732291735, -21.830668578548867 ], [ -48.186062715464402, -21.830671965526911 ], [ -48.186523175862121, -21.829585819635867 ], [ -48.186984059887941, -21.829595293879311 ], [ -48.187046565375894, -21.829351616468518 ], [ -48.187197136423748, -21.829260377188369 ], [ -48.188265487980871, -21.82166217476308 ], [ -48.188389197421216, -21.820649784897174 ], [ -48.188213008735303, -21.820342749161576 ], [ -48.188118916293455, -21.820277405843502 ], [ -48.186780070655658, -21.820171886503434 ], [ -48.186826956935406, -21.819236135795187 ], [ -48.186983232841555, -21.818909679236125 ], [ -48.18691636929173, -21.818636640513684 ], [ -48.187176294419146, -21.818694599041116 ], [ -48.187574823180327, -21.818786353417952 ], [ -48.187628372098352, -21.818653300954068 ], [ -48.187331778794224, -21.818549479539907 ], [ -48.187354686206852, -21.818246724135467 ], [ -48.186832193086865, -21.818242101084628 ] ] ] } },
{ "type": "Feature", "properties": { "nome": "Condomínio Salto Grande Cedros do Campo", "LAYER": "CONDOMINIOS" }, "geometry": { "type": "Polygon", "coordinates": [ [ [ -48.212336876476662, -21.804840428971136 ], [ -48.212065762809551, -21.804840422967064 ], [ -48.211602768320347, -21.804797176645035 ], [ -48.211084889587767, -21.804788803243223 ], [ -48.208752269085579, -21.809297981834074 ], [ -48.210136453318299, -21.810669020009456 ], [ -48.212336876476662, -21.804840428971136 ] ] ] } },
{ "type": "Feature", "properties": { "nome": "Condomínio Alea", "LAYER": "CONDOMINIOS" }, "geometry": { "type": "Polygon", "coordinates": [ [ [ -48.139537156612583, -21.823956359120615 ], [ -48.139498610474703, -21.823727859383656 ], [ -48.139454554753414, -21.823736408643171 ], [ -48.139426783430181, -21.823597958490009 ], [ -48.139398076667533, -21.823530042423837 ], [ -48.139391562453064, -21.823518094810563 ], [ -48.139385567507745, -21.823489060718973 ], [ -48.139382217015381, -21.823460673685126 ], [ -48.13934206037441, -21.823466935026858 ], [ -48.139320111331095, -21.823355884621066 ], [ -48.139305984181028, -21.823282109347797 ], [ -48.139337727678296, -21.823276809807208 ], [ -48.139403455190823, -21.82316378122783 ], [ -48.139378249685102, -21.823014363140359 ], [ -48.139374945437432, -21.822994684749872 ], [ -48.139341376967174, -21.822794768299264 ], [ -48.137551545076661, -21.823065411284031 ], [ -48.137652742284004, -21.823640956383564 ], [ -48.137751910668648, -21.824222214537251 ], [ -48.137881463126654, -21.824203116442931 ], [ -48.13812994965209, -21.824165794051716 ], [ -48.138399614103839, -21.824125329898987 ], [ -48.138692453299797, -21.824081308162551 ], [ -48.138972982989159, -21.824039133243286 ], [ -48.139250786598588, -21.823998534542557 ], [ -48.139537156612583, -21.823956359120615 ] ] ] } },
{ "type": "Feature", "properties": { "nome": "Condomínio Residencial Villaggio Do Sol", "LAYER": "CONDOMINIOS" }, "geometry": { "type": "Polygon", "coordinates": [ [ [ -48.154291836137816, -21.802028847328458 ], [ -48.154281504950482, -21.802044002597867 ], [ -48.154275896674129, -21.802056692099139 ], [ -48.154270013285561, -21.802074035662734 ], [ -48.154268011172555, -21.802086445185989 ], [ -48.154269238007039, -21.802181961885147 ], [ -48.154094156394187, -21.802178474368652 ], [ -48.154084112937959, -21.802717387369658 ], [ -48.154259142596771, -21.802719809802614 ], [ -48.154260277899837, -21.802732371859413 ], [ -48.154263858514078, -21.802750823618652 ], [ -48.154268022107487, -21.802760793654063 ], [ -48.154275609281179, -21.802771156961004 ], [ -48.154283796891548, -21.802781146486659 ], [ -48.154293295016679, -21.802790602940537 ], [ -48.154301442378099, -21.802797527527243 ], [ -48.154312484873728, -21.802803922196635 ], [ -48.154353371725897, -21.802825566645886 ], [ -48.154267957089651, -21.802965542684287 ], [ -48.154336609845409, -21.803008579382478 ], [ -48.154394922991223, -21.803041678908958 ], [ -48.15445476299093, -21.803073187280205 ], [ -48.154540254667197, -21.80311529942351 ], [ -48.154605632107113, -21.803141140060621 ], [ -48.154657223227844, -21.803161553502694 ], [ -48.154671020080322, -21.803162423713122 ], [ -48.154712775170651, -21.803158645162434 ], [ -48.154756604295315, -21.803152809396231 ], [ -48.15475293344435, -21.803118727931523 ], [ -48.154764583528554, -21.803117801259674 ], [ -48.15476252450793, -21.803099743119368 ], [ -48.154851862994583, -21.803090816946902 ], [ -48.154959684113358, -21.80307666622679 ], [ -48.15496444109997, -21.803120119658189 ], [ -48.155017389173722, -21.803137206002759 ], [ -48.155029533361116, -21.803106136191303 ], [ -48.155145500337028, -21.803146171802211 ], [ -48.15513427217045, -21.803174924076369 ], [ -48.155418548600245, -21.803266659497677 ], [ -48.155422161933565, -21.803270562767302 ], [ -48.155451426132664, -21.803246705897031 ], [ -48.155527962915649, -21.803323059264233 ], [ -48.155568873810111, -21.803366526828434 ], [ -48.15557892063503, -21.803357008755029 ], [ -48.15560816699081, -21.803386828718892 ], [ -48.155562081175141, -21.80342094199322 ], [ -48.155652079075516, -21.803501844719911 ], [ -48.155756579440158, -21.803535916700604 ], [ -48.155998095703758, -21.803622263254798 ], [ -48.156407633701946, -21.803769953296555 ], [ -48.156558479880104, -21.803833706785436 ], [ -48.156729384716172, -21.803903464948686 ], [ -48.156774343486482, -21.801789036013233 ], [ -48.156779200560834, -21.801620305512355 ], [ -48.156719267507178, -21.801056937732067 ], [ -48.156653885433272, -21.80041674756303 ], [ -48.156544026897883, -21.800426424294628 ], [ -48.15644587110441, -21.800431904591196 ], [ -48.156289077005574, -21.800465329087789 ], [ -48.15618030660648, -21.800475784188265 ], [ -48.15611636553713, -21.800482328656219 ], [ -48.15609680392911, -21.800478696108293 ], [ -48.155934052594354, -21.800493292668033 ], [ -48.155916325055927, -21.800500825009902 ], [ -48.155855337491239, -21.800506024369032 ], [ -48.15574442428364, -21.800516622406441 ], [ -48.155576853946982, -21.800522166013891 ], [ -48.155496204947262, -21.800528919478431 ], [ -48.155359953692361, -21.800541799332326 ], [ -48.155084983843295, -21.800567914931797 ], [ -48.154929178599787, -21.800582869344794 ], [ -48.154819084056449, -21.800670383759805 ], [ -48.154692261791205, -21.800928412083799 ], [ -48.154664416390553, -21.801005320692902 ], [ -48.154615015980632, -21.801130075451145 ], [ -48.154520202797073, -21.801342148782012 ], [ -48.15443120052911, -21.801501632073741 ], [ -48.154323150947633, -21.801704240152809 ], [ -48.154148593028523, -21.801931198198211 ], [ -48.154291836137816, -21.802028847328458 ] ] ] } },
{ "type": "Feature", "properties": { "nome": "Condomínio Residencial Reserva do Campo", "LAYER": "CONDOMINIOS" }, "geometry": { "type": "Polygon", "coordinates": [ [ [ -48.153006986899015, -21.74968741792938 ], [ -48.153079045085917, -21.74973747098765 ], [ -48.153074326083853, -21.749743400152056 ], [ -48.153116239922404, -21.749772514318391 ], [ -48.153120791327574, -21.749766795728338 ], [ -48.153192952763938, -21.749816920407259 ], [ -48.153201291359679, -21.749806443413433 ], [ -48.15323876788888, -21.749837380872233 ], [ -48.153258684295494, -21.749875163009872 ], [ -48.15326647240574, -21.749911590693085 ], [ -48.153264704546601, -21.749949026366856 ], [ -48.153259381959458, -21.749968275114334 ], [ -48.153251087284836, -21.749988472751262 ], [ -48.153278843202372, -21.750021125987853 ], [ -48.153369360536196, -21.750127376836254 ], [ -48.153433855797871, -21.750202651525562 ], [ -48.153493942660937, -21.750271944931534 ], [ -48.153510488202237, -21.750291025575784 ], [ -48.153518070530396, -21.750297860721041 ], [ -48.153536382194829, -21.750314367901304 ], [ -48.153561733818933, -21.750337221294394 ], [ -48.153622798612297, -21.750390707111485 ], [ -48.153701689948313, -21.750465529989746 ], [ -48.153763918681889, -21.750533534563843 ], [ -48.153948979632275, -21.750741617958109 ], [ -48.154247517560052, -21.751095968155585 ], [ -48.154941163785224, -21.751989139047396 ], [ -48.155327743955255, -21.751409830614303 ], [ -48.155383849620179, -21.751349955057687 ], [ -48.155427342891215, -21.751275526954391 ], [ -48.155455082012111, -21.751206264399272 ], [ -48.155523420165757, -21.751030270902167 ], [ -48.155358276613974, -21.750831596159721 ], [ -48.155129107123749, -21.750579718113514 ], [ -48.154597501363327, -21.749983892047837 ], [ -48.154396963407031, -21.749778198936383 ], [ -48.154171960938037, -21.749572803472866 ], [ -48.153719004831125, -21.749141465751059 ], [ -48.154345541366915, -21.748412149902393 ], [ -48.154145408781879, -21.748255039500091 ], [ -48.15400664118873, -21.748141880838123 ], [ -48.153741110110055, -21.747913112261234 ], [ -48.153122551054828, -21.74736384337255 ], [ -48.15286415504027, -21.74760437357148 ], [ -48.152180985353901, -21.747680141230305 ], [ -48.151952183623209, -21.747465819358858 ], [ -48.151589834399829, -21.747709677811372 ], [ -48.152233460929381, -21.74855326723533 ], [ -48.15236428044868, -21.748722180366538 ], [ -48.152390297809561, -21.748752218670081 ], [ -48.152520550954314, -21.748897412612074 ], [ -48.152670121123577, -21.749064741179204 ], [ -48.152826312594811, -21.749238040067148 ], [ -48.153019230123348, -21.749452149794404 ], [ -48.15289731055298, -21.749533593971634 ], [ -48.152937710543242, -21.749549080151905 ], [ -48.152960162066286, -21.74956094175667 ], [ -48.152966816221252, -21.74956612112657 ], [ -48.152985837941358, -21.749580926988969 ], [ -48.153010701499433, -21.749606389251301 ], [ -48.153017939495115, -21.749599607471907 ], [ -48.153054587479758, -21.749627610432526 ], [ -48.153006986899015, -21.74968741792938 ] ] ] } },
{ "type": "Feature", "properties": { "nome": "Condomínio Residencial Ôri Jardins Jaraguá\n", "LAYER": "CONDOMINIOS" }, "geometry": { "type": "Polygon", "coordinates": [ [ [ -48.21307561954761, -21.781109294309651 ], [ -48.213077770664668, -21.781104293438887 ], [ -48.213079562004438, -21.781099170346426 ], [ -48.213080985681543, -21.781093947583916 ], [ -48.213114953503528, -21.780680761111636 ], [ -48.213167416742564, -21.780106405136213 ], [ -48.213220334153625, -21.77952700579473 ], [ -48.213249141077497, -21.779217141484008 ], [ -48.213294068980638, -21.778703658033699 ], [ -48.213296434148816, -21.778668698405923 ], [ -48.212561540522508, -21.77860539449615 ], [ -48.211477431905855, -21.778519446289753 ], [ -48.211335566666314, -21.778988183245723 ], [ -48.211292127928068, -21.779139623074702 ], [ -48.21127463312461, -21.779239721648302 ], [ -48.211259237531458, -21.779338699970857 ], [ -48.211251588757925, -21.779395671573234 ], [ -48.211239260811212, -21.779483034056149 ], [ -48.211235167125913, -21.77951204408501 ], [ -48.21121840508215, -21.779792608231347 ], [ -48.211216302949538, -21.779828849313333 ], [ -48.211207412183256, -21.779998527937465 ], [ -48.211209105719732, -21.780163735809495 ], [ -48.211210907063737, -21.780236148096122 ], [ -48.211216491979528, -21.780417777173295 ], [ -48.211219897539848, -21.780580482024391 ], [ -48.21122840118921, -21.780818113695837 ], [ -48.211543428896398, -21.780844839733302 ], [ -48.211690003101445, -21.780855533623672 ], [ -48.211650680559714, -21.781284178155079 ], [ -48.212055986877857, -21.781317679120505 ], [ -48.212802464429529, -21.781374641845797 ], [ -48.213059851629616, -21.781131719036022 ], [ -48.213063629521891, -21.781127645388086 ], [ -48.213067109885522, -21.781123346724041 ], [ -48.213070277400107, -21.781118841966467 ], [ -48.213073118122374, -21.781114150945097 ], [ -48.21307561954761, -21.781109294309651 ] ] ] } },
{ "type": "Feature", "properties": { "nome": "VALE DO CAMPO", "LAYER": "CONDOMINIOS" }, "geometry": { "type": "Polygon", "coordinates": [ [ [ -48.152931991108233, -21.755440643025402 ], [ -48.152932510582943, -21.755442475734206 ], [ -48.152932338585316, -21.755442792412744 ], [ -48.15292650346111, -21.755455026870816 ], [ -48.152921980120361, -21.755467736709871 ], [ -48.152918812125634, -21.755480799527252 ], [ -48.152917285366236, -21.755491313839713 ], [ -48.152917036399543, -21.755502979059081 ], [ -48.152918012592089, -21.755514610903848 ], [ -48.152918684421287, -21.755518893000222 ], [ -48.152921322431538, -21.755530297313928 ], [ -48.152925144324918, -21.755541405163225 ], [ -48.152930113294737, -21.755552109573514 ], [ -48.152936181487341, -21.755562307455438 ], [ -48.152943290462915, -21.755571900597541 ], [ -48.152947768093746, -21.755577021361265 ], [ -48.152982623383032, -21.755602757050518 ], [ -48.153018582571228, -21.75562303659267 ], [ -48.152992055167509, -21.755671394859753 ], [ -48.152925476434177, -21.755638566148555 ], [ -48.15289631743962, -21.755690173080502 ], [ -48.152889835559279, -21.755686976985476 ], [ -48.152865227314713, -21.755730529750178 ], [ -48.152870355511887, -21.755733058369575 ], [ -48.1528412932782, -21.755784493961428 ], [ -48.152851589837319, -21.755789571005071 ], [ -48.152844803914135, -21.755802345945678 ], [ -48.152799954680731, -21.755784874035843 ], [ -48.152790651406598, -21.755781424944086 ], [ -48.152781031037776, -21.755778844312747 ], [ -48.152778234803961, -21.75577826976847 ], [ -48.152768343170855, -21.755776841253695 ], [ -48.152758349283204, -21.755776325342818 ], [ -48.152748349387409, -21.755776727004399 ], [ -48.152738439787747, -21.755778042370007 ], [ -48.152728715918883, -21.755780258772013 ], [ -48.152719271426818, -21.755783354865468 ], [ -48.15271019726702, -21.75578730083302 ], [ -48.152701088837041, -21.755792363633223 ], [ -48.152689333059904, -21.755801321907981 ], [ -48.152487942944276, -21.755999905264488 ], [ -48.152422331855355, -21.756088784034009 ], [ -48.152377931872664, -21.756167726802278 ], [ -48.152366717439385, -21.756189837265627 ], [ -48.152325315360144, -21.756271465850485 ], [ -48.152307337205706, -21.756306911649769 ], [ -48.152288397560667, -21.756349477535213 ], [ -48.152265247642482, -21.756406805275034 ], [ -48.152241509810082, -21.756480428611418 ], [ -48.152219620624763, -21.75655948072837 ], [ -48.152198150868031, -21.756676666157123 ], [ -48.152179041184702, -21.75685632264258 ], [ -48.152594589127396, -21.756910899151489 ], [ -48.152753009680453, -21.75693128855433 ], [ -48.152900968982195, -21.756958131926037 ], [ -48.152960459258146, -21.7569743838467 ], [ -48.153882571523916, -21.757217196076827 ], [ -48.153905006892288, -21.757229380631617 ], [ -48.155183496733216, -21.757916447524227 ], [ -48.155271485555829, -21.757962436293493 ], [ -48.155297891331365, -21.757964943991794 ], [ -48.155325926956884, -21.757955530779011 ], [ -48.15534772335954, -21.757931931531637 ], [ -48.156176246660564, -21.75602828066809 ], [ -48.156219867922651, -21.755928321186783 ], [ -48.155945251823312, -21.755822571142126 ], [ -48.155899806657231, -21.755805070915716 ], [ -48.155959766723775, -21.755629100676931 ], [ -48.155962405347182, -21.755621887288633 ], [ -48.155965788122138, -21.755614950240066 ], [ -48.155969882470593, -21.755608356338666 ], [ -48.155974648961681, -21.755602169087382 ], [ -48.155976284114516, -21.75560031213314 ], [ -48.155981863809501, -21.755594749782791 ], [ -48.155988000260244, -21.755589725121009 ], [ -48.155994634369428, -21.755585286537887 ], [ -48.155998387230994, -21.755583156253323 ], [ -48.156004406330737, -21.755579637010673 ], [ -48.15601076569952, -21.755576685852571 ], [ -48.156015199299446, -21.755575036451823 ], [ -48.156021989405737, -21.755573095704083 ], [ -48.156028950446654, -21.755571786036999 ], [ -48.156036015383656, -21.755571120063568 ], [ -48.156043116177656, -21.755571104197529 ], [ -48.156047435935875, -21.755571414069593 ], [ -48.156070020311766, -21.755574704973331 ], [ -48.156083255563225, -21.755512338354215 ], [ -48.156148020950056, -21.755524809088648 ], [ -48.156156745128925, -21.755485269596754 ], [ -48.156165593369778, -21.755486973344901 ], [ -48.156178744282961, -21.755427371054783 ], [ -48.156170192207462, -21.755425724334387 ], [ -48.156179774353397, -21.755385520501648 ], [ -48.1561767117893, -21.755384984622918 ], [ -48.156190713341481, -21.755319006689742 ], [ -48.156072301944121, -21.755297464629745 ], [ -48.15606114561114, -21.755295544133336 ], [ -48.156050244505138, -21.755292611352754 ], [ -48.156040955662355, -21.755289219289843 ], [ -48.156030815404073, -21.755284468268187 ], [ -48.156021222469697, -21.755278811629314 ], [ -48.156019950442847, -21.755277965266213 ], [ -48.156004868431538, -21.755266278380851 ], [ -48.155990542223634, -21.755252802118253 ], [ -48.155989402419614, -21.755251609231763 ], [ -48.155946257526814, -21.755204284863847 ], [ -48.155895419314518, -21.755148650965968 ], [ -48.155883963823797, -21.755136114844998 ], [ -48.156118919399567, -21.754981097610017 ], [ -48.155169291580258, -21.753748288048964 ], [ -48.155000770386536, -21.75367912206961 ], [ -48.154873362509456, -21.75359051028305 ], [ -48.154832964391801, -21.753587247138572 ], [ -48.154801262312965, -21.753598417205101 ], [ -48.154662164419513, -21.753756412995806 ], [ -48.154301805964707, -21.754186497975208 ], [ -48.153828851679478, -21.754647619658112 ], [ -48.153325963794067, -21.755037593576478 ], [ -48.152947942136571, -21.755419935976434 ], [ -48.152939633693883, -21.755430851755246 ], [ -48.152931991108233, -21.755440643025402 ] ] ] } },
{ "type": "Feature", "properties": { "nome": "Conjunto Residencial Francisco Xavier", "LAYER": "CONDOMINIOS" }, "geometry": { "type": "Polygon", "coordinates": [ [ [ -48.143596331938063, -21.770957094212097 ], [ -48.143489736913786, -21.771123667411878 ], [ -48.143489997055795, -21.771150923867935 ], [ -48.144389366991803, -21.771664834931389 ], [ -48.144390842370647, -21.771665400254562 ], [ -48.144392337916358, -21.77166591728097 ], [ -48.144393851817448, -21.771666385384396 ], [ -48.144395382240269, -21.771666803997832 ], [ -48.144396927331137, -21.771667172614247 ], [ -48.144398485218581, -21.771667490787184 ], [ -48.144400054015662, -21.771667758131237 ], [ -48.144401631822198, -21.7716679743226 ], [ -48.14440321672712, -21.771668139099425 ], [ -48.144404806810748, -21.771668252262128 ], [ -48.144406400147105, -21.771668313673612 ], [ -48.144407994806343, -21.771668323259547 ], [ -48.144409588856931, -21.771668281008285 ], [ -48.144411180368138, -21.771668186971009 ], [ -48.14441276741227, -21.771668041261623 ], [ -48.144414348067066, -21.771667844056633 ], [ -48.144415920417991, -21.771667595594852 ], [ -48.144417482560584, -21.771667296177263 ], [ -48.144419032602705, -21.771666946166516 ], [ -48.144420568666924, -21.771666545986555 ], [ -48.144422088892725, -21.771666096122075 ], [ -48.144423591438759, -21.77166559711798 ], [ -48.144425074485113, -21.771665049578669 ], [ -48.144426536235471, -21.771664454167336 ], [ -48.144427974919324, -21.771663811605155 ], [ -48.144429388794116, -21.771663122670429 ], [ -48.14443077614731, -21.771662388197608 ], [ -48.144432135298509, -21.771661609076304 ], [ -48.144433464601477, -21.771660786250195 ], [ -48.144434762446124, -21.77165992071593 ], [ -48.144436027260475, -21.771659013521845 ], [ -48.14443725751255, -21.771658065766772 ], [ -48.144438451712226, -21.771657078598654 ], [ -48.144439608413073, -21.771656053213178 ], [ -48.144440726214057, -21.771654990852312 ], [ -48.144441803761275, -21.771653892802824 ], [ -48.144442839749573, -21.771652760394694 ], [ -48.144443832924125, -21.771651594999508 ], [ -48.14444478208199, -21.771650398028839 ], [ -48.14444568607351, -21.771649170932506 ], [ -48.14444654380376, -21.771647915196773 ], [ -48.144715887651316, -21.771224605950469 ], [ -48.144716168118912, -21.771223841681692 ], [ -48.144716420304718, -21.771223068862025 ], [ -48.144716643910897, -21.771222288404264 ], [ -48.144716838673311, -21.771221501230301 ], [ -48.144717004361937, -21.771220708269873 ], [ -48.144717140781061, -21.771219910459582 ], [ -48.144717247769549, -21.771219108741793 ], [ -48.144717325201043, -21.77121830406341 ], [ -48.144717372984076, -21.771217497374934 ], [ -48.144717391062208, -21.771216689629163 ], [ -48.144717379414097, -21.771215881780162 ], [ -48.144717338053489, -21.771215074782116 ], [ -48.144717267029243, -21.771214269588249 ], [ -48.144717166425252, -21.771213467149582 ], [ -48.144717036360348, -21.771212668413941 ], [ -48.144716876988149, -21.771211874324734 ], [ -48.144716688496906, -21.771211085819928 ], [ -48.144716471109255, -21.771210303830841 ], [ -48.144716225081964, -21.771209529281133 ], [ -48.144715950705617, -21.771208763085664 ], [ -48.14471564830432, -21.771208006149436 ], [ -48.144715318235235, -21.771207259366488 ], [ -48.14471496088823, -21.771206523618893 ], [ -48.144714576685395, -21.771205799775682 ], [ -48.144714166080512, -21.771205088691829 ], [ -48.144713729558582, -21.77120439120722 ], [ -48.144713267635218, -21.771203708145695 ], [ -48.14471278085599, -21.77120304031407 ], [ -48.144712269795889, -21.771202388501127 ], [ -48.144711735058536, -21.771201753476792 ], [ -48.144711177275546, -21.771201135991088 ], [ -48.144710597105743, -21.771200536773375 ], [ -48.144709995234393, -21.771199956531444 ], [ -48.144709372372411, -21.771199395950614 ], [ -48.144708729255484, -21.771198855693019 ], [ -48.144708066643226, -21.771198336396797 ], [ -48.144707385318277, -21.771197838675331 ], [ -48.144706686085406, -21.771197363116471 ], [ -48.144705969770506, -21.771196910281944 ], [ -48.14470523721964, -21.771196480706621 ], [ -48.144704489298086, -21.77119607489789 ], [ -48.144703726889233, -21.771195693335059 ], [ -48.144702950893617, -21.771195336468836 ], [ -48.144702162227787, -21.771195004720724 ], [ -48.144701361823294, -21.771194698482564 ], [ -48.144700550625537, -21.771194418116075 ], [ -48.144699729592652, -21.771194163952401 ], [ -48.144424537967019, -21.771031062331275 ], [ -48.143769098764231, -21.770862289488576 ], [ -48.143639742880815, -21.770914482984519 ], [ -48.143636770889287, -21.770915979557323 ], [ -48.143633856926648, -21.770917572584043 ], [ -48.143631004579277, -21.770919260104044 ], [ -48.143628217357701, -21.770921040040431 ], [ -48.14362549869233, -21.770922910202486 ], [ -48.143622851929166, -21.770924868288567 ], [ -48.143620280325713, -21.770926911888704 ], [ -48.143617787047006, -21.770929038487736 ], [ -48.143615375161659, -21.770931245468347 ], [ -48.143613047638105, -21.77093353011427 ], [ -48.143610807340963, -21.770935889613696 ], [ -48.143608657027499, -21.77093832106263 ], [ -48.143606599344217, -21.770940821468553 ], [ -48.143604636823632, -21.770943387754112 ], [ -48.14360277188112, -21.770946016760803 ], [ -48.143601006811998, -21.770948705252991 ], [ -48.143599343788601, -21.770951449921764 ], [ -48.143597784857739, -21.770954247389124 ], [ -48.143596331938063, -21.770957094212097 ] ] ] } },
{ "type": "Feature", "properties": { "nome": "Residencial Manoel Rodrigues", "LAYER": "CONDOMINIOS" }, "geometry": { "type": "Polygon", "coordinates": [ [ [ -48.140887516111754, -21.769895774009424 ], [ -48.140891423644156, -21.769895904402947 ], [ -48.140895324071536, -21.769896160147788 ], [ -48.140899212786437, -21.769896540941868 ], [ -48.140903085195262, -21.769897046335338 ], [ -48.140906936723681, -21.769897675731222 ], [ -48.140910762822003, -21.769898428386021 ], [ -48.140914558970607, -21.769899303410664 ], [ -48.14091832068523, -21.769900299771496 ], [ -48.140922043522302, -21.769901416291574 ], [ -48.140925723084145, -21.769902651651982 ], [ -48.140929355024234, -21.769904004393453 ], [ -48.140932935052284, -21.769905472918015 ], [ -48.140936458939336, -21.76990705549095 ], [ -48.140939922522733, -21.769908750242855 ], [ -48.14094332171107, -21.769910555171755 ], [ -48.140946652489006, -21.769912468145545 ], [ -48.140949910922004, -21.769914486904511 ], [ -48.140953093160974, -21.769916609063955 ], [ -48.140956195446854, -21.769918832117071 ], [ -48.140967774196994, -21.769925169845706 ], [ -48.141000258708544, -21.769112290344733 ], [ -48.140509840887496, -21.76909465226699 ], [ -48.140508730214464, -21.769094794377555 ], [ -48.140507625369942, -21.769094971753677 ], [ -48.140506527636852, -21.769095184189396 ], [ -48.140505438289949, -21.769095431438039 ], [ -48.140504358594157, -21.769095713212469 ], [ -48.140503289803284, -21.769096029185498 ], [ -48.140502233158379, -21.769096378990199 ], [ -48.140501189886471, -21.7690967622204 ], [ -48.140500161199014, -21.769097178431071 ], [ -48.140499148290537, -21.769097627138908 ], [ -48.140498152337237, -21.769098107822852 ], [ -48.140497174495643, -21.76909861992473 ], [ -48.140496215901237, -21.769099162849884 ], [ -48.140495277667156, -21.769099735967863 ], [ -48.14049436088289, -21.76910033861315 ], [ -48.14049346661303, -21.76910097008593 ], [ -48.140492595896013, -21.769101629652948 ], [ -48.140491749742935, -21.769102316548295 ], [ -48.140490929136355, -21.769103029974332 ], [ -48.140490135029182, -21.769103769102621 ], [ -48.140489368343545, -21.76910453307487 ], [ -48.140488629969731, -21.769105321003956 ], [ -48.140487920765153, -21.769106131974898 ], [ -48.140487241553359, -21.769106965045996 ], [ -48.140486593123043, -21.769107819249893 ], [ -48.140485976227204, -21.769108693594649 ], [ -48.140485391582153, -21.769109587064957 ], [ -48.140484839866822, -21.769110498623316 ], [ -48.140484321721857, -21.769111427211211 ], [ -48.140483837748953, -21.769112371750346 ], [ -48.140483388510091, -21.769113331143895 ], [ -48.140482974526932, -21.769114304277807 ], [ -48.140482596280229, -21.769115290022054 ], [ -48.140482254209175, -21.769116287231988 ], [ -48.14048194871102, -21.769117294749627 ], [ -48.140481680140482, -21.769118311405006 ], [ -48.14057556831861, -21.769908846040249 ], [ -48.140599698098875, -21.769943631329731 ], [ -48.14087266448859, -21.769896424666534 ], [ -48.140876366865875, -21.7698960919519 ], [ -48.140880078908459, -21.769895872467988 ], [ -48.140883796648431, -21.769895766449388 ], [ -48.140887516111754, -21.769895774009424 ] ] ] } },
{ "type": "Feature", "properties": { "nome": "Condomínio Manoel Rodrigues", "LAYER": "CONDOMINIOS" }, "geometry": { "type": "Polygon", "coordinates": [ [ [ -48.141544368294547, -21.77041743507014 ], [ -48.141069820023347, -21.771231995115048 ], [ -48.141221560535747, -21.771312130922155 ], [ -48.141235299678868, -21.771289415621244 ], [ -48.141332292908828, -21.771338424546414 ], [ -48.141324696088148, -21.77135042806556 ], [ -48.141370044776025, -21.771374433087686 ], [ -48.141381840809821, -21.771355310752064 ], [ -48.141426109091725, -21.77137721239032 ], [ -48.141367137405901, -21.771482866830727 ], [ -48.141458453596378, -21.771523758736816 ], [ -48.142104717757817, -21.77128579834746 ], [ -48.142109685377456, -21.77128373960818 ], [ -48.142114575268899, -21.771281524453215 ], [ -48.142119381789264, -21.771279155438876 ], [ -48.142124099391872, -21.771276635298953 ], [ -48.142128722632663, -21.77127396694166 ], [ -48.142133246176456, -21.771271153446268 ], [ -48.142137664803116, -21.771268198059534 ], [ -48.142141973413608, -21.771265104191929 ], [ -48.14214616703584, -21.771261875413746 ], [ -48.142150240830411, -21.771258515450977 ], [ -48.142154190096207, -21.771255028180981 ], [ -48.142158010275828, -21.771251417628022 ], [ -48.142161696960819, -21.771247687958667 ], [ -48.142165245896798, -21.771243843476899 ], [ -48.142168652988339, -21.771239888619224 ], [ -48.142171914303688, -21.771235827949496 ], [ -48.142175026079357, -21.771231666153696 ], [ -48.142177984724363, -21.771227408034509 ], [ -48.142379681833667, -21.770873730457019 ], [ -48.142361898125642, -21.7708121514334 ], [ -48.141600133888794, -21.770399746601452 ], [ -48.141598942789898, -21.770399137331644 ], [ -48.141597729891345, -21.770398566818432 ], [ -48.141596496637945, -21.770398035741426 ], [ -48.141595244498788, -21.770397544733257 ], [ -48.14159397496541, -21.77039709437879 ], [ -48.141592689550116, -21.770396685214539 ], [ -48.141591389784118, -21.770396317727869 ], [ -48.141590077215703, -21.770395992356551 ], [ -48.141588753408428, -21.77039570948817 ], [ -48.141587419939228, -21.770395469459682 ], [ -48.141586078396557, -21.770395272557032 ], [ -48.141584730378483, -21.770395119014722 ], [ -48.141583377490754, -21.770395009015719 ], [ -48.141582021344988, -21.770394942691002 ], [ -48.141580663556617, -21.770394920119621 ], [ -48.141579305743079, -21.770394941328419 ], [ -48.14157794952181, -21.770395006292155 ], [ -48.141576596508358, -21.77039511493345 ], [ -48.14157524831446, -21.770395267122876 ], [ -48.1415739065461, -21.770395462679147 ], [ -48.141572572801607, -21.770395701369321 ], [ -48.141571248669763, -21.770395982909054 ], [ -48.141569935727894, -21.770396306962962 ], [ -48.14156863553999, -21.770396673145058 ], [ -48.141567349654856, -21.770397081019119 ], [ -48.141566079604253, -21.770397530099288 ], [ -48.141564826901089, -21.770398019850607 ], [ -48.141563593037596, -21.770398549689695 ], [ -48.141562379483567, -21.770399118985367 ], [ -48.141561187684623, -21.770399727059491 ], [ -48.141560019060442, -21.77040037318773 ], [ -48.141558875003099, -21.770401056600402 ], [ -48.141557756875414, -21.770401776483382 ], [ -48.141556666009329, -21.770402531979183 ], [ -48.14155560370429, -21.7704033221878 ], [ -48.141554571225726, -21.770404146167987 ], [ -48.141553569803555, -21.770405002938151 ], [ -48.141552600630675, -21.770405891477722 ], [ -48.141551664861581, -21.770406810728243 ], [ -48.141550763610979, -21.770407759594711 ], [ -48.141549897952451, -21.770408736946795 ], [ -48.141549068917179, -21.770409741620284 ], [ -48.141548277492717, -21.770410772418376 ], [ -48.141547524621842, -21.770411828113193 ], [ -48.14154681120138, -21.770412907447149 ], [ -48.141546138081146, -21.770414009134548 ], [ -48.14154550606299, -21.770415131863029 ], [ -48.141544915899793, -21.770416274295183 ], [ -48.141544368294547, -21.77041743507014 ] ] ] } },
{ "type": "Feature", "properties": { "nome": "VALE DAS ROSAS II", "LAYER": "CONDOMINIOS" }, "geometry": { "type": "Polygon", "coordinates": [ [ [ -48.171296198722921, -21.762230522508098 ], [ -48.171311663495366, -21.762135065112524 ], [ -48.171315174491923, -21.762135658313845 ], [ -48.171323303793173, -21.762090684476643 ], [ -48.171318651793463, -21.762089915267516 ], [ -48.171339383234759, -21.761961654432938 ], [ -48.171356323018138, -21.761856149690178 ], [ -48.171360648918714, -21.761856543483397 ], [ -48.171366588853338, -21.761818781745163 ], [ -48.17136292143784, -21.761818541132953 ], [ -48.171389761713449, -21.761650970657811 ], [ -48.171404493606126, -21.761565179069137 ], [ -48.171409793608902, -21.761565692160339 ], [ -48.171413492724611, -21.761526939696786 ], [ -48.171408930112861, -21.761526571316256 ], [ -48.171433191630392, -21.761380246222814 ], [ -48.171449846990974, -21.761276003212782 ], [ -48.171454751061567, -21.761276223004899 ], [ -48.171461211987143, -21.761232957961937 ], [ -48.171457106061098, -21.761232727115772 ], [ -48.171482636556817, -21.76107302047069 ], [ -48.171504523526004, -21.76093370345265 ], [ -48.17150974460003, -21.76093422500832 ], [ -48.171515308792294, -21.76089471266166 ], [ -48.171511237790853, -21.760894440759241 ], [ -48.171526711976256, -21.760799428311593 ], [ -48.171540367665138, -21.760710095736677 ], [ -48.171542403610246, -21.760691259146952 ], [ -48.171541996778679, -21.760679848432584 ], [ -48.17153959571295, -21.760665555001466 ], [ -48.171536922269134, -21.760653268276229 ], [ -48.171533758524674, -21.760645436845383 ], [ -48.171528446900155, -21.760635746580004 ], [ -48.171520143876606, -21.760623840299242 ], [ -48.171514115053348, -21.760616764149287 ], [ -48.171506637299487, -21.760609283874466 ], [ -48.171500141982207, -21.760603936781738 ], [ -48.171489460462261, -21.760598031668383 ], [ -48.17147792143772, -21.760592629020984 ], [ -48.1714720468078, -21.760591020991157 ], [ -48.171464079398469, -21.76059027189249 ], [ -48.171463669593017, -21.760586622123789 ], [ -48.171419547695592, -21.760590276370319 ], [ -48.171419230579218, -21.760594190723619 ], [ -48.1713903508494, -21.760597290805954 ], [ -48.171389876126241, -21.760592789860073 ], [ -48.171324716978269, -21.760597657612749 ], [ -48.171191015419673, -21.760610106782568 ], [ -48.171191397990754, -21.76061353560981 ], [ -48.171156008855419, -21.76061636431259 ], [ -48.171155492924193, -21.760612502072625 ], [ -48.171093705068294, -21.760618127167422 ], [ -48.171002439751469, -21.760626543305651 ], [ -48.170890128102833, -21.760636099215017 ], [ -48.170789914966583, -21.760644244451072 ], [ -48.170715843541686, -21.760651075994769 ], [ -48.170715928626798, -21.760654685995508 ], [ -48.170671799025143, -21.760658602037786 ], [ -48.170671700705675, -21.76065391144893 ], [ -48.170599591474762, -21.760660121900017 ], [ -48.170522832308784, -21.760668174621497 ], [ -48.170523223939199, -21.760671677095718 ], [ -48.170488317307885, -21.760674528481069 ], [ -48.170487948745972, -21.760670240007286 ], [ -48.170423312549737, -21.760676431755414 ], [ -48.170329514507387, -21.760685380543343 ], [ -48.17032967571744, -21.76068831077956 ], [ -48.170286421767813, -21.760691871550662 ], [ -48.170286090274161, -21.760685937431177 ], [ -48.170231771276519, -21.760690536640521 ], [ -48.170135691244617, -21.760699133287538 ], [ -48.170048441037927, -21.760707043292665 ], [ -48.16988815343565, -21.760721487226995 ], [ -48.169888625544708, -21.760724668136088 ], [ -48.169844429683586, -21.760728512549356 ], [ -48.169844029254662, -21.760725586980474 ], [ -48.16977637775377, -21.76073078542316 ], [ -48.169677036793793, -21.76073844755917 ], [ -48.169608397621282, -21.760744669648751 ], [ -48.1695872517666, -21.760746586498733 ], [ -48.169534009471093, -21.760751477474113 ], [ -48.169534378869002, -21.760755458526077 ], [ -48.169502128359831, -21.760758921884729 ], [ -48.169501302871879, -21.760753524315483 ], [ -48.16941405837386, -21.760761052141238 ], [ -48.169301825699847, -21.760770887581543 ], [ -48.16923014815022, -21.760778359407475 ], [ -48.169230282867368, -21.760781088048347 ], [ -48.169197029352738, -21.760783268713297 ], [ -48.169196687359062, -21.760779510180598 ], [ -48.169137306189334, -21.760783895379642 ], [ -48.169038616687807, -21.760793253273075 ], [ -48.168924093152029, -21.76080213199841 ], [ -48.168837531141065, -21.760810300180538 ], [ -48.168785244791259, -21.760815764635108 ], [ -48.168785574894997, -21.760818772907218 ], [ -48.168736939794961, -21.760823168875085 ], [ -48.16873633849891, -21.760818611499651 ], [ -48.168668098521913, -21.760824586628157 ], [ -48.168645491121296, -21.76082825433252 ], [ -48.168616561824102, -21.760834179126658 ], [ -48.168569998481949, -21.760844289702256 ], [ -48.168548945103318, -21.760850120276611 ], [ -48.168478800668396, -21.760872006921865 ], [ -48.168444583071746, -21.76088466214556 ], [ -48.168415193211501, -21.760898940823651 ], [ -48.168394539901115, -21.760910616453536 ], [ -48.168361691805202, -21.760929185971055 ], [ -48.168329434099029, -21.760948281796921 ], [ -48.168302251085194, -21.760966757533154 ], [ -48.168273070374894, -21.76099123460013 ], [ -48.168242101502081, -21.761021126844405 ], [ -48.168205354929569, -21.761059004538641 ], [ -48.16817702749065, -21.76109139380516 ], [ -48.168164353158325, -21.761105793915714 ], [ -48.168167114222115, -21.761107301115771 ], [ -48.168138894964912, -21.761140242406402 ], [ -48.168136132528659, -21.76113839716243 ], [ -48.168068065050711, -21.761217365110625 ], [ -48.168030041978476, -21.761260565405443 ], [ -48.168033532577461, -21.761263422187394 ], [ -48.16800576611837, -21.761294811750382 ], [ -48.168002177822324, -21.761291815151552 ], [ -48.167941417711184, -21.761361167822013 ], [ -48.167909804116185, -21.761397592399302 ], [ -48.167914259810971, -21.761401097088122 ], [ -48.167891775244712, -21.761426358101552 ], [ -48.167888046339989, -21.761423526905322 ], [ -48.167845837780206, -21.76147326399439 ], [ -48.167806137769631, -21.761518861300477 ], [ -48.167810644136132, -21.761521796900279 ], [ -48.167776425096534, -21.761560267309154 ], [ -48.167772916235151, -21.761557262175593 ], [ -48.167726905672581, -21.761610112989388 ], [ -48.167660747829792, -21.761687598008979 ], [ -48.16766421859186, -21.761689922257467 ], [ -48.167627805708413, -21.761732059630447 ], [ -48.167623949373073, -21.761729001640894 ], [ -48.167609063751932, -21.761746369247881 ], [ -48.167536024027086, -21.761831824933257 ], [ -48.167501210451547, -21.761872669260601 ], [ -48.167504940772837, -21.76187503114507 ], [ -48.167484764058798, -21.761899729969684 ], [ -48.16748157855266, -21.761897570811261 ], [ -48.167454837685618, -21.761931269565856 ], [ -48.167395890340714, -21.762006203861048 ], [ -48.167378193313041, -21.762028558386014 ], [ -48.167363140586353, -21.762047572676163 ], [ -48.167366969588961, -21.76205040950504 ], [ -48.167335873870421, -21.762090927639314 ], [ -48.167332838620297, -21.762089013744241 ], [ -48.167261780021803, -21.762187590413955 ], [ -48.167219554632219, -21.762247723135438 ], [ -48.167223820661903, -21.762250214032104 ], [ -48.167211455681738, -21.762267294181999 ], [ -48.16720387626053, -21.762277763880689 ], [ -48.167200347770532, -21.762275417580632 ], [ -48.167158897699601, -21.762334383467984 ], [ -48.167099997750185, -21.762417791447451 ], [ -48.167043458753199, -21.762497657848307 ], [ -48.166996861668252, -21.762564798444 ], [ -48.16697177029355, -21.762600523016783 ], [ -48.166975939193506, -21.76260287498339 ], [ -48.166974523565379, -21.762605978435857 ], [ -48.166971258370246, -21.76261320328404 ], [ -48.166968380322295, -21.762622590178566 ], [ -48.166966202289721, -21.762637317686174 ], [ -48.166964350869094, -21.762637218472204 ], [ -48.166964222231655, -21.762641677263936 ], [ -48.166965850969135, -21.762646768341035 ], [ -48.166973008643424, -21.762658098805677 ], [ -48.166977564847208, -21.762664555121688 ], [ -48.166980637628257, -21.762661273009218 ], [ -48.167010771521056, -21.762678642694684 ], [ -48.167009574406364, -21.762681573179893 ], [ -48.167044364573833, -21.762685180794051 ], [ -48.167044462941895, -21.762681771129568 ], [ -48.167173490428738, -21.762671147387373 ], [ -48.167173612121992, -21.762674720088697 ], [ -48.167227108448039, -21.762669550135531 ], [ -48.167227076321623, -21.762666378652863 ], [ -48.167328848731309, -21.762657796779607 ], [ -48.167329002238567, -21.762660656357721 ], [ -48.167362415533646, -21.762658622742748 ], [ -48.167362180023332, -21.762655099663853 ], [ -48.167462022093417, -21.762646427005009 ], [ -48.167462222705929, -21.76264999119903 ], [ -48.167496727020058, -21.762646756711227 ], [ -48.16749631545953, -21.762643103203292 ], [ -48.167636536221806, -21.762630525242361 ], [ -48.167637008474905, -21.762634022797709 ], [ -48.167689489589179, -21.762629373021163 ], [ -48.167689234301712, -21.762625366492887 ], [ -48.167828626557188, -21.762613848850613 ], [ -48.16782892431408, -21.762617551981879 ], [ -48.167853212528925, -21.762615120064851 ], [ -48.167852932994663, -21.762611564378233 ], [ -48.167992788054114, -21.762599585819519 ], [ -48.167993368109727, -21.762603632038033 ], [ -48.168025600643773, -21.762600455612667 ], [ -48.168025365117039, -21.762596932532983 ], [ -48.168127413597247, -21.762587349226312 ], [ -48.168127931421282, -21.762591215393108 ], [ -48.168159992546464, -21.762588916526067 ], [ -48.168159845040165, -21.762585458660315 ], [ -48.168221795576187, -21.762579787726629 ], [ -48.168302417987391, -21.762573149439671 ], [ -48.168302183144007, -21.762577395578234 ], [ -48.168360845163264, -21.762571967101092 ], [ -48.168360653640157, -21.762568476628005 ], [ -48.168500007860665, -21.762556327513238 ], [ -48.168500387642723, -21.762560694145872 ], [ -48.168533785623424, -21.762557242549011 ], [ -48.168533427160199, -21.762553695370023 ], [ -48.168633741099796, -21.762544634932375 ], [ -48.168634588341995, -21.762549548801307 ], [ -48.168669975794742, -21.762545695905558 ], [ -48.168669187868446, -21.762542232384149 ], [ -48.168789318289228, -21.76253155851245 ], [ -48.168808988204702, -21.762529810785416 ], [ -48.168809296647837, -21.762533923644565 ], [ -48.16886033153083, -21.762529541478617 ], [ -48.168859573853616, -21.762525028828382 ], [ -48.168961714779989, -21.762514575916498 ], [ -48.168961944497156, -21.762520639589972 ], [ -48.16898583057408, -21.762518512327794 ], [ -48.168985673935516, -21.762514980738295 ], [ -48.169086881672094, -21.762505711586844 ], [ -48.169086903361617, -21.76251041565245 ], [ -48.169120912799954, -21.762507084066399 ], [ -48.169139917050025, -21.762505222394907 ], [ -48.169139336961756, -21.762501176176958 ], [ -48.169189468904669, -21.762496928617889 ], [ -48.1692793346391, -21.762489704052456 ], [ -48.169279500397316, -21.762493309364803 ], [ -48.169331983021095, -21.762488995059474 ], [ -48.169331468263962, -21.762485800902468 ], [ -48.169388605138273, -21.762480648556192 ], [ -48.169432639622812, -21.762476929743119 ], [ -48.169433352388523, -21.762481740927168 ], [ -48.169528066346707, -21.762473403504032 ], [ -48.169654375812158, -21.76246115001025 ], [ -48.169752006171073, -21.762452872668785 ], [ -48.169797327624913, -21.762448567896154 ], [ -48.169800707571994, -21.762442907015725 ], [ -48.169820415197108, -21.762431874525042 ], [ -48.169871802668453, -21.762428784181811 ], [ -48.169899683738656, -21.762438663793919 ], [ -48.169939709934546, -21.762437128659748 ], [ -48.169939113744078, -21.762432939242018 ], [ -48.170040617865133, -21.762424880094294 ], [ -48.170041193138843, -21.762428250924081 ], [ -48.170074347468535, -21.762425774360207 ], [ -48.170073971230572, -21.762421747886929 ], [ -48.170176829382235, -21.762412349380462 ], [ -48.170176906759124, -21.76241622137918 ], [ -48.170227711883179, -21.762412297974695 ], [ -48.170227431313698, -21.762408074679204 ], [ -48.170310837024388, -21.762401398286144 ], [ -48.1703780897925, -21.762395672112504 ], [ -48.170378552636336, -21.762399428116655 ], [ -48.170410936039026, -21.76239718347378 ], [ -48.170410500420488, -21.762393648411013 ], [ -48.17051102763682, -21.762384798367837 ], [ -48.170511754432553, -21.76238874990457 ], [ -48.170565647398789, -21.762384905372617 ], [ -48.170565394045674, -21.76238090301802 ], [ -48.17070460816656, -21.76236905695318 ], [ -48.17070442652593, -21.762371800127084 ], [ -48.170738393617469, -21.762370728612321 ], [ -48.170738120722071, -21.762366243316112 ], [ -48.170819413059924, -21.762370315107429 ], [ -48.170879298572373, -21.762373252061359 ], [ -48.170878540129962, -21.762376504877079 ], [ -48.170929602524382, -21.762386022784291 ], [ -48.170930988064285, -21.762381695268417 ], [ -48.170987425753204, -21.762397202856523 ], [ -48.171047147444938, -21.762415678573571 ], [ -48.171045497325188, -21.762417534676619 ], [ -48.171076410388331, -21.762430931654926 ], [ -48.171078214161355, -21.762428051670508 ], [ -48.171164960703365, -21.762465677112271 ], [ -48.17116279869748, -21.762468894035983 ], [ -48.171177082844125, -21.762474188624005 ], [ -48.171188244975681, -21.762477505067746 ], [ -48.171202721219146, -21.762480465772473 ], [ -48.171211810196844, -21.762480907962516 ], [ -48.171220522153092, -21.762479263913477 ], [ -48.171226327136893, -21.762476737958721 ], [ -48.171232848588105, -21.76247353812682 ], [ -48.171240610994516, -21.762467108303706 ], [ -48.171247994354175, -21.762455980711696 ], [ -48.171256731103107, -21.762441237952391 ], [ -48.171261087364449, -21.762429875630502 ], [ -48.171263474352564, -21.762421672235362 ], [ -48.17126606742292, -21.762410275311659 ], [ -48.171271675396611, -21.762411016530436 ], [ -48.171278232777944, -21.762369830571203 ], [ -48.171273494174201, -21.762369331829881 ], [ -48.171284781116924, -21.762300998369753 ], [ -48.171296198722921, -21.762230522508098 ] ] ] } },
{ "type": "Feature", "properties": { "nome": "VILLA DE FIORI", "LAYER": "CONDOMINIOS" }, "geometry": { "type": "Polygon", "coordinates": [ [ [ -48.184939297619259, -21.766341054319216 ], [ -48.185075335568754, -21.766354072684923 ], [ -48.185085345123163, -21.766355030560508 ], [ -48.185079274124639, -21.766400785537805 ], [ -48.185079148174431, -21.766401734779727 ], [ -48.185078543887002, -21.766401674311918 ], [ -48.185046881429358, -21.76639850601595 ], [ -48.18504142888716, -21.766446051105408 ], [ -48.185041381583389, -21.766446463584735 ], [ -48.185035736181099, -21.766495690324227 ], [ -48.18503493847119, -21.766502646185412 ], [ -48.185022839200542, -21.766501435472307 ], [ -48.185020555089899, -21.76652135241202 ], [ -48.185032654362168, -21.76652256312547 ], [ -48.185031815540384, -21.766529877469114 ], [ -48.185027262231976, -21.766569581308573 ], [ -48.185024939655413, -21.766590614717856 ], [ -48.185013183967044, -21.766697074872773 ], [ -48.184969158263513, -21.766692983079082 ], [ -48.184936458878219, -21.766689943957214 ], [ -48.184901881224633, -21.766686730259746 ], [ -48.184900146799315, -21.766696182631321 ], [ -48.184898475683923, -21.766706427359814 ], [ -48.184896883403226, -21.766717272270309 ], [ -48.184886526998326, -21.76674519381282 ], [ -48.184856780789133, -21.766796820842323 ], [ -48.18476529533762, -21.7676019453301 ], [ -48.18478453664671, -21.767637575950957 ], [ -48.185207529560834, -21.76772876342795 ], [ -48.18527992703752, -21.76766983920183 ], [ -48.185776749696494, -21.767266768738089 ], [ -48.186044900573613, -21.767056934095049 ], [ -48.186598042671946, -21.766685222056466 ], [ -48.186435531185438, -21.766479790725459 ], [ -48.18644323972034, -21.766481587480797 ], [ -48.186440866744803, -21.766479257606647 ], [ -48.186458462704294, -21.76647749945101 ], [ -48.186477030538832, -21.766472983063217 ], [ -48.186497968682602, -21.766463354820239 ], [ -48.1865154956065, -21.766453427511447 ], [ -48.18652900008609, -21.76644261850479 ], [ -48.186537217317927, -21.766432878374673 ], [ -48.186542317723479, -21.766424764087784 ], [ -48.186549049144666, -21.766409356944592 ], [ -48.186552402348624, -21.766397026763247 ], [ -48.186552960959979, -21.766393337291689 ], [ -48.186555284476356, -21.766377991113821 ], [ -48.18655529479215, -21.76636650622418 ], [ -48.186553568065548, -21.766353070287671 ], [ -48.186550782485575, -21.766340024960893 ], [ -48.186544384799738, -21.766321403502531 ], [ -48.186541801614574, -21.766316919694805 ], [ -48.186537723396192, -21.766309840857101 ], [ -48.186532354336805, -21.7663021623401 ], [ -48.186521545562513, -21.766291268646672 ], [ -48.186511463393678, -21.766283709624595 ], [ -48.186499701192453, -21.766275882908928 ], [ -48.186482061806309, -21.766268079104737 ], [ -48.186472582674227, -21.766264790731007 ], [ -48.186453508067174, -21.766260454968485 ], [ -48.186442569504344, -21.76626013812961 ], [ -48.186413315936086, -21.766262196218964 ], [ -48.186392587866209, -21.766268420481936 ], [ -48.18637293582929, -21.766275634810768 ], [ -48.186363309715084, -21.766281542611729 ], [ -48.186353337095355, -21.766290754854253 ], [ -48.186342496350974, -21.76630336992682 ], [ -48.186336963926934, -21.766312263618175 ], [ -48.186331492802481, -21.766323185832416 ], [ -48.186325029982029, -21.766338446855062 ], [ -48.186311035792457, -21.766320416006831 ], [ -48.186307409384106, -21.766315743551111 ], [ -48.186246973941685, -21.76623787529013 ], [ -48.186012726843416, -21.765939525356224 ], [ -48.186003328549944, -21.765927635524573 ], [ -48.186018585900861, -21.765927416351637 ], [ -48.186038251887666, -21.76592385033231 ], [ -48.186063280850121, -21.765913258617324 ], [ -48.186077607552996, -21.765904089327826 ], [ -48.18608644183621, -21.765896587748717 ], [ -48.186097515863644, -21.765885182770649 ], [ -48.186106006259273, -21.765873192171689 ], [ -48.186111590663231, -21.765862226499749 ], [ -48.186117414831919, -21.765843711246749 ], [ -48.18612093111669, -21.765830143422626 ], [ -48.186121900755893, -21.765817520831096 ], [ -48.186120397402377, -21.765800155116665 ], [ -48.186116597510789, -21.765787198240581 ], [ -48.186111591697966, -21.76577288329452 ], [ -48.186106198262429, -21.765762182035445 ], [ -48.186096043687797, -21.765747461275826 ], [ -48.186090386245461, -21.765741625951506 ], [ -48.186085137873505, -21.765736088990696 ], [ -48.186080729008921, -21.765732873293043 ], [ -48.186075850005629, -21.765729519763646 ], [ -48.186060390662547, -21.76572070505512 ], [ -48.186052794551628, -21.765717625560054 ], [ -48.186031936579688, -21.765711503973311 ], [ -48.186018039864656, -21.76570957107155 ], [ -48.186002587908355, -21.765708622919338 ], [ -48.185986438630117, -21.76570955869088 ], [ -48.185972971030232, -21.765712450402326 ], [ -48.185959808852594, -21.76571672696668 ], [ -48.185946170940269, -21.765723322508244 ], [ -48.185932808614055, -21.765731076067404 ], [ -48.185924680204472, -21.765737383527981 ], [ -48.185913837635368, -21.765747111644778 ], [ -48.185905203654173, -21.765755511246947 ], [ -48.185874787110173, -21.765715860114092 ], [ -48.18578881208289, -21.765603782577148 ], [ -48.184979513169452, -21.765713185887478 ], [ -48.184927812194509, -21.766183357043953 ], [ -48.184947427258919, -21.766286243370633 ], [ -48.184945200134905, -21.766299325280077 ], [ -48.184944940517589, -21.766301413582024 ], [ -48.184939297619259, -21.766341054319216 ] ] ] } },
{ "type": "Feature", "properties": { "nome": "RESIDENCIAL BOUNGANVILLE", "LAYER": "CONDOMINIOS" }, "geometry": { "type": "Polygon", "coordinates": [ [ [ -48.166281902122662, -21.75324372456878 ], [ -48.166198317449343, -21.753248992514571 ], [ -48.165985718827955, -21.753263191784988 ], [ -48.165607504533313, -21.753286202319579 ], [ -48.165187588792918, -21.753311716430769 ], [ -48.164777352956406, -21.753336271719704 ], [ -48.164403105705325, -21.753359732955794 ], [ -48.164182737664937, -21.753372856122446 ], [ -48.164174098519837, -21.753374788367857 ], [ -48.164165669878813, -21.753377414353096 ], [ -48.164157515282895, -21.753380714281715 ], [ -48.164149696207161, -21.753384663276563 ], [ -48.164142271597349, -21.753389231567159 ], [ -48.164135297425396, -21.753394384714639 ], [ -48.164128826267586, -21.753400083870968 ], [ -48.16412290690814, -21.753406286071709 ], [ -48.164117583971404, -21.753412944560441 ], [ -48.164112897585539, -21.753420009140669 ], [ -48.164108883079926, -21.753427426554662 ], [ -48.164105570718839, -21.753435140884566 ], [ -48.164102985473335, -21.753443093974425 ], [ -48.164099964900707, -21.753446103045821 ], [ -48.164314720318259, -21.755605779861167 ], [ -48.16552083200083, -21.755500121374968 ], [ -48.165524071292793, -21.755532192767532 ], [ -48.165621798509392, -21.755523578779655 ], [ -48.16561847386911, -21.755490662598724 ], [ -48.166652459530006, -21.755401330813868 ], [ -48.166624327332144, -21.755130693388868 ], [ -48.166614401365194, -21.755029460160571 ], [ -48.166595855286488, -21.754847775125572 ], [ -48.166578781512122, -21.754680377068546 ], [ -48.166561851160594, -21.754513045778079 ], [ -48.166545525397673, -21.754344419879313 ], [ -48.166515288341436, -21.75404175469993 ], [ -48.166480353108462, -21.753691408116925 ], [ -48.166467917669273, -21.753572660103561 ], [ -48.166441053387295, -21.753316128466771 ], [ -48.166439596705153, -21.753304760105472 ], [ -48.166432935101327, -21.753288992278229 ], [ -48.166421896698303, -21.753272975882357 ], [ -48.16641059221751, -21.753261048241246 ], [ -48.166394711378572, -21.753251938596708 ], [ -48.166373293022318, -21.753243540427405 ], [ -48.166358173785902, -21.75323960386601 ], [ -48.166343882668365, -21.75323981820096 ], [ -48.166281902122662, -21.75324372456878 ] ] ] } },
{ "type": "Feature", "properties": { "nome": "Condomínio Residencial Nascente do Jaraguá", "LAYER": "CONDOMINIOS" }, "geometry": { "type": "Polygon", "coordinates": [ [ [ -48.197952945963948, -21.780834202415456 ], [ -48.197947562761158, -21.780833018284525 ], [ -48.197948105976323, -21.780831436732161 ], [ -48.197949455107846, -21.780823721806971 ], [ -48.197950041220928, -21.780815924952666 ], [ -48.197949859321078, -21.780808112610927 ], [ -48.197948910958473, -21.780800351355385 ], [ -48.197947204214842, -21.780792707324242 ], [ -48.197944753634424, -21.78078524565678 ], [ -48.197941580100206, -21.780778029938315 ], [ -48.197937710655843, -21.780771121658102 ], [ -48.197933396724018, -21.780764866422537 ], [ -48.197928388883973, -21.780758717154821 ], [ -48.197922785851254, -21.780753022767108 ], [ -48.197916635839064, -21.780747832252942 ], [ -48.197909991763602, -21.780743190272734 ], [ -48.197902910792102, -21.780739136767142 ], [ -48.197895453850911, -21.780735706613552 ], [ -48.1978876851013, -21.780732929325715 ], [ -48.19788353725108, -21.780731749496635 ], [ -48.197844186443291, -21.78071303514999 ], [ -48.197802883639156, -21.780693392463771 ], [ -48.197702704162204, -21.780636509068241 ], [ -48.197571571739154, -21.780562292757228 ], [ -48.197437553256762, -21.780487291685979 ], [ -48.197307322386955, -21.780414419499579 ], [ -48.197190102551971, -21.780349154698264 ], [ -48.197065741574605, -21.780279913756061 ], [ -48.196967261807416, -21.780225082687327 ], [ -48.19692676122073, -21.780202532946976 ], [ -48.196854572389455, -21.780175680640582 ], [ -48.196764645589539, -21.780157651944414 ], [ -48.196654835768186, -21.780159656296281 ], [ -48.196550842899157, -21.780184878391413 ], [ -48.196440963358391, -21.780237827811447 ], [ -48.19636785000575, -21.780295798615008 ], [ -48.196246475148541, -21.780405268278088 ], [ -48.196221154526356, -21.780440932661868 ], [ -48.196165664326159, -21.780519091155217 ], [ -48.19614689653887, -21.780545525742433 ], [ -48.196149241363003, -21.780546801894545 ], [ -48.196177287685266, -21.780519695903862 ], [ -48.196216852335453, -21.780504971782452 ], [ -48.196248468216545, -21.780508085867805 ], [ -48.196274528842579, -21.7805206769706 ], [ -48.196337523638263, -21.780556765175898 ], [ -48.196449094823095, -21.780620681529644 ], [ -48.196713554881157, -21.780769116186224 ], [ -48.196978273566181, -21.780917939002009 ], [ -48.197184158154982, -21.781034311152105 ], [ -48.197386360746727, -21.781147140334802 ], [ -48.197564993604111, -21.781240291050572 ], [ -48.197666632702095, -21.781287955398525 ], [ -48.197784098068801, -21.781331146793494 ], [ -48.197823478557659, -21.78134470053158 ], [ -48.198028591667054, -21.781400176032598 ], [ -48.198179889229493, -21.781423855345228 ], [ -48.198333220253971, -21.781438312696007 ], [ -48.198400092489479, -21.781445721041038 ], [ -48.198795053724623, -21.781483923265256 ], [ -48.199255713475623, -21.781531712460385 ], [ -48.19941440982123, -21.781548482548608 ], [ -48.19953269056078, -21.781560697689578 ], [ -48.199621962543034, -21.781569533280209 ], [ -48.199727182447795, -21.781579266003444 ], [ -48.199734541088098, -21.781578641862183 ], [ -48.19974179121634, -21.78157730461389 ], [ -48.199748853650455, -21.781575268863318 ], [ -48.199755651258315, -21.781572556843912 ], [ -48.199762109800048, -21.781569198174807 ], [ -48.199768158738934, -21.781565229537577 ], [ -48.199773732014492, -21.78156069427866 ], [ -48.199776272173061, -21.781558550427253 ], [ -48.199782438757772, -21.781552671947633 ], [ -48.199788032119578, -21.781546311465743 ], [ -48.199793009281471, -21.781539517852689 ], [ -48.19979733200104, -21.781532343307916 ], [ -48.199800967064405, -21.781524842957605 ], [ -48.199803886541325, -21.781517074431392 ], [ -48.19980606799988, -21.781509097419459 ], [ -48.19983051763284, -21.781294038159619 ], [ -48.199830631332198, -21.781293163861605 ], [ -48.199837257513757, -21.78124221141552 ], [ -48.19984975608255, -21.781146102726513 ], [ -48.199851939850539, -21.781138958196191 ], [ -48.199854824397846, -21.781132021722733 ], [ -48.199858382634204, -21.781125358450002 ], [ -48.199862581142455, -21.781119030955988 ], [ -48.199867380492336, -21.781113098665134 ], [ -48.199872735610825, -21.781107617290367 ], [ -48.199875836445074, -21.781104866951082 ], [ -48.199881983877567, -21.781099963562507 ], [ -48.199888600091455, -21.781095627932508 ], [ -48.199895624668272, -21.781091899653429 ], [ -48.199902993460412, -21.781088812771674 ], [ -48.199910639176977, -21.781086395476084 ], [ -48.199918491998261, -21.78108466984111 ], [ -48.199926317650728, -21.781083665149225 ], [ -48.199939414020804, -21.781085944579701 ], [ -48.199952387669178, -21.781088854298904 ], [ -48.199965195147925, -21.781092384562157 ], [ -48.199967240635502, -21.781093037294962 ], [ -48.199967746486337, -21.781092639095444 ], [ -48.199919361482699, -21.781072403223309 ], [ -48.199859981868492, -21.781047569091847 ], [ -48.199836185895727, -21.781037616976082 ], [ -48.199739621924365, -21.781003115444932 ], [ -48.199673890367691, -21.780987956814332 ], [ -48.199535229199192, -21.780967355103478 ], [ -48.199481945205484, -21.780962119266178 ], [ -48.199329204075504, -21.780946757191813 ], [ -48.199174063256578, -21.780930234414289 ], [ -48.198955716748976, -21.780906952655705 ], [ -48.198714356542418, -21.780881063204546 ], [ -48.19832984854483, -21.780839914344195 ], [ -48.198246653552225, -21.780830792882156 ], [ -48.198238150214372, -21.780831237159774 ], [ -48.198229719738556, -21.780832398157731 ], [ -48.198221430870888, -21.780834266408718 ], [ -48.198213351202696, -21.780836826678097 ], [ -48.198205546619427, -21.780840058088181 ], [ -48.198198080763333, -21.780843934288615 ], [ -48.198191014514585, -21.780848423670914 ], [ -48.198184405494722, -21.78085348962659 ], [ -48.198178307596905, -21.780859090845425 ], [ -48.198172770546307, -21.780865181652331 ], [ -48.198167839494772, -21.780871712380105 ], [ -48.19816355465251, -21.780878629773941 ], [ -48.198161899881271, -21.780881748509337 ], [ -48.198156792168071, -21.780897350310767 ], [ -48.198094187320571, -21.780881350817658 ], [ -48.198096364525895, -21.780874860628423 ], [ -48.197964513411293, -21.780837481715526 ], [ -48.197952945963948, -21.780834202415456 ] ] ] } },
{ "type": "Feature", "properties": { "nome": "Condomínio Quinta das Laranjeiras", "LAYER": "CONDOMINIOS" }, "geometry": { "type": "Polygon", "coordinates": [ [ [ -48.197828955691087, -21.778606544939016 ], [ -48.198605149670769, -21.777998706603761 ], [ -48.198938711737526, -21.777736302009469 ], [ -48.199276038828323, -21.777476844753892 ], [ -48.19934811464136, -21.777421933165513 ], [ -48.199402527796018, -21.777380477975857 ], [ -48.199458641006842, -21.77733772753497 ], [ -48.199489912964729, -21.777313902643698 ], [ -48.199527362776493, -21.777285371065833 ], [ -48.199565325630587, -21.777244209569236 ], [ -48.199590103629696, -21.777196038431764 ], [ -48.199603176266997, -21.777110991006435 ], [ -48.199613691235754, -21.77704258305215 ], [ -48.199634598196937, -21.776982970184555 ], [ -48.199675722501773, -21.776921766927202 ], [ -48.199729465131441, -21.776871675376718 ], [ -48.199798368392742, -21.776831406189078 ], [ -48.199867751147146, -21.776809123334179 ], [ -48.199914658444953, -21.776804326276054 ], [ -48.199936509401027, -21.776801378236659 ], [ -48.199943575425031, -21.776801369022827 ], [ -48.200021906657888, -21.776810902865158 ], [ -48.200097240169129, -21.7768128698523 ], [ -48.200156390800849, -21.776795842038734 ], [ -48.200208487703406, -21.776766939202297 ], [ -48.200351020493436, -21.776657906785768 ], [ -48.200701081170543, -21.776390121749593 ], [ -48.201114721488473, -21.776073697954811 ], [ -48.201340819832943, -21.775900737661249 ], [ -48.201533771132191, -21.775753133518641 ], [ -48.2017529677657, -21.775585451498642 ], [ -48.202083399350492, -21.775332675088546 ], [ -48.202282208229967, -21.77518058775382 ], [ -48.202496281269312, -21.775025444462091 ], [ -48.202405822566853, -21.774907598839064 ], [ -48.202109237454231, -21.77452344050015 ], [ -48.20203965612049, -21.774432383586038 ], [ -48.201889423884154, -21.774235589547452 ], [ -48.201769626067254, -21.774078230252439 ], [ -48.201714009348294, -21.77400517545388 ], [ -48.201565847698866, -21.773813145948907 ], [ -48.201425918053033, -21.773630287551818 ], [ -48.20137292647636, -21.773558882969407 ], [ -48.201228382340503, -21.773369978188988 ], [ -48.201085459497122, -21.773182682109592 ], [ -48.201023286355209, -21.773101206080636 ], [ -48.200906843528529, -21.772948611265164 ], [ -48.200841709271124, -21.772993633783674 ], [ -48.200719337525712, -21.772829830257422 ], [ -48.200784988054792, -21.772785851379687 ], [ -48.200659473413893, -21.772618887789672 ], [ -48.200607041325, -21.772549147978356 ], [ -48.200472770548132, -21.772370324608133 ], [ -48.200243435513151, -21.772064540589362 ], [ -48.200125629843228, -21.771908734027949 ], [ -48.200028258131873, -21.771780705883518 ], [ -48.199991469648737, -21.771732334875772 ], [ -48.199901351297818, -21.771613843688719 ], [ -48.199840284900709, -21.771532182467777 ], [ -48.199787067745, -21.77146101758288 ], [ -48.199740246490094, -21.771398405748769 ], [ -48.199672789687817, -21.771308198871843 ], [ -48.199644262758682, -21.771270051084066 ], [ -48.199589879645309, -21.771197327063547 ], [ -48.199542494618214, -21.771133961322366 ], [ -48.199494876280184, -21.771070283522079 ], [ -48.199448582120375, -21.771008376423065 ], [ -48.199395278127341, -21.770939431290589 ], [ -48.199354267552792, -21.770886386817082 ], [ -48.199284857983208, -21.770794915907722 ], [ -48.19923901660826, -21.770734011096877 ], [ -48.199195015408876, -21.770675150756066 ], [ -48.199158086102358, -21.770625750434135 ], [ -48.199133330842386, -21.770592635309086 ], [ -48.199110151972349, -21.770561628906119 ], [ -48.19908707018746, -21.770530291718767 ], [ -48.19907245444886, -21.770510448628944 ], [ -48.199071857143188, -21.770509637587651 ], [ -48.199071844603985, -21.770509620864186 ], [ -48.199071798656796, -21.770509562229698 ], [ -48.199071469618396, -21.77050914233461 ], [ -48.199062445100815, -21.770497509764272 ], [ -48.199016522620376, -21.770438115148252 ], [ -48.198967256124824, -21.770374395431222 ], [ -48.198897124703606, -21.77027754528708 ], [ -48.198774230297524, -21.77011032769229 ], [ -48.198641409099992, -21.769931267917894 ], [ -48.198621995689763, -21.769903211399711 ], [ -48.198576562804774, -21.769837551144558 ], [ -48.198434033145013, -21.769636716808872 ], [ -48.198251130237757, -21.769841571846481 ], [ -48.197829064566065, -21.770309326282984 ], [ -48.197582645046474, -21.770567389720608 ], [ -48.197190647190531, -21.771005254844308 ], [ -48.197142432029409, -21.771074328512608 ], [ -48.197026273644106, -21.771302013874578 ], [ -48.196814699030583, -21.771711055466287 ], [ -48.19672224438262, -21.771890821544766 ], [ -48.19648597502546, -21.772349627346834 ], [ -48.196360648696789, -21.772595744619785 ], [ -48.196197198159226, -21.773004203013418 ], [ -48.196182792903429, -21.773073111685235 ], [ -48.196182789683618, -21.773146279575567 ], [ -48.196204511104838, -21.773213882392387 ], [ -48.196205262277701, -21.773215130189147 ], [ -48.196243384114247, -21.77327845553614 ], [ -48.196283304621495, -21.773319032394166 ], [ -48.196346230549544, -21.773382484366145 ], [ -48.196395948611745, -21.77345005691819 ], [ -48.196432137422534, -21.773524082364855 ], [ -48.196492007398987, -21.773678153739766 ], [ -48.196595671137963, -21.773959480905614 ], [ -48.196648776032646, -21.774091977209697 ], [ -48.196694377349289, -21.774172605687856 ], [ -48.196766699924112, -21.774301888855423 ], [ -48.196800753021741, -21.774371718698944 ], [ -48.196838542099186, -21.774440781667987 ], [ -48.196892166042964, -21.774498912261212 ], [ -48.196942505947391, -21.774543084603291 ], [ -48.19701047869588, -21.774587295560149 ], [ -48.197084507277246, -21.774615631067579 ], [ -48.197165837537227, -21.774635883176696 ], [ -48.197217918967581, -21.774639184636243 ], [ -48.197261456577174, -21.774687866830412 ], [ -48.197348617299163, -21.774788566080357 ], [ -48.197385582101354, -21.774831282025783 ], [ -48.197408010698375, -21.77485693312817 ], [ -48.197423745868335, -21.774879351173901 ], [ -48.19757651737757, -21.775052233332573 ], [ -48.19760286752858, -21.775082515583701 ], [ -48.197739815343226, -21.775239899179319 ], [ -48.19766834548799, -21.775294037898025 ], [ -48.197590223775471, -21.775352264858324 ], [ -48.19754698061908, -21.775383612400422 ], [ -48.197518389463923, -21.775408415737761 ], [ -48.197485897412044, -21.775442755532541 ], [ -48.197462353175467, -21.775473530384112 ], [ -48.197444948152111, -21.775500626909022 ], [ -48.197428476667746, -21.775531735975267 ], [ -48.197414714945047, -21.775565791632541 ], [ -48.197404210438478, -21.775602410627066 ], [ -48.197397957030546, -21.775637637231544 ], [ -48.1973952248484, -21.775675477513548 ], [ -48.197396013137428, -21.775703822158007 ], [ -48.197397925445259, -21.775724566345517 ], [ -48.197403553653707, -21.775756926796774 ], [ -48.197440396915276, -21.775877955820494 ], [ -48.197455753545434, -21.775929063520824 ], [ -48.197492276770355, -21.776050614679001 ], [ -48.197515435153335, -21.776129235979074 ], [ -48.197537339128793, -21.77620139264026 ], [ -48.197539873590458, -21.776212995882428 ], [ -48.197548830419059, -21.776254001917255 ], [ -48.197553472934736, -21.77627525621466 ], [ -48.197554481717937, -21.776284370869178 ], [ -48.197559175926678, -21.776326784426793 ], [ -48.197562169213434, -21.776353829647654 ], [ -48.197578897475822, -21.776504974303425 ], [ -48.197581181034963, -21.776584366782473 ], [ -48.197583165374368, -21.7766533563716 ], [ -48.197575627018246, -21.77681118633997 ], [ -48.197522216338207, -21.777196738314736 ], [ -48.197480064113194, -21.777493648248601 ], [ -48.197448187514965, -21.777729724145757 ], [ -48.197448475143901, -21.77773398878367 ], [ -48.197453180915012, -21.777803760654599 ], [ -48.197458590983508, -21.777883975045061 ], [ -48.197475385355055, -21.777956639909043 ], [ -48.197485623811183, -21.777982099718692 ], [ -48.197510371834134, -21.778043640208885 ], [ -48.197556250273131, -21.77812756467776 ], [ -48.197608344077402, -21.778225939609445 ], [ -48.197644516525678, -21.778322754801955 ], [ -48.197668685550511, -21.778387841309833 ], [ -48.197691899603775, -21.778435562199117 ], [ -48.197756744006007, -21.778520152920915 ], [ -48.197828955691087, -21.778606544939016 ] ] ] } },
{ "type": "Feature", "properties": { "nome": "Condomínio Residencial Altos do jaraguá", "LAYER": "CONDOMINIOS" }, "geometry": { "type": "Polygon", "coordinates": [ [ [ -48.197477811810714, -21.779255522799993 ], [ -48.197471028473792, -21.779260862392963 ], [ -48.197313976753001, -21.779384487520339 ], [ -48.197213596943556, -21.779464442311209 ], [ -48.197181484622554, -21.77949002046795 ], [ -48.197141079068608, -21.779522204340328 ], [ -48.197104508391114, -21.779551333630618 ], [ -48.197075927165372, -21.779574099144821 ], [ -48.197073178514238, -21.779574997971586 ], [ -48.197073952053245, -21.779575672360387 ], [ -48.197069217002543, -21.779579443920927 ], [ -48.197054052178345, -21.779591574280889 ], [ -48.197034298027049, -21.779607375643238 ], [ -48.197015282571542, -21.77962258611629 ], [ -48.196978781974764, -21.77965178294696 ], [ -48.196976115157554, -21.779652956644068 ], [ -48.196977097751827, -21.779653130156525 ], [ -48.19697510487542, -21.779654724257863 ], [ -48.19696346391585, -21.779664035857294 ], [ -48.196958244640754, -21.779669854058778 ], [ -48.196955888064501, -21.779673055520128 ], [ -48.196955244938252, -21.779673929221438 ], [ -48.196953640493383, -21.779676108895391 ], [ -48.196949693087078, -21.779682743834805 ], [ -48.196949432210154, -21.779683301261962 ], [ -48.196948829317989, -21.779684589487957 ], [ -48.196946438099374, -21.779689698909028 ], [ -48.196943904949656, -21.779696911256476 ], [ -48.196942116533172, -21.779704315690605 ], [ -48.196941089014075, -21.779711845288489 ], [ -48.196940941857001, -21.77971618375582 ], [ -48.196940831679477, -21.779719431996067 ], [ -48.196941346855326, -21.779727007242943 ], [ -48.196942629885456, -21.77973450256254 ], [ -48.196944208247864, -21.779740417103387 ], [ -48.196952001244014, -21.779762403096807 ], [ -48.196974301644012, -21.779825318076693 ], [ -48.197001670160702, -21.779879838922202 ], [ -48.197036486896614, -21.779932274714604 ], [ -48.197038616596402, -21.779935482150542 ], [ -48.197071359488561, -21.779977269622012 ], [ -48.197127311033753, -21.780035046311518 ], [ -48.1971580962256, -21.780062348158292 ], [ -48.19717396386433, -21.780073119143054 ], [ -48.197204299367741, -21.780093710934946 ], [ -48.197283998146595, -21.780140333873248 ], [ -48.19732224895759, -21.780162710167936 ], [ -48.197397821714638, -21.780205074930905 ], [ -48.19751969248415, -21.780273393429123 ], [ -48.197520586209485, -21.780273894434508 ], [ -48.197634663669042, -21.780337610042356 ], [ -48.197749311536093, -21.780401644110228 ], [ -48.19789670151215, -21.78048383442194 ], [ -48.19789763198785, -21.780484311934988 ], [ -48.197904342753446, -21.780487286525137 ], [ -48.197911352890742, -21.780489598435121 ], [ -48.197918587396664, -21.780491222929395 ], [ -48.197925968867551, -21.780492142627022 ], [ -48.197933418327317, -21.780492347688025 ], [ -48.197940856072449, -21.780491835918269 ], [ -48.197948202524778, -21.780490612793397 ], [ -48.197955379082892, -21.780488691399771 ], [ -48.197962308964428, -21.780486092297991 ], [ -48.197964476708968, -21.780485217196315 ], [ -48.197971700333554, -21.780481795766985 ], [ -48.197978544807988, -21.780477749362998 ], [ -48.197981057839833, -21.780475930417591 ], [ -48.19798494787085, -21.780473114792944 ], [ -48.197990851276067, -21.780467934215682 ], [ -48.197993399859335, -21.780465228711549 ], [ -48.197999597888767, -21.780470781722908 ], [ -48.198030557657155, -21.780479955308454 ], [ -48.198066381092907, -21.780373655638318 ], [ -48.198100720375137, -21.780383397302263 ], [ -48.198077580820289, -21.780454682985621 ], [ -48.19822735575714, -21.780497490139091 ], [ -48.198222261102167, -21.780511236274119 ], [ -48.198220810121967, -21.780518405674297 ], [ -48.198220111275681, -21.780525680107392 ], [ -48.19822017136898, -21.78053298873332 ], [ -48.198220989816761, -21.780540260378782 ], [ -48.198222558648915, -21.780547424230839 ], [ -48.19822486258473, -21.780554410526697 ], [ -48.198224913801255, -21.780554556848198 ], [ -48.198227759912442, -21.780561543119806 ], [ -48.198231305405734, -21.780568294175044 ], [ -48.198235519041383, -21.780574750529446 ], [ -48.198240363692527, -21.780580855295145 ], [ -48.19824579667231, -21.780586554682145 ], [ -48.198251770110033, -21.780591798472322 ], [ -48.198258231372918, -21.780596540461755 ], [ -48.19826512352985, -21.780600738868142 ], [ -48.198272385853059, -21.780604356698689 ], [ -48.198279954353119, -21.780607362076118 ], [ -48.198287762342879, -21.780609728519554 ], [ -48.198295741024957, -21.780611435177885 ], [ -48.198371483078574, -21.780619464126001 ], [ -48.198663959538933, -21.780650342012081 ], [ -48.199573852646232, -21.780746091823907 ], [ -48.199593225015654, -21.780749600655025 ], [ -48.199451342953722, -21.779860197472573 ], [ -48.199296843294469, -21.778942268470601 ], [ -48.199186021713665, -21.778344785877565 ], [ -48.199119916573473, -21.777957005107215 ], [ -48.198704858541909, -21.778286781512037 ], [ -48.198600782177856, -21.778369234789803 ], [ -48.198513606327978, -21.778438298701399 ], [ -48.198458456606794, -21.77848193388559 ], [ -48.198359755187823, -21.778560007258665 ], [ -48.198274734115934, -21.778627259277275 ], [ -48.198214791983865, -21.778674627283152 ], [ -48.1981432169299, -21.778731125505523 ], [ -48.198081053149977, -21.778780194410476 ], [ -48.197985153247899, -21.778855892763261 ], [ -48.1978825506378, -21.778936881721421 ], [ -48.197819660364381, -21.778986431272376 ], [ -48.197729853621198, -21.779057124257108 ], [ -48.197654280382828, -21.779116612985547 ], [ -48.197584958896094, -21.77917118046496 ], [ -48.197477811810714, -21.779255522799993 ] ] ] } }
]
}
